2025-04-22 21:24:25.533 [main] INFO  com.example.auth.AuthApplication - Starting AuthApplication using Java 17.0.12 with PID 90500 (C:\Users\37602\Desktop\项目\Manage_supervision\Manage_supervision\backend\target\classes started by 37602 in C:\Users\37602\Desktop\项目\Manage_supervision)
2025-04-22 21:24:25.536 [main] INFO  com.example.auth.AuthApplication - No active profile set, falling back to 1 default profile: "default"
2025-04-22 21:24:25.999 [main] INFO  o.s.d.r.c.RepositoryConfigurationDelegate - Bootstrapping Spring Data JPA repositories in DEFAULT mode.
2025-04-22 21:24:26.081 [main] INFO  o.s.d.r.c.RepositoryConfigurationDelegate - Finished Spring Data repository scanning in 75 ms. Found 10 JPA repository interfaces.
2025-04-22 21:24:26.395 [main] INFO  o.s.b.w.e.tomcat.TomcatWebServer - Tomcat initialized with port 8081 (http)
2025-04-22 21:24:26.402 [main] INFO  o.a.coyote.http11.Http11NioProtocol - Initializing ProtocolHandler ["http-nio-8081"]
2025-04-22 21:24:26.403 [main] INFO  o.a.catalina.core.StandardService - Starting service [Tomcat]
2025-04-22 21:24:26.403 [main] INFO  o.a.catalina.core.StandardEngine - Starting Servlet engine: [Apache Tomcat/10.1.19]
2025-04-22 21:24:26.440 [main] INFO  o.a.c.c.C.[Tomcat].[localhost].[/] - Initializing Spring embedded WebApplicationContext
2025-04-22 21:24:26.441 [main] INFO  o.s.b.w.s.c.ServletWebServerApplicationContext - Root WebApplicationContext: initialization completed in 878 ms
2025-04-22 21:24:26.535 [main] INFO  o.h.jpa.internal.util.LogHelper - HHH000204: Processing PersistenceUnitInfo [name: default]
2025-04-22 21:24:26.569 [main] INFO  org.hibernate.Version - HHH000412: Hibernate ORM core version 6.4.4.Final
2025-04-22 21:24:26.591 [main] INFO  o.h.c.i.RegionFactoryInitiator - HHH000026: Second-level cache disabled
2025-04-22 21:24:26.752 [main] INFO  com.zaxxer.hikari.HikariDataSource - HikariPool-1 - Starting...
2025-04-22 21:24:27.312 [main] INFO  com.zaxxer.hikari.pool.HikariPool - HikariPool-1 - Added connection com.mysql.cj.jdbc.ConnectionImpl@425b5fe2
2025-04-22 21:24:27.314 [main] INFO  com.zaxxer.hikari.HikariDataSource - HikariPool-1 - Start completed.
2025-04-22 21:24:27.404 [main] WARN  org.hibernate.orm.deprecation - HHH90000025: MySQL8Dialect does not need to be specified explicitly using 'hibernate.dialect' (remove the property setting and it will be selected by default)
2025-04-22 21:24:27.405 [main] WARN  org.hibernate.orm.deprecation - HHH90000026: MySQL8Dialect has been deprecated; use org.hibernate.dialect.MySQLDialect instead
2025-04-22 21:24:28.064 [main] INFO  o.h.e.t.j.p.i.JtaPlatformInitiator - HHH000489: No JTA platform available (set 'hibernate.transaction.jta.platform' to enable JTA platform integration)
2025-04-22 21:24:29.638 [main] INFO  o.s.d.j.r.query.QueryEnhancerFactory - Hibernate is in classpath; If applicable, HQL parser will be used.
2025-04-22 21:24:30.979 [main] INFO  c.e.auth.config.WebSocketConfig - 配置WebSocket客户端入站通道拦截器
2025-04-22 21:24:30.981 [main] INFO  c.e.auth.config.WebSocketConfig - WebSocket客户端入站通道拦截器配置完成
2025-04-22 21:24:30.988 [main] INFO  c.e.auth.config.WebSocketConfig - 配置WebSocket消息代理
2025-04-22 21:24:30.988 [main] INFO  c.e.auth.config.WebSocketConfig - WebSocket消息代理配置完成
2025-04-22 21:24:31.154 [main] INFO  c.e.auth.config.WebSocketConfig - 注册WebSocket端点: /ws
2025-04-22 21:24:31.189 [main] WARN  o.s.b.a.o.j.JpaBaseConfiguration$JpaWebConfiguration - spring.jpa.open-in-view is enabled by default. Therefore, database queries may be performed during view rendering. Explicitly configure spring.jpa.open-in-view to disable this warning
2025-04-22 21:24:31.235 [main] INFO  com.example.auth.config.WebConfig - 配置拦截器，验证用户权限
2025-04-22 21:24:31.238 [main] INFO  com.example.auth.config.WebConfig - 配置CORS，允许前端访问
2025-04-22 21:24:31.238 [main] INFO  com.example.auth.config.WebConfig - CORS配置完成，允许所有来源访问
2025-04-22 21:24:31.284 [main] INFO  com.example.auth.config.WebConfig - 配置资源映射: /uploads/** -> file:C:\Users\37602\Desktop\项目\Manage_supervision\uploads/
2025-04-22 21:24:31.370 [main] INFO  o.a.coyote.http11.Http11NioProtocol - Starting ProtocolHandler ["http-nio-8081"]
2025-04-22 21:24:31.381 [main] INFO  o.s.b.w.e.tomcat.TomcatWebServer - Tomcat started on port 8081 (http) with context path ''
2025-04-22 21:24:31.382 [main] INFO  o.s.m.s.b.SimpleBrokerMessageHandler - Starting...
2025-04-22 21:24:31.382 [main] INFO  o.s.m.s.b.SimpleBrokerMessageHandler - BrokerAvailabilityEvent[available=true, SimpleBrokerMessageHandler [org.springframework.messaging.simp.broker.DefaultSubscriptionRegistry@d7da0ae]]
2025-04-22 21:24:31.383 [main] INFO  o.s.m.s.b.SimpleBrokerMessageHandler - Started.
2025-04-22 21:24:31.387 [main] INFO  com.example.auth.AuthApplication - Started AuthApplication in 6.228 seconds (process running for 6.601)
2025-04-22 21:24:32.789 [http-nio-8081-exec-3] INFO  o.a.c.c.C.[Tomcat].[localhost].[/] - Initializing Spring DispatcherServlet 'dispatcherServlet'
2025-04-22 21:24:32.789 [http-nio-8081-exec-3] INFO  o.s.web.servlet.DispatcherServlet - Initializing Servlet 'dispatcherServlet'
2025-04-22 21:24:32.792 [http-nio-8081-exec-3] INFO  o.s.web.servlet.DispatcherServlet - Completed initialization in 2 ms
2025-04-22 21:24:33.192 [http-nio-8081-exec-4] INFO  c.e.auth.config.WebSocketConfig - 收到STOMP CONNECT命令
2025-04-22 21:24:33.192 [http-nio-8081-exec-9] INFO  c.e.auth.config.WebSocketConfig - 收到STOMP CONNECT命令
2025-04-22 21:24:33.192 [http-nio-8081-exec-4] INFO  c.e.auth.config.WebSocketConfig - 从WebSocket连接中提取到JWT Token: eyJhbGciOi...
2025-04-22 21:24:33.192 [http-nio-8081-exec-9] INFO  c.e.auth.config.WebSocketConfig - 从WebSocket连接中提取到JWT Token: eyJhbGciOi...
2025-04-22 21:24:33.266 [http-nio-8081-exec-4] INFO  c.e.auth.config.WebSocketConfig - 从JWT Token提取的用户ID: 1
2025-04-22 21:24:33.266 [http-nio-8081-exec-9] INFO  c.e.auth.config.WebSocketConfig - 从JWT Token提取的用户ID: 2
2025-04-22 21:24:33.266 [http-nio-8081-exec-9] INFO  c.e.auth.config.WebSocketConfig - WebSocket连接成功设置用户ID为Principal: 2
2025-04-22 21:24:33.266 [http-nio-8081-exec-4] INFO  c.e.auth.config.WebSocketConfig - WebSocket连接成功设置用户ID为Principal: 1
2025-04-22 21:24:40.462 [http-nio-8081-exec-9] INFO  c.e.a.c.SupervisorController - Supervisor requested their assigned students list, ID: 2
2025-04-22 21:24:40.463 [http-nio-8081-exec-9] INFO  c.e.a.service.impl.UserServiceImpl - 获取教师ID为2的学生列表
2025-04-22 21:24:40.745 [http-nio-8081-exec-3] INFO  c.e.auth.config.WebSocketConfig - 收到STOMP CONNECT命令
2025-04-22 21:24:40.746 [http-nio-8081-exec-3] INFO  c.e.auth.config.WebSocketConfig - 从WebSocket连接中提取到JWT Token: eyJhbGciOi...
2025-04-22 21:24:40.746 [http-nio-8081-exec-3] INFO  c.e.auth.config.WebSocketConfig - 从JWT Token提取的用户ID: 1
2025-04-22 21:24:40.747 [http-nio-8081-exec-3] INFO  c.e.auth.config.WebSocketConfig - WebSocket连接成功设置用户ID为Principal: 1
2025-04-22 21:24:40.792 [http-nio-8081-exec-10] INFO  c.e.auth.config.WebSocketConfig - 收到STOMP CONNECT命令
2025-04-22 21:24:40.793 [http-nio-8081-exec-10] INFO  c.e.auth.config.WebSocketConfig - 从WebSocket连接中提取到JWT Token: eyJhbGciOi...
2025-04-22 21:24:40.794 [http-nio-8081-exec-10] INFO  c.e.auth.config.WebSocketConfig - 从JWT Token提取的用户ID: 2
2025-04-22 21:24:40.795 [http-nio-8081-exec-10] INFO  c.e.auth.config.WebSocketConfig - WebSocket连接成功设置用户ID为Principal: 2
2025-04-22 21:25:03.186 [http-nio-8081-exec-4] INFO  c.e.a.service.impl.UserServiceImpl - 尝试注册用户: 444
2025-04-22 21:25:03.857 [http-nio-8081-exec-4] INFO  c.e.a.service.impl.UserServiceImpl - 用户 444 注册成功，学号: S25796652
2025-04-22 21:25:10.766 [http-nio-8081-exec-2] INFO  c.e.a.service.impl.UserServiceImpl - 尝试注册用户: 555
2025-04-22 21:25:11.389 [http-nio-8081-exec-2] INFO  c.e.a.service.impl.UserServiceImpl - 用户 555 注册成功，学号: S25801225
2025-04-22 21:25:16.556 [http-nio-8081-exec-10] INFO  c.e.a.service.impl.UserServiceImpl - 尝试注册用户: 666
2025-04-22 21:25:17.201 [http-nio-8081-exec-10] INFO  c.e.a.service.impl.UserServiceImpl - 用户 666 注册成功，学号: S25130985
2025-04-22 21:25:20.004 [http-nio-8081-exec-8] INFO  c.e.a.c.SupervisorController - Supervisor requested their assigned students list, ID: 2
2025-04-22 21:25:20.004 [http-nio-8081-exec-8] INFO  c.e.a.service.impl.UserServiceImpl - 获取教师ID为2的学生列表
2025-04-22 21:25:20.268 [http-nio-8081-exec-2] INFO  c.e.auth.config.WebSocketConfig - 收到STOMP CONNECT命令
2025-04-22 21:25:20.268 [http-nio-8081-exec-2] INFO  c.e.auth.config.WebSocketConfig - 从WebSocket连接中提取到JWT Token: eyJhbGciOi...
2025-04-22 21:25:20.270 [http-nio-8081-exec-2] INFO  c.e.auth.config.WebSocketConfig - 从JWT Token提取的用户ID: 2
2025-04-22 21:25:20.270 [http-nio-8081-exec-2] INFO  c.e.auth.config.WebSocketConfig - WebSocket连接成功设置用户ID为Principal: 2
2025-04-22 21:25:25.776 [http-nio-8081-exec-2] INFO  c.e.auth.config.WebSocketConfig - 收到STOMP CONNECT命令
2025-04-22 21:25:25.776 [http-nio-8081-exec-2] INFO  c.e.auth.config.WebSocketConfig - 从WebSocket连接中提取到JWT Token: eyJhbGciOi...
2025-04-22 21:25:25.777 [http-nio-8081-exec-2] INFO  c.e.auth.config.WebSocketConfig - 从JWT Token提取的用户ID: 1
2025-04-22 21:25:25.777 [http-nio-8081-exec-2] INFO  c.e.auth.config.WebSocketConfig - WebSocket连接成功设置用户ID为Principal: 1
2025-04-22 21:25:31.381 [MessageBroker-1] INFO  o.s.w.s.c.WebSocketMessageBrokerStats - WebSocketSession[2 current WS(2)-HttpStream(0)-HttpPoll(0), 6 total, 0 closed abnormally (0 connect failure, 0 send limit, 0 transport error)], stompSubProtocol[processed CONNECT(6)-CONNECTED(6)-DISCONNECT(1)], stompBrokerRelay[null], inboundChannel[pool size = 28, active threads = 0, queued tasks = 0, completed tasks = 87], outboundChannel[pool size = 11, active threads = 0, queued tasks = 0, completed tasks = 11], sockJsScheduler[pool size = 14, active threads = 1, queued tasks = 3, completed tasks = 13]
2025-04-22 21:26:51.397 [http-nio-8081-exec-8] INFO  c.e.a.c.SupervisorController - Supervisor requested their assigned students list, ID: 2
2025-04-22 21:26:51.398 [http-nio-8081-exec-8] INFO  c.e.a.service.impl.UserServiceImpl - 获取教师ID为2的学生列表
2025-04-22 21:26:51.648 [http-nio-8081-exec-7] INFO  c.e.auth.config.WebSocketConfig - 收到STOMP CONNECT命令
2025-04-22 21:26:51.648 [http-nio-8081-exec-7] INFO  c.e.auth.config.WebSocketConfig - 从WebSocket连接中提取到JWT Token: eyJhbGciOi...
2025-04-22 21:26:51.649 [http-nio-8081-exec-7] INFO  c.e.auth.config.WebSocketConfig - 从JWT Token提取的用户ID: 2
2025-04-22 21:26:51.649 [http-nio-8081-exec-7] INFO  c.e.auth.config.WebSocketConfig - WebSocket连接成功设置用户ID为Principal: 2
2025-04-22 21:28:07.205 [http-nio-8081-exec-8] INFO  c.e.a.c.SupervisorController - Supervisor requested their assigned students list, ID: 2
2025-04-22 21:28:07.205 [http-nio-8081-exec-8] INFO  c.e.a.service.impl.UserServiceImpl - 获取教师ID为2的学生列表
2025-04-22 21:28:37.518 [http-nio-8081-exec-1] INFO  c.e.a.c.SupervisorController - Supervisor requested their assigned students list, ID: 2
2025-04-22 21:28:37.518 [http-nio-8081-exec-1] INFO  c.e.a.service.impl.UserServiceImpl - 获取教师ID为2的学生列表
2025-04-22 21:28:37.797 [http-nio-8081-exec-6] INFO  c.e.auth.config.WebSocketConfig - 收到STOMP CONNECT命令
2025-04-22 21:28:37.798 [http-nio-8081-exec-6] INFO  c.e.auth.config.WebSocketConfig - 从WebSocket连接中提取到JWT Token: eyJhbGciOi...
2025-04-22 21:28:37.798 [http-nio-8081-exec-6] INFO  c.e.auth.config.WebSocketConfig - 从JWT Token提取的用户ID: 2
2025-04-22 21:28:37.798 [http-nio-8081-exec-6] INFO  c.e.auth.config.WebSocketConfig - WebSocket连接成功设置用户ID为Principal: 2
2025-04-22 21:28:44.662 [http-nio-8081-exec-9] INFO  c.e.a.c.SupervisorController - Supervisor requested their assigned students list, ID: 2
2025-04-22 21:28:44.663 [http-nio-8081-exec-9] INFO  c.e.a.service.impl.UserServiceImpl - 获取教师ID为2的学生列表
2025-04-22 21:28:59.093 [http-nio-8081-exec-7] INFO  c.e.a.c.SupervisorController - Supervisor requested their assigned students list, ID: 2
2025-04-22 21:28:59.093 [http-nio-8081-exec-7] INFO  c.e.a.service.impl.UserServiceImpl - 获取教师ID为2的学生列表
2025-04-22 21:28:59.473 [http-nio-8081-exec-4] INFO  c.e.auth.config.WebSocketConfig - 收到STOMP CONNECT命令
2025-04-22 21:28:59.473 [http-nio-8081-exec-4] INFO  c.e.auth.config.WebSocketConfig - 从WebSocket连接中提取到JWT Token: eyJhbGciOi...
2025-04-22 21:28:59.474 [http-nio-8081-exec-4] INFO  c.e.auth.config.WebSocketConfig - 从JWT Token提取的用户ID: 2
2025-04-22 21:28:59.474 [http-nio-8081-exec-4] INFO  c.e.auth.config.WebSocketConfig - WebSocket连接成功设置用户ID为Principal: 2
2025-04-22 21:29:22.379 [http-nio-8081-exec-5] WARN  o.s.w.s.m.s.DefaultHandlerExceptionResolver - Resolved [org.springframework.web.HttpRequestMethodNotSupportedException: Request method 'GET' is not supported]
2025-04-22 21:29:49.964 [http-nio-8081-exec-3] WARN  o.s.w.s.m.s.DefaultHandlerExceptionResolver - Resolved [org.springframework.web.HttpRequestMethodNotSupportedException: Request method 'GET' is not supported]
2025-04-22 21:31:53.301 [http-nio-8081-exec-10] INFO  c.e.a.c.SupervisorController - Supervisor requested their assigned students list, ID: 2
2025-04-22 21:31:53.303 [http-nio-8081-exec-10] INFO  c.e.a.service.impl.UserServiceImpl - 获取教师ID为2的学生列表
2025-04-22 21:31:59.364 [http-nio-8081-exec-7] INFO  c.e.a.c.SupervisorController - Supervisor requested their assigned students list, ID: 2
2025-04-22 21:31:59.364 [http-nio-8081-exec-7] INFO  c.e.a.service.impl.UserServiceImpl - 获取教师ID为2的学生列表
2025-04-22 21:32:00.220 [http-nio-8081-exec-8] INFO  c.e.auth.config.WebSocketConfig - 收到STOMP CONNECT命令
2025-04-22 21:32:00.221 [http-nio-8081-exec-8] INFO  c.e.auth.config.WebSocketConfig - 从WebSocket连接中提取到JWT Token: eyJhbGciOi...
2025-04-22 21:32:00.221 [http-nio-8081-exec-8] INFO  c.e.auth.config.WebSocketConfig - 从JWT Token提取的用户ID: 2
2025-04-22 21:32:00.221 [http-nio-8081-exec-8] INFO  c.e.auth.config.WebSocketConfig - WebSocket连接成功设置用户ID为Principal: 2
2025-04-22 21:32:08.137 [http-nio-8081-exec-1] WARN  o.s.w.s.m.s.DefaultHandlerExceptionResolver - Resolved [org.springframework.web.HttpRequestMethodNotSupportedException: Request method 'GET' is not supported]
2025-04-22 21:33:15.480 [http-nio-8081-exec-4] INFO  c.e.a.c.SupervisorController - Supervisor requested their assigned students list, ID: 2
2025-04-22 21:33:15.481 [http-nio-8081-exec-4] INFO  c.e.a.service.impl.UserServiceImpl - 获取教师ID为2的学生列表
2025-04-22 21:33:34.116 [http-nio-8081-exec-9] INFO  c.e.a.c.SupervisorController - Supervisor requested their assigned students list, ID: 2
2025-04-22 21:33:34.116 [http-nio-8081-exec-9] INFO  c.e.a.service.impl.UserServiceImpl - 获取教师ID为2的学生列表
2025-04-22 21:33:51.502 [http-nio-8081-exec-5] INFO  c.e.a.c.SupervisorController - Supervisor requested student details, ID: 3
2025-04-22 21:33:51.502 [http-nio-8081-exec-5] INFO  c.e.a.service.impl.UserServiceImpl - 获取学生详情, ID: 3
2025-04-22 21:35:09.352 [http-nio-8081-exec-2] INFO  c.e.a.c.SupervisorController - Supervisor requested their assigned students list, ID: 2
2025-04-22 21:35:09.352 [http-nio-8081-exec-2] INFO  c.e.a.service.impl.UserServiceImpl - 获取教师ID为2的学生列表
2025-04-22 21:35:35.219 [http-nio-8081-exec-3] INFO  c.e.a.c.SupervisorController - Supervisor requested student details, ID: 3
2025-04-22 21:35:35.219 [http-nio-8081-exec-3] INFO  c.e.a.service.impl.UserServiceImpl - 获取学生详情, ID: 3
2025-04-22 21:35:41.605 [http-nio-8081-exec-7] INFO  c.e.a.c.SupervisorController - Supervisor requested student details, ID: 4
2025-04-22 21:35:41.605 [http-nio-8081-exec-7] INFO  c.e.a.service.impl.UserServiceImpl - 获取学生详情, ID: 4
2025-04-22 21:36:03.697 [http-nio-8081-exec-8] INFO  c.e.a.c.SupervisorController - Supervisor requested student details, ID: 4
2025-04-22 21:36:03.697 [http-nio-8081-exec-8] INFO  c.e.a.service.impl.UserServiceImpl - 获取学生详情, ID: 4
2025-04-22 21:37:48.650 [http-nio-8081-exec-6] INFO  c.e.a.c.SupervisorController - Supervisor requested their assigned students list, ID: 2
2025-04-22 21:37:48.652 [http-nio-8081-exec-6] INFO  c.e.a.service.impl.UserServiceImpl - 获取教师ID为2的学生列表
2025-04-22 21:37:52.217 [http-nio-8081-exec-10] INFO  c.e.a.c.SupervisorController - Supervisor requested student details, ID: 3
2025-04-22 21:37:52.217 [http-nio-8081-exec-10] INFO  c.e.a.service.impl.UserServiceImpl - 获取学生详情, ID: 3
2025-04-27 21:37:19.016 [main] INFO  com.example.auth.AuthApplication - Starting AuthApplication using Java 17.0.12 with PID 40072 (C:\Users\37602\Desktop\f_e\Manage_supervision\backend\target\classes started by 37602 in C:\Users\37602\Desktop\f_e)
2025-04-27 21:37:19.018 [main] INFO  com.example.auth.AuthApplication - No active profile set, falling back to 1 default profile: "default"
2025-04-27 21:37:19.489 [main] INFO  o.s.d.r.c.RepositoryConfigurationDelegate - Bootstrapping Spring Data JPA repositories in DEFAULT mode.
2025-04-27 21:37:19.556 [main] INFO  o.s.d.r.c.RepositoryConfigurationDelegate - Finished Spring Data repository scanning in 62 ms. Found 10 JPA repository interfaces.
2025-04-27 21:37:19.912 [main] INFO  o.s.b.w.e.tomcat.TomcatWebServer - Tomcat initialized with port 8081 (http)
2025-04-27 21:37:19.920 [main] INFO  o.a.coyote.http11.Http11NioProtocol - Initializing ProtocolHandler ["http-nio-8081"]
2025-04-27 21:37:19.921 [main] INFO  o.a.catalina.core.StandardService - Starting service [Tomcat]
2025-04-27 21:37:19.921 [main] INFO  o.a.catalina.core.StandardEngine - Starting Servlet engine: [Apache Tomcat/10.1.19]
2025-04-27 21:37:19.959 [main] INFO  o.a.c.c.C.[Tomcat].[localhost].[/] - Initializing Spring embedded WebApplicationContext
2025-04-27 21:37:19.959 [main] INFO  o.s.b.w.s.c.ServletWebServerApplicationContext - Root WebApplicationContext: initialization completed in 912 ms
2025-04-27 21:37:20.050 [main] INFO  o.h.jpa.internal.util.LogHelper - HHH000204: Processing PersistenceUnitInfo [name: default]
2025-04-27 21:37:20.093 [main] INFO  org.hibernate.Version - HHH000412: Hibernate ORM core version 6.4.4.Final
2025-04-27 21:37:20.122 [main] INFO  o.h.c.i.RegionFactoryInitiator - HHH000026: Second-level cache disabled
2025-04-27 21:37:20.318 [main] INFO  com.zaxxer.hikari.HikariDataSource - HikariPool-1 - Starting...
2025-04-27 21:37:20.922 [main] INFO  com.zaxxer.hikari.pool.HikariPool - HikariPool-1 - Added connection com.mysql.cj.jdbc.ConnectionImpl@11bdab37
2025-04-27 21:37:20.924 [main] INFO  com.zaxxer.hikari.HikariDataSource - HikariPool-1 - Start completed.
2025-04-27 21:37:21.000 [main] WARN  org.hibernate.orm.deprecation - HHH90000025: MySQL8Dialect does not need to be specified explicitly using 'hibernate.dialect' (remove the property setting and it will be selected by default)
2025-04-27 21:37:21.001 [main] WARN  org.hibernate.orm.deprecation - HHH90000026: MySQL8Dialect has been deprecated; use org.hibernate.dialect.MySQLDialect instead
2025-04-27 21:37:21.669 [main] INFO  o.h.e.t.j.p.i.JtaPlatformInitiator - HHH000489: No JTA platform available (set 'hibernate.transaction.jta.platform' to enable JTA platform integration)
2025-04-27 21:37:23.322 [main] INFO  o.s.d.j.r.query.QueryEnhancerFactory - Hibernate is in classpath; If applicable, HQL parser will be used.
2025-04-27 21:37:24.866 [main] INFO  c.e.auth.config.WebSocketConfig - 配置WebSocket客户端入站通道拦截器
2025-04-27 21:37:24.868 [main] INFO  c.e.auth.config.WebSocketConfig - WebSocket客户端入站通道拦截器配置完成
2025-04-27 21:37:24.876 [main] INFO  c.e.auth.config.WebSocketConfig - 配置WebSocket消息代理
2025-04-27 21:37:24.877 [main] INFO  c.e.auth.config.WebSocketConfig - WebSocket消息代理配置完成
2025-04-27 21:37:25.026 [main] INFO  c.e.auth.config.WebSocketConfig - 注册WebSocket端点: /ws
2025-04-27 21:37:25.062 [main] WARN  o.s.b.a.o.j.JpaBaseConfiguration$JpaWebConfiguration - spring.jpa.open-in-view is enabled by default. Therefore, database queries may be performed during view rendering. Explicitly configure spring.jpa.open-in-view to disable this warning
2025-04-27 21:37:25.114 [main] INFO  com.example.auth.config.WebConfig - 配置拦截器，验证用户权限
2025-04-27 21:37:25.116 [main] INFO  com.example.auth.config.WebConfig - 配置CORS，允许前端访问
2025-04-27 21:37:25.117 [main] INFO  com.example.auth.config.WebConfig - CORS配置完成，允许所有来源访问
2025-04-27 21:37:25.170 [main] INFO  com.example.auth.config.WebConfig - 配置资源映射: /uploads/** -> file:C:\Users\37602\Desktop\f_e\uploads/
2025-04-27 21:37:25.263 [main] INFO  o.a.coyote.http11.Http11NioProtocol - Starting ProtocolHandler ["http-nio-8081"]
2025-04-27 21:37:25.276 [main] INFO  o.s.b.w.e.tomcat.TomcatWebServer - Tomcat started on port 8081 (http) with context path ''
2025-04-27 21:37:25.276 [main] INFO  o.s.m.s.b.SimpleBrokerMessageHandler - Starting...
2025-04-27 21:37:25.278 [main] INFO  o.s.m.s.b.SimpleBrokerMessageHandler - BrokerAvailabilityEvent[available=true, SimpleBrokerMessageHandler [org.springframework.messaging.simp.broker.DefaultSubscriptionRegistry@1c14a767]]
2025-04-27 21:37:25.278 [main] INFO  o.s.m.s.b.SimpleBrokerMessageHandler - Started.
2025-04-27 21:37:25.280 [main] INFO  com.example.auth.AuthApplication - Started AuthApplication in 6.638 seconds (process running for 7.159)
2025-04-27 21:38:11.986 [http-nio-8081-exec-1] INFO  o.a.c.c.C.[Tomcat].[localhost].[/] - Initializing Spring DispatcherServlet 'dispatcherServlet'
2025-04-27 21:38:11.987 [http-nio-8081-exec-1] INFO  o.s.web.servlet.DispatcherServlet - Initializing Servlet 'dispatcherServlet'
2025-04-27 21:38:11.988 [http-nio-8081-exec-1] INFO  o.s.web.servlet.DispatcherServlet - Completed initialization in 1 ms
2025-04-27 21:38:17.710 [http-nio-8081-exec-2] INFO  c.e.a.service.impl.UserServiceImpl - 尝试注册用户: 1
2025-04-27 21:38:18.403 [http-nio-8081-exec-2] INFO  c.e.a.service.impl.UserServiceImpl - 用户 1 注册成功，学号: S25888652
2025-04-27 21:38:25.272 [MessageBroker-1] INFO  o.s.w.s.c.WebSocketMessageBrokerStats - WebSocketSession[0 current WS(0)-HttpStream(0)-HttpPoll(0), 0 total, 0 closed abnormally (0 connect failure, 0 send limit, 0 transport error)], stompSubProtocol[processed CONNECT(0)-CONNECTED(0)-DISCONNECT(0)], stompBrokerRelay[null], inboundChannel[pool size = 0, active threads = 0, queued tasks = 0, completed tasks = 0], outboundChannel[pool size = 0, active threads = 0, queued tasks = 0, completed tasks = 0], sockJsScheduler[pool size = 1, active threads = 1, queued tasks = 0, completed tasks = 0]
2025-04-27 21:41:20.900 [SpringApplicationShutdownHook] INFO  o.s.m.s.b.SimpleBrokerMessageHandler - Stopping...
2025-04-27 21:41:20.902 [SpringApplicationShutdownHook] INFO  o.s.m.s.b.SimpleBrokerMessageHandler - BrokerAvailabilityEvent[available=false, SimpleBrokerMessageHandler [org.springframework.messaging.simp.broker.DefaultSubscriptionRegistry@1c14a767]]
2025-04-27 21:41:20.902 [SpringApplicationShutdownHook] INFO  o.s.m.s.b.SimpleBrokerMessageHandler - Stopped.
2025-04-27 21:41:20.929 [SpringApplicationShutdownHook] INFO  com.zaxxer.hikari.HikariDataSource - HikariPool-1 - Shutdown initiated...
2025-04-27 21:41:20.941 [SpringApplicationShutdownHook] INFO  com.zaxxer.hikari.HikariDataSource - HikariPool-1 - Shutdown completed.
2025-04-27 21:41:24.212 [main] INFO  com.example.auth.AuthApplication - Starting AuthApplication using Java 17.0.12 with PID 44904 (C:\Users\37602\Desktop\f_e\Manage_supervision\backend\target\classes started by 37602 in C:\Users\37602\Desktop\f_e)
2025-04-27 21:41:24.215 [main] INFO  com.example.auth.AuthApplication - No active profile set, falling back to 1 default profile: "default"
2025-04-27 21:41:24.720 [main] INFO  o.s.d.r.c.RepositoryConfigurationDelegate - Bootstrapping Spring Data JPA repositories in DEFAULT mode.
2025-04-27 21:41:24.791 [main] INFO  o.s.d.r.c.RepositoryConfigurationDelegate - Finished Spring Data repository scanning in 65 ms. Found 10 JPA repository interfaces.
2025-04-27 21:41:25.173 [main] INFO  o.s.b.w.e.tomcat.TomcatWebServer - Tomcat initialized with port 8081 (http)
2025-04-27 21:41:25.181 [main] INFO  o.a.coyote.http11.Http11NioProtocol - Initializing ProtocolHandler ["http-nio-8081"]
2025-04-27 21:41:25.182 [main] INFO  o.a.catalina.core.StandardService - Starting service [Tomcat]
2025-04-27 21:41:25.183 [main] INFO  o.a.catalina.core.StandardEngine - Starting Servlet engine: [Apache Tomcat/10.1.19]
2025-04-27 21:41:25.229 [main] INFO  o.a.c.c.C.[Tomcat].[localhost].[/] - Initializing Spring embedded WebApplicationContext
2025-04-27 21:41:25.229 [main] INFO  o.s.b.w.s.c.ServletWebServerApplicationContext - Root WebApplicationContext: initialization completed in 981 ms
2025-04-27 21:41:25.330 [main] INFO  o.h.jpa.internal.util.LogHelper - HHH000204: Processing PersistenceUnitInfo [name: default]
2025-04-27 21:41:25.378 [main] INFO  org.hibernate.Version - HHH000412: Hibernate ORM core version 6.4.4.Final
2025-04-27 21:41:25.422 [main] INFO  o.h.c.i.RegionFactoryInitiator - HHH000026: Second-level cache disabled
2025-04-27 21:41:25.649 [main] INFO  com.zaxxer.hikari.HikariDataSource - HikariPool-1 - Starting...
2025-04-27 21:41:26.263 [main] INFO  com.zaxxer.hikari.pool.HikariPool - HikariPool-1 - Added connection com.mysql.cj.jdbc.ConnectionImpl@2b1a901d
2025-04-27 21:41:26.264 [main] INFO  com.zaxxer.hikari.HikariDataSource - HikariPool-1 - Start completed.
2025-04-27 21:41:26.353 [main] WARN  org.hibernate.orm.deprecation - HHH90000025: MySQL8Dialect does not need to be specified explicitly using 'hibernate.dialect' (remove the property setting and it will be selected by default)
2025-04-27 21:41:26.354 [main] WARN  org.hibernate.orm.deprecation - HHH90000026: MySQL8Dialect has been deprecated; use org.hibernate.dialect.MySQLDialect instead
2025-04-27 21:41:27.116 [main] INFO  o.h.e.t.j.p.i.JtaPlatformInitiator - HHH000489: No JTA platform available (set 'hibernate.transaction.jta.platform' to enable JTA platform integration)
2025-04-27 21:41:28.937 [main] INFO  o.s.d.j.r.query.QueryEnhancerFactory - Hibernate is in classpath; If applicable, HQL parser will be used.
2025-04-27 21:41:30.568 [main] INFO  c.e.auth.config.WebSocketConfig - 配置WebSocket客户端入站通道拦截器
2025-04-27 21:41:30.568 [main] INFO  c.e.auth.config.WebSocketConfig - WebSocket客户端入站通道拦截器配置完成
2025-04-27 21:41:30.574 [main] INFO  c.e.auth.config.WebSocketConfig - 配置WebSocket消息代理
2025-04-27 21:41:30.576 [main] INFO  c.e.auth.config.WebSocketConfig - WebSocket消息代理配置完成
2025-04-27 21:41:30.733 [main] INFO  c.e.auth.config.WebSocketConfig - 注册WebSocket端点: /ws
2025-04-27 21:41:30.770 [main] WARN  o.s.b.a.o.j.JpaBaseConfiguration$JpaWebConfiguration - spring.jpa.open-in-view is enabled by default. Therefore, database queries may be performed during view rendering. Explicitly configure spring.jpa.open-in-view to disable this warning
2025-04-27 21:41:30.828 [main] INFO  com.example.auth.config.WebConfig - 配置拦截器，验证用户权限
2025-04-27 21:41:30.832 [main] INFO  com.example.auth.config.WebConfig - 配置CORS，允许前端访问
2025-04-27 21:41:30.833 [main] INFO  com.example.auth.config.WebConfig - CORS配置完成，允许所有来源访问
2025-04-27 21:41:30.890 [main] INFO  com.example.auth.config.WebConfig - 配置资源映射: /uploads/** -> file:C:\Users\37602\Desktop\f_e\uploads/
2025-04-27 21:41:31.024 [main] INFO  o.a.coyote.http11.Http11NioProtocol - Starting ProtocolHandler ["http-nio-8081"]
2025-04-27 21:41:31.042 [main] INFO  o.s.b.w.e.tomcat.TomcatWebServer - Tomcat started on port 8081 (http) with context path ''
2025-04-27 21:41:31.043 [main] INFO  o.s.m.s.b.SimpleBrokerMessageHandler - Starting...
2025-04-27 21:41:31.044 [main] INFO  o.s.m.s.b.SimpleBrokerMessageHandler - BrokerAvailabilityEvent[available=true, SimpleBrokerMessageHandler [org.springframework.messaging.simp.broker.DefaultSubscriptionRegistry@4dafab49]]
2025-04-27 21:41:31.044 [main] INFO  o.s.m.s.b.SimpleBrokerMessageHandler - Started.
2025-04-27 21:41:31.048 [main] INFO  com.example.auth.AuthApplication - Started AuthApplication in 7.285 seconds (process running for 7.785)
2025-04-27 21:41:43.516 [http-nio-8081-exec-1] INFO  o.a.c.c.C.[Tomcat].[localhost].[/] - Initializing Spring DispatcherServlet 'dispatcherServlet'
2025-04-27 21:41:43.516 [http-nio-8081-exec-1] INFO  o.s.web.servlet.DispatcherServlet - Initializing Servlet 'dispatcherServlet'
2025-04-27 21:41:43.517 [http-nio-8081-exec-1] INFO  o.s.web.servlet.DispatcherServlet - Completed initialization in 1 ms
2025-04-27 21:41:43.579 [http-nio-8081-exec-1] INFO  c.e.a.service.impl.UserServiceImpl - 尝试注册用户: 1
2025-04-27 21:41:44.235 [http-nio-8081-exec-1] INFO  c.e.a.service.impl.UserServiceImpl - 用户 1 注册成功，学号: S25743230
2025-04-27 21:42:02.528 [http-nio-8081-exec-8] INFO  c.e.auth.config.WebSocketConfig - 收到STOMP CONNECT命令
2025-04-27 21:42:02.528 [http-nio-8081-exec-8] INFO  c.e.auth.config.WebSocketConfig - 从WebSocket连接中提取到JWT Token: eyJhbGciOi...
2025-04-27 21:42:02.529 [http-nio-8081-exec-8] INFO  c.e.auth.config.WebSocketConfig - 从JWT Token提取的用户ID: 2
2025-04-27 21:42:02.530 [http-nio-8081-exec-8] INFO  c.e.auth.config.WebSocketConfig - WebSocket连接成功设置用户ID为Principal: 2
2025-04-27 21:42:16.318 [http-nio-8081-exec-1] INFO  c.e.a.service.impl.UserServiceImpl - 尝试注册用户: 2
2025-04-27 21:42:16.977 [http-nio-8081-exec-1] INFO  c.e.a.service.impl.UserServiceImpl - 用户 2 注册成功，学号: S25016467
2025-04-27 21:42:23.572 [http-nio-8081-exec-2] INFO  c.e.a.service.impl.UserServiceImpl - 尝试注册用户: 3
2025-04-27 21:42:24.211 [http-nio-8081-exec-2] INFO  c.e.a.service.impl.UserServiceImpl - 用户 3 注册成功，学号: S25521158
2025-04-27 21:42:31.030 [MessageBroker-2] INFO  o.s.w.s.c.WebSocketMessageBrokerStats - WebSocketSession[1 current WS(1)-HttpStream(0)-HttpPoll(0), 1 total, 0 closed abnormally (0 connect failure, 0 send limit, 0 transport error)], stompSubProtocol[processed CONNECT(1)-CONNECTED(1)-DISCONNECT(0)], stompBrokerRelay[null], inboundChannel[pool size = 12, active threads = 0, queued tasks = 0, completed tasks = 12], outboundChannel[pool size = 1, active threads = 0, queued tasks = 0, completed tasks = 1], sockJsScheduler[pool size = 11, active threads = 1, queued tasks = 2, completed tasks = 7]
2025-04-27 21:57:03.691 [SpringApplicationShutdownHook] INFO  o.s.m.s.b.SimpleBrokerMessageHandler - Stopping...
2025-04-27 21:57:03.691 [SpringApplicationShutdownHook] INFO  o.s.m.s.b.SimpleBrokerMessageHandler - BrokerAvailabilityEvent[available=false, SimpleBrokerMessageHandler [org.springframework.messaging.simp.broker.DefaultSubscriptionRegistry@4dafab49]]
2025-04-27 21:57:03.692 [SpringApplicationShutdownHook] INFO  o.s.m.s.b.SimpleBrokerMessageHandler - Stopped.
2025-04-27 21:57:03.715 [SpringApplicationShutdownHook] INFO  com.zaxxer.hikari.HikariDataSource - HikariPool-1 - Shutdown initiated...
2025-04-27 21:57:03.721 [SpringApplicationShutdownHook] INFO  com.zaxxer.hikari.HikariDataSource - HikariPool-1 - Shutdown completed.
2025-04-27 21:57:07.565 [main] INFO  com.example.auth.AuthApplication - Starting AuthApplication using Java 17.0.12 with PID 49056 (C:\Users\37602\Desktop\f_e\Manage_supervision\backend\target\classes started by 37602 in C:\Users\37602\Desktop\f_e)
2025-04-27 21:57:07.567 [main] INFO  com.example.auth.AuthApplication - No active profile set, falling back to 1 default profile: "default"
2025-04-27 21:57:08.141 [main] INFO  o.s.d.r.c.RepositoryConfigurationDelegate - Bootstrapping Spring Data JPA repositories in DEFAULT mode.
2025-04-27 21:57:08.219 [main] INFO  o.s.d.r.c.RepositoryConfigurationDelegate - Finished Spring Data repository scanning in 72 ms. Found 13 JPA repository interfaces.
2025-04-27 21:57:08.551 [main] INFO  o.s.b.w.e.tomcat.TomcatWebServer - Tomcat initialized with port 8081 (http)
2025-04-27 21:57:08.557 [main] INFO  o.a.coyote.http11.Http11NioProtocol - Initializing ProtocolHandler ["http-nio-8081"]
2025-04-27 21:57:08.558 [main] INFO  o.a.catalina.core.StandardService - Starting service [Tomcat]
2025-04-27 21:57:08.559 [main] INFO  o.a.catalina.core.StandardEngine - Starting Servlet engine: [Apache Tomcat/10.1.19]
2025-04-27 21:57:08.638 [main] INFO  o.a.c.c.C.[Tomcat].[localhost].[/] - Initializing Spring embedded WebApplicationContext
2025-04-27 21:57:08.638 [main] INFO  o.s.b.w.s.c.ServletWebServerApplicationContext - Root WebApplicationContext: initialization completed in 1038 ms
2025-04-27 21:57:08.744 [main] INFO  o.h.jpa.internal.util.LogHelper - HHH000204: Processing PersistenceUnitInfo [name: default]
2025-04-27 21:57:08.790 [main] INFO  org.hibernate.Version - HHH000412: Hibernate ORM core version 6.4.4.Final
2025-04-27 21:57:08.822 [main] INFO  o.h.c.i.RegionFactoryInitiator - HHH000026: Second-level cache disabled
2025-04-27 21:57:09.024 [main] INFO  com.zaxxer.hikari.HikariDataSource - HikariPool-1 - Starting...
2025-04-27 21:57:09.661 [main] INFO  com.zaxxer.hikari.pool.HikariPool - HikariPool-1 - Added connection com.mysql.cj.jdbc.ConnectionImpl@632d4cf2
2025-04-27 21:57:09.662 [main] INFO  com.zaxxer.hikari.HikariDataSource - HikariPool-1 - Start completed.
2025-04-27 21:57:09.737 [main] WARN  org.hibernate.orm.deprecation - HHH90000025: MySQL8Dialect does not need to be specified explicitly using 'hibernate.dialect' (remove the property setting and it will be selected by default)
2025-04-27 21:57:09.738 [main] WARN  org.hibernate.orm.deprecation - HHH90000026: MySQL8Dialect has been deprecated; use org.hibernate.dialect.MySQLDialect instead
2025-04-27 21:57:10.548 [main] INFO  o.h.e.t.j.p.i.JtaPlatformInitiator - HHH000489: No JTA platform available (set 'hibernate.transaction.jta.platform' to enable JTA platform integration)
2025-04-27 21:57:12.277 [main] INFO  o.s.d.j.r.query.QueryEnhancerFactory - Hibernate is in classpath; If applicable, HQL parser will be used.
2025-04-27 21:57:13.816 [main] INFO  c.e.auth.config.WebSocketConfig - 配置WebSocket客户端入站通道拦截器
2025-04-27 21:57:13.817 [main] INFO  c.e.auth.config.WebSocketConfig - WebSocket客户端入站通道拦截器配置完成
2025-04-27 21:57:13.823 [main] INFO  c.e.auth.config.WebSocketConfig - 配置WebSocket消息代理
2025-04-27 21:57:13.824 [main] INFO  c.e.auth.config.WebSocketConfig - WebSocket消息代理配置完成
2025-04-27 21:57:14.141 [main] INFO  c.e.auth.config.WebSocketConfig - 注册WebSocket端点: /ws
2025-04-27 21:57:14.182 [main] WARN  o.s.b.a.o.j.JpaBaseConfiguration$JpaWebConfiguration - spring.jpa.open-in-view is enabled by default. Therefore, database queries may be performed during view rendering. Explicitly configure spring.jpa.open-in-view to disable this warning
2025-04-27 21:57:14.227 [main] INFO  com.example.auth.config.WebConfig - 配置拦截器，验证用户权限
2025-04-27 21:57:14.230 [main] INFO  com.example.auth.config.WebConfig - 配置CORS，允许前端访问
2025-04-27 21:57:14.230 [main] INFO  com.example.auth.config.WebConfig - CORS配置完成，允许所有来源访问
2025-04-27 21:57:14.286 [main] INFO  com.example.auth.config.WebConfig - 配置资源映射: /uploads/** -> file:C:\Users\37602\Desktop\f_e\uploads/
2025-04-27 21:57:14.389 [main] INFO  o.a.coyote.http11.Http11NioProtocol - Starting ProtocolHandler ["http-nio-8081"]
2025-04-27 21:57:14.406 [main] INFO  o.s.b.w.e.tomcat.TomcatWebServer - Tomcat started on port 8081 (http) with context path ''
2025-04-27 21:57:14.407 [main] INFO  o.s.m.s.b.SimpleBrokerMessageHandler - Starting...
2025-04-27 21:57:14.408 [main] INFO  o.s.m.s.b.SimpleBrokerMessageHandler - BrokerAvailabilityEvent[available=true, SimpleBrokerMessageHandler [org.springframework.messaging.simp.broker.DefaultSubscriptionRegistry@516a9ded]]
2025-04-27 21:57:14.408 [main] INFO  o.s.m.s.b.SimpleBrokerMessageHandler - Started.
2025-04-27 21:57:14.412 [main] INFO  com.example.auth.AuthApplication - Started AuthApplication in 7.267 seconds (process running for 7.728)
2025-04-27 21:57:16.535 [http-nio-8081-exec-1] INFO  o.a.c.c.C.[Tomcat].[localhost].[/] - Initializing Spring DispatcherServlet 'dispatcherServlet'
2025-04-27 21:57:16.535 [http-nio-8081-exec-1] INFO  o.s.web.servlet.DispatcherServlet - Initializing Servlet 'dispatcherServlet'
2025-04-27 21:57:16.536 [http-nio-8081-exec-1] INFO  o.s.web.servlet.DispatcherServlet - Completed initialization in 1 ms
2025-04-27 21:57:17.820 [http-nio-8081-exec-6] INFO  c.e.auth.config.WebSocketConfig - 收到STOMP CONNECT命令
2025-04-27 21:57:17.820 [http-nio-8081-exec-6] INFO  c.e.auth.config.WebSocketConfig - 从WebSocket连接中提取到JWT Token: eyJhbGciOi...
2025-04-27 21:57:17.821 [http-nio-8081-exec-6] INFO  c.e.auth.config.WebSocketConfig - 从JWT Token提取的用户ID: 3
2025-04-27 21:57:17.821 [http-nio-8081-exec-6] INFO  c.e.auth.config.WebSocketConfig - WebSocket连接成功设置用户ID为Principal: 3
2025-04-27 21:58:14.401 [MessageBroker-11] INFO  o.s.w.s.c.WebSocketMessageBrokerStats - WebSocketSession[1 current WS(1)-HttpStream(0)-HttpPoll(0), 1 total, 0 closed abnormally (0 connect failure, 0 send limit, 0 transport error)], stompSubProtocol[processed CONNECT(1)-CONNECTED(1)-DISCONNECT(0)], stompBrokerRelay[null], inboundChannel[pool size = 12, active threads = 0, queued tasks = 0, completed tasks = 12], outboundChannel[pool size = 1, active threads = 0, queued tasks = 0, completed tasks = 1], sockJsScheduler[pool size = 14, active threads = 1, queued tasks = 2, completed tasks = 14]
2025-04-27 22:01:15.030 [http-nio-8081-exec-3] INFO  c.e.auth.config.WebSocketConfig - 收到STOMP CONNECT命令
2025-04-27 22:01:15.031 [http-nio-8081-exec-3] INFO  c.e.auth.config.WebSocketConfig - 从WebSocket连接中提取到JWT Token: eyJhbGciOi...
2025-04-27 22:01:15.032 [http-nio-8081-exec-3] INFO  c.e.auth.config.WebSocketConfig - 从JWT Token提取的用户ID: 3
2025-04-27 22:01:15.032 [http-nio-8081-exec-3] INFO  c.e.auth.config.WebSocketConfig - WebSocket连接成功设置用户ID为Principal: 3
2025-04-27 22:03:21.014 [http-nio-8081-exec-9] INFO  c.e.auth.config.WebSocketConfig - 收到STOMP CONNECT命令
2025-04-27 22:03:21.014 [http-nio-8081-exec-9] INFO  c.e.auth.config.WebSocketConfig - 从WebSocket连接中提取到JWT Token: eyJhbGciOi...
2025-04-27 22:03:21.015 [http-nio-8081-exec-9] INFO  c.e.auth.config.WebSocketConfig - 从JWT Token提取的用户ID: 3
2025-04-27 22:03:21.015 [http-nio-8081-exec-9] INFO  c.e.auth.config.WebSocketConfig - WebSocket连接成功设置用户ID为Principal: 3
2025-04-27 22:03:47.629 [http-nio-8081-exec-8] INFO  c.e.auth.config.WebSocketConfig - 收到STOMP CONNECT命令
2025-04-27 22:03:47.629 [http-nio-8081-exec-8] INFO  c.e.auth.config.WebSocketConfig - 从WebSocket连接中提取到JWT Token: eyJhbGciOi...
2025-04-27 22:03:47.630 [http-nio-8081-exec-8] INFO  c.e.auth.config.WebSocketConfig - 从JWT Token提取的用户ID: 3
2025-04-27 22:03:47.630 [http-nio-8081-exec-8] INFO  c.e.auth.config.WebSocketConfig - WebSocket连接成功设置用户ID为Principal: 3
2025-04-27 22:04:29.161 [http-nio-8081-exec-7] INFO  c.e.auth.config.WebSocketConfig - 收到STOMP CONNECT命令
2025-04-27 22:04:29.161 [http-nio-8081-exec-7] INFO  c.e.auth.config.WebSocketConfig - 从WebSocket连接中提取到JWT Token: eyJhbGciOi...
2025-04-27 22:04:29.162 [http-nio-8081-exec-7] INFO  c.e.auth.config.WebSocketConfig - 从JWT Token提取的用户ID: 3
2025-04-27 22:04:29.162 [http-nio-8081-exec-7] INFO  c.e.auth.config.WebSocketConfig - WebSocket连接成功设置用户ID为Principal: 3
2025-04-27 22:05:00.873 [http-nio-8081-exec-3] INFO  c.e.auth.config.WebSocketConfig - 收到STOMP CONNECT命令
2025-04-27 22:05:00.874 [http-nio-8081-exec-3] INFO  c.e.auth.config.WebSocketConfig - 从WebSocket连接中提取到JWT Token: eyJhbGciOi...
2025-04-27 22:05:00.874 [http-nio-8081-exec-3] INFO  c.e.auth.config.WebSocketConfig - 从JWT Token提取的用户ID: 3
2025-04-27 22:05:00.875 [http-nio-8081-exec-3] INFO  c.e.auth.config.WebSocketConfig - WebSocket连接成功设置用户ID为Principal: 3
2025-04-27 22:05:17.975 [http-nio-8081-exec-4] INFO  c.e.auth.config.WebSocketConfig - 收到STOMP CONNECT命令
2025-04-27 22:05:17.975 [http-nio-8081-exec-4] INFO  c.e.auth.config.WebSocketConfig - 从WebSocket连接中提取到JWT Token: eyJhbGciOi...
2025-04-27 22:05:17.975 [http-nio-8081-exec-4] INFO  c.e.auth.config.WebSocketConfig - 从JWT Token提取的用户ID: 3
2025-04-27 22:05:17.976 [http-nio-8081-exec-4] INFO  c.e.auth.config.WebSocketConfig - WebSocket连接成功设置用户ID为Principal: 3
2025-04-27 22:08:02.980 [http-nio-8081-exec-5] INFO  c.e.auth.config.WebSocketConfig - 收到STOMP CONNECT命令
2025-04-27 22:08:02.980 [http-nio-8081-exec-5] INFO  c.e.auth.config.WebSocketConfig - 从WebSocket连接中提取到JWT Token: eyJhbGciOi...
2025-04-27 22:08:02.982 [http-nio-8081-exec-5] INFO  c.e.auth.config.WebSocketConfig - 从JWT Token提取的用户ID: 3
2025-04-27 22:08:02.982 [http-nio-8081-exec-5] INFO  c.e.auth.config.WebSocketConfig - WebSocket连接成功设置用户ID为Principal: 3
2025-04-27 22:08:46.469 [http-nio-8081-exec-4] INFO  c.e.auth.config.WebSocketConfig - 收到STOMP CONNECT命令
2025-04-27 22:08:46.469 [http-nio-8081-exec-4] INFO  c.e.auth.config.WebSocketConfig - 从WebSocket连接中提取到JWT Token: eyJhbGciOi...
2025-04-27 22:08:46.470 [http-nio-8081-exec-4] INFO  c.e.auth.config.WebSocketConfig - 从JWT Token提取的用户ID: 3
2025-04-27 22:08:46.470 [http-nio-8081-exec-4] INFO  c.e.auth.config.WebSocketConfig - WebSocket连接成功设置用户ID为Principal: 3
2025-04-27 22:13:53.184 [http-nio-8081-exec-1] INFO  c.e.auth.config.WebSocketConfig - 收到STOMP CONNECT命令
2025-04-27 22:13:53.184 [http-nio-8081-exec-1] INFO  c.e.auth.config.WebSocketConfig - 从WebSocket连接中提取到JWT Token: eyJhbGciOi...
2025-04-27 22:13:53.184 [http-nio-8081-exec-1] INFO  c.e.auth.config.WebSocketConfig - 从JWT Token提取的用户ID: 3
2025-04-27 22:13:53.184 [http-nio-8081-exec-1] INFO  c.e.auth.config.WebSocketConfig - WebSocket连接成功设置用户ID为Principal: 3
2025-04-27 22:28:14.402 [MessageBroker-5] INFO  o.s.w.s.c.WebSocketMessageBrokerStats - WebSocketSession[1 current WS(1)-HttpStream(0)-HttpPoll(0), 10 total, 0 closed abnormally (0 connect failure, 0 send limit, 0 transport error)], stompSubProtocol[processed CONNECT(10)-CONNECTED(10)-DISCONNECT(0)], stompBrokerRelay[null], inboundChannel[pool size = 0, active threads = 0, queued tasks = 0, completed tasks = 147], outboundChannel[pool size = 0, active threads = 0, queued tasks = 0, completed tasks = 19], sockJsScheduler[pool size = 14, active threads = 1, queued tasks = 2, completed tasks = 442]
2025-04-27 22:29:35.185 [http-nio-8081-exec-7] INFO  c.e.auth.config.WebSocketConfig - 收到STOMP CONNECT命令
2025-04-27 22:29:35.185 [http-nio-8081-exec-7] INFO  c.e.auth.config.WebSocketConfig - 从WebSocket连接中提取到JWT Token: eyJhbGciOi...
2025-04-27 22:29:35.186 [http-nio-8081-exec-7] INFO  c.e.auth.config.WebSocketConfig - 从JWT Token提取的用户ID: 3
2025-04-27 22:29:35.186 [http-nio-8081-exec-7] INFO  c.e.auth.config.WebSocketConfig - WebSocket连接成功设置用户ID为Principal: 3
2025-04-27 22:32:36.287 [SpringApplicationShutdownHook] INFO  o.s.m.s.b.SimpleBrokerMessageHandler - Stopping...
2025-04-27 22:32:36.287 [SpringApplicationShutdownHook] INFO  o.s.m.s.b.SimpleBrokerMessageHandler - BrokerAvailabilityEvent[available=false, SimpleBrokerMessageHandler [org.springframework.messaging.simp.broker.DefaultSubscriptionRegistry@516a9ded]]
2025-04-27 22:32:36.287 [SpringApplicationShutdownHook] INFO  o.s.m.s.b.SimpleBrokerMessageHandler - Stopped.
2025-04-27 22:32:36.305 [SpringApplicationShutdownHook] INFO  com.zaxxer.hikari.HikariDataSource - HikariPool-1 - Shutdown initiated...
2025-04-27 22:32:36.307 [SpringApplicationShutdownHook] INFO  com.zaxxer.hikari.HikariDataSource - HikariPool-1 - Shutdown completed.
2025-04-27 22:34:58.802 [main] INFO  com.example.auth.AuthApplication - Starting AuthApplication using Java 17.0.12 with PID 37116 (C:\Users\37602\Desktop\f_e\Manage_supervision\backend\target\classes started by 37602 in C:\Users\37602\Desktop\f_e)
2025-04-27 22:34:58.808 [main] INFO  com.example.auth.AuthApplication - No active profile set, falling back to 1 default profile: "default"
2025-04-27 22:34:59.272 [main] INFO  o.s.d.r.c.RepositoryConfigurationDelegate - Bootstrapping Spring Data JPA repositories in DEFAULT mode.
2025-04-27 22:34:59.368 [main] INFO  o.s.d.r.c.RepositoryConfigurationDelegate - Finished Spring Data repository scanning in 85 ms. Found 16 JPA repository interfaces.
2025-04-27 22:34:59.728 [main] INFO  o.s.b.w.e.tomcat.TomcatWebServer - Tomcat initialized with port 8081 (http)
2025-04-27 22:34:59.734 [main] INFO  o.a.coyote.http11.Http11NioProtocol - Initializing ProtocolHandler ["http-nio-8081"]
2025-04-27 22:34:59.735 [main] INFO  o.a.catalina.core.StandardService - Starting service [Tomcat]
2025-04-27 22:34:59.736 [main] INFO  o.a.catalina.core.StandardEngine - Starting Servlet engine: [Apache Tomcat/10.1.19]
2025-04-27 22:34:59.777 [main] INFO  o.a.c.c.C.[Tomcat].[localhost].[/] - Initializing Spring embedded WebApplicationContext
2025-04-27 22:34:59.777 [main] INFO  o.s.b.w.s.c.ServletWebServerApplicationContext - Root WebApplicationContext: initialization completed in 949 ms
2025-04-27 22:34:59.872 [main] INFO  o.h.jpa.internal.util.LogHelper - HHH000204: Processing PersistenceUnitInfo [name: default]
2025-04-27 22:34:59.905 [main] INFO  org.hibernate.Version - HHH000412: Hibernate ORM core version 6.4.4.Final
2025-04-27 22:34:59.924 [main] INFO  o.h.c.i.RegionFactoryInitiator - HHH000026: Second-level cache disabled
2025-04-27 22:35:00.096 [main] INFO  com.zaxxer.hikari.HikariDataSource - HikariPool-1 - Starting...
2025-04-27 22:35:00.654 [main] INFO  com.zaxxer.hikari.pool.HikariPool - HikariPool-1 - Added connection com.mysql.cj.jdbc.ConnectionImpl@31b6b0c7
2025-04-27 22:35:00.656 [main] INFO  com.zaxxer.hikari.HikariDataSource - HikariPool-1 - Start completed.
2025-04-27 22:35:00.743 [main] WARN  org.hibernate.orm.deprecation - HHH90000025: MySQL8Dialect does not need to be specified explicitly using 'hibernate.dialect' (remove the property setting and it will be selected by default)
2025-04-27 22:35:00.743 [main] WARN  org.hibernate.orm.deprecation - HHH90000026: MySQL8Dialect has been deprecated; use org.hibernate.dialect.MySQLDialect instead
2025-04-27 22:35:01.448 [main] INFO  o.h.e.t.j.p.i.JtaPlatformInitiator - HHH000489: No JTA platform available (set 'hibernate.transaction.jta.platform' to enable JTA platform integration)
2025-04-27 22:35:05.596 [main] INFO  o.s.d.j.r.query.QueryEnhancerFactory - Hibernate is in classpath; If applicable, HQL parser will be used.
2025-04-27 22:35:07.184 [main] INFO  c.e.auth.config.WebSocketConfig - 配置WebSocket客户端入站通道拦截器
2025-04-27 22:35:07.185 [main] INFO  c.e.auth.config.WebSocketConfig - WebSocket客户端入站通道拦截器配置完成
2025-04-27 22:35:07.192 [main] INFO  c.e.auth.config.WebSocketConfig - 配置WebSocket消息代理
2025-04-27 22:35:07.192 [main] INFO  c.e.auth.config.WebSocketConfig - WebSocket消息代理配置完成
2025-04-27 22:35:07.609 [main] INFO  c.e.auth.config.WebSocketConfig - 注册WebSocket端点: /ws
2025-04-27 22:35:07.681 [main] WARN  o.s.b.a.o.j.JpaBaseConfiguration$JpaWebConfiguration - spring.jpa.open-in-view is enabled by default. Therefore, database queries may be performed during view rendering. Explicitly configure spring.jpa.open-in-view to disable this warning
2025-04-27 22:35:07.771 [main] INFO  com.example.auth.config.WebConfig - 配置拦截器，验证用户权限
2025-04-27 22:35:07.775 [main] INFO  com.example.auth.config.WebConfig - 配置CORS，允许前端访问
2025-04-27 22:35:07.776 [main] INFO  com.example.auth.config.WebConfig - CORS配置完成，允许所有来源访问
2025-04-27 22:35:07.892 [main] INFO  com.example.auth.config.WebConfig - 配置资源映射: /uploads/** -> file:C:\Users\37602\Desktop\f_e\uploads/
2025-04-27 22:35:08.067 [main] INFO  o.a.coyote.http11.Http11NioProtocol - Starting ProtocolHandler ["http-nio-8081"]
2025-04-27 22:35:08.089 [main] INFO  o.s.b.w.e.tomcat.TomcatWebServer - Tomcat started on port 8081 (http) with context path ''
2025-04-27 22:35:08.092 [main] INFO  o.s.m.s.b.SimpleBrokerMessageHandler - Starting...
2025-04-27 22:35:08.093 [main] INFO  o.s.m.s.b.SimpleBrokerMessageHandler - BrokerAvailabilityEvent[available=true, SimpleBrokerMessageHandler [org.springframework.messaging.simp.broker.DefaultSubscriptionRegistry@4c00d817]]
2025-04-27 22:35:08.093 [main] INFO  o.s.m.s.b.SimpleBrokerMessageHandler - Started.
2025-04-27 22:35:08.099 [main] INFO  com.example.auth.AuthApplication - Started AuthApplication in 9.68 seconds (process running for 10.143)
2025-04-27 22:35:08.333 [http-nio-8081-exec-1] INFO  o.a.c.c.C.[Tomcat].[localhost].[/] - Initializing Spring DispatcherServlet 'dispatcherServlet'
2025-04-27 22:35:08.334 [http-nio-8081-exec-1] INFO  o.s.web.servlet.DispatcherServlet - Initializing Servlet 'dispatcherServlet'
2025-04-27 22:35:08.336 [http-nio-8081-exec-1] INFO  o.s.web.servlet.DispatcherServlet - Completed initialization in 2 ms
2025-04-27 22:35:08.800 [http-nio-8081-exec-2] INFO  c.e.auth.config.WebSocketConfig - 收到STOMP CONNECT命令
2025-04-27 22:35:08.800 [http-nio-8081-exec-2] INFO  c.e.auth.config.WebSocketConfig - 从WebSocket连接中提取到JWT Token: eyJhbGciOi...
2025-04-27 22:35:08.893 [http-nio-8081-exec-2] INFO  c.e.auth.config.WebSocketConfig - 从JWT Token提取的用户ID: 3
2025-04-27 22:35:08.894 [http-nio-8081-exec-2] INFO  c.e.auth.config.WebSocketConfig - WebSocket连接成功设置用户ID为Principal: 3
2025-04-27 22:35:14.656 [http-nio-8081-exec-4] INFO  c.e.auth.config.WebSocketConfig - 收到STOMP CONNECT命令
2025-04-27 22:35:14.656 [http-nio-8081-exec-4] INFO  c.e.auth.config.WebSocketConfig - 从WebSocket连接中提取到JWT Token: eyJhbGciOi...
2025-04-27 22:35:14.657 [http-nio-8081-exec-4] INFO  c.e.auth.config.WebSocketConfig - 从JWT Token提取的用户ID: 3
2025-04-27 22:35:14.657 [http-nio-8081-exec-4] INFO  c.e.auth.config.WebSocketConfig - WebSocket连接成功设置用户ID为Principal: 3
2025-04-27 22:36:08.090 [MessageBroker-13] INFO  o.s.w.s.c.WebSocketMessageBrokerStats - WebSocketSession[1 current WS(1)-HttpStream(0)-HttpPoll(0), 2 total, 0 closed abnormally (0 connect failure, 0 send limit, 0 transport error)], stompSubProtocol[processed CONNECT(2)-CONNECTED(2)-DISCONNECT(0)], stompBrokerRelay[null], inboundChannel[pool size = 27, active threads = 0, queued tasks = 0, completed tasks = 27], outboundChannel[pool size = 3, active threads = 0, queued tasks = 0, completed tasks = 3], sockJsScheduler[pool size = 14, active threads = 1, queued tasks = 2, completed tasks = 14]
2025-04-27 22:36:09.712 [http-nio-8081-exec-2] INFO  c.e.auth.config.WebSocketConfig - 收到STOMP CONNECT命令
2025-04-27 22:36:09.713 [http-nio-8081-exec-2] INFO  c.e.auth.config.WebSocketConfig - 从WebSocket连接中提取到JWT Token: eyJhbGciOi...
2025-04-27 22:36:09.714 [http-nio-8081-exec-2] INFO  c.e.auth.config.WebSocketConfig - 从JWT Token提取的用户ID: 3
2025-04-27 22:36:09.714 [http-nio-8081-exec-2] INFO  c.e.auth.config.WebSocketConfig - WebSocket连接成功设置用户ID为Principal: 3
2025-04-27 22:37:59.529 [http-nio-8081-exec-4] INFO  c.e.auth.config.WebSocketConfig - 收到STOMP CONNECT命令
2025-04-27 22:37:59.530 [http-nio-8081-exec-4] INFO  c.e.auth.config.WebSocketConfig - 从WebSocket连接中提取到JWT Token: eyJhbGciOi...
2025-04-27 22:37:59.531 [http-nio-8081-exec-4] INFO  c.e.auth.config.WebSocketConfig - 从JWT Token提取的用户ID: 3
2025-04-27 22:37:59.532 [http-nio-8081-exec-4] INFO  c.e.auth.config.WebSocketConfig - WebSocket连接成功设置用户ID为Principal: 3
2025-04-27 22:41:04.400 [http-nio-8081-exec-6] INFO  c.e.auth.controller.ExamController - 教师获取考试列表, 教师ID: 3, 状态: , 关键词: 
2025-04-27 22:42:23.636 [http-nio-8081-exec-5] INFO  c.e.auth.controller.ExamController - 教师获取考试列表, 教师ID: 3, 状态: , 关键词: 
2025-04-27 22:42:39.018 [http-nio-8081-exec-3] INFO  c.e.auth.controller.ExamController - 教师获取考试列表, 教师ID: 3, 状态: , 关键词: 
2025-04-27 22:42:39.157 [http-nio-8081-exec-5] INFO  c.e.auth.config.WebSocketConfig - 收到STOMP CONNECT命令
2025-04-27 22:42:39.158 [http-nio-8081-exec-5] INFO  c.e.auth.config.WebSocketConfig - 从WebSocket连接中提取到JWT Token: eyJhbGciOi...
2025-04-27 22:42:39.159 [http-nio-8081-exec-5] INFO  c.e.auth.config.WebSocketConfig - 从JWT Token提取的用户ID: 3
2025-04-27 22:42:39.159 [http-nio-8081-exec-5] INFO  c.e.auth.config.WebSocketConfig - WebSocket连接成功设置用户ID为Principal: 3
2025-04-27 22:46:13.136 [http-nio-8081-exec-7] INFO  c.e.auth.controller.ExamController - 教师获取考试列表, 教师ID: 3, 状态: , 关键词: 
2025-04-27 22:46:13.306 [http-nio-8081-exec-10] INFO  c.e.auth.config.WebSocketConfig - 收到STOMP CONNECT命令
2025-04-27 22:46:13.306 [http-nio-8081-exec-10] INFO  c.e.auth.config.WebSocketConfig - 从WebSocket连接中提取到JWT Token: eyJhbGciOi...
2025-04-27 22:46:13.307 [http-nio-8081-exec-10] INFO  c.e.auth.config.WebSocketConfig - 从JWT Token提取的用户ID: 3
2025-04-27 22:46:13.308 [http-nio-8081-exec-10] INFO  c.e.auth.config.WebSocketConfig - WebSocket连接成功设置用户ID为Principal: 3
2025-04-27 22:46:14.742 [http-nio-8081-exec-4] WARN  o.s.w.s.m.s.DefaultHandlerExceptionResolver - Resolved [org.springframework.web.method.annotation.MethodArgumentTypeMismatchException: Failed to convert value of type 'java.lang.String' to required type 'java.lang.Long'; For input string: "null"]
2025-04-27 22:46:41.680 [http-nio-8081-exec-1] WARN  o.s.w.s.m.s.DefaultHandlerExceptionResolver - Resolved [org.springframework.web.bind.MissingServletRequestParameterException: Required request parameter 'creatorId' for method parameter type Long is not present]
2025-04-27 22:46:57.942 [http-nio-8081-exec-2] WARN  o.s.w.s.m.s.DefaultHandlerExceptionResolver - Resolved [org.springframework.web.HttpRequestMethodNotSupportedException: Request method 'GET' is not supported]
2025-04-27 22:48:05.302 [http-nio-8081-exec-9] WARN  o.s.w.s.m.s.DefaultHandlerExceptionResolver - Resolved [org.springframework.web.method.annotation.MethodArgumentTypeMismatchException: Failed to convert value of type 'java.lang.String' to required type 'java.lang.Long'; For input string: "list"]
2025-04-27 22:49:17.758 [http-nio-8081-exec-5] WARN  o.s.w.s.m.s.DefaultHandlerExceptionResolver - Resolved [org.springframework.web.HttpRequestMethodNotSupportedException: Request method 'GET' is not supported]
2025-04-27 22:49:40.332 [http-nio-8081-exec-10] WARN  o.s.w.s.m.s.DefaultHandlerExceptionResolver - Resolved [org.springframework.web.HttpRequestMethodNotSupportedException: Request method 'GET' is not supported]
2025-04-27 22:50:36.171 [http-nio-8081-exec-6] INFO  c.e.auth.controller.ExamController - 教师获取考试列表, 教师ID: 3, 状态: , 关键词: 
2025-04-27 22:50:37.870 [http-nio-8081-exec-8] WARN  o.s.w.s.m.s.DefaultHandlerExceptionResolver - Resolved [org.springframework.web.HttpRequestMethodNotSupportedException: Request method 'GET' is not supported]
2025-04-27 22:50:42.029 [http-nio-8081-exec-4] WARN  o.s.w.s.m.s.DefaultHandlerExceptionResolver - Resolved [org.springframework.web.HttpRequestMethodNotSupportedException: Request method 'GET' is not supported]
2025-04-27 22:50:45.601 [http-nio-8081-exec-9] WARN  o.s.w.s.m.s.DefaultHandlerExceptionResolver - Resolved [org.springframework.web.HttpRequestMethodNotSupportedException: Request method 'GET' is not supported]
2025-04-27 22:50:45.959 [http-nio-8081-exec-8] INFO  c.e.auth.config.WebSocketConfig - 收到STOMP CONNECT命令
2025-04-27 22:50:45.959 [http-nio-8081-exec-8] INFO  c.e.auth.config.WebSocketConfig - 从WebSocket连接中提取到JWT Token: eyJhbGciOi...
2025-04-27 22:50:45.960 [http-nio-8081-exec-8] INFO  c.e.auth.config.WebSocketConfig - 从JWT Token提取的用户ID: 3
2025-04-27 22:50:45.960 [http-nio-8081-exec-8] INFO  c.e.auth.config.WebSocketConfig - WebSocket连接成功设置用户ID为Principal: 3
2025-04-27 22:51:02.652 [http-nio-8081-exec-9] WARN  o.s.w.s.m.s.DefaultHandlerExceptionResolver - Resolved [org.springframework.web.HttpRequestMethodNotSupportedException: Request method 'GET' is not supported]
2025-04-27 22:51:03.052 [http-nio-8081-exec-4] INFO  c.e.auth.config.WebSocketConfig - 收到STOMP CONNECT命令
2025-04-27 22:51:03.052 [http-nio-8081-exec-4] INFO  c.e.auth.config.WebSocketConfig - 从WebSocket连接中提取到JWT Token: eyJhbGciOi...
2025-04-27 22:51:03.052 [http-nio-8081-exec-4] INFO  c.e.auth.config.WebSocketConfig - 从JWT Token提取的用户ID: 3
2025-04-27 22:51:03.055 [http-nio-8081-exec-4] INFO  c.e.auth.config.WebSocketConfig - WebSocket连接成功设置用户ID为Principal: 3
2025-04-27 22:51:31.378 [http-nio-8081-exec-1] WARN  o.s.w.s.m.s.DefaultHandlerExceptionResolver - Resolved [org.springframework.web.bind.MissingServletRequestParameterException: Required request parameter 'creatorId' for method parameter type Long is not present]
2025-04-27 22:51:50.241 [http-nio-8081-exec-2] WARN  o.s.w.s.m.s.DefaultHandlerExceptionResolver - Resolved [org.springframework.web.bind.MissingServletRequestParameterException: Required request parameter 'creatorId' for method parameter type Long is not present]
2025-04-27 22:52:56.385 [SpringApplicationShutdownHook] INFO  o.s.m.s.b.SimpleBrokerMessageHandler - Stopping...
2025-04-27 22:52:56.385 [SpringApplicationShutdownHook] INFO  o.s.m.s.b.SimpleBrokerMessageHandler - BrokerAvailabilityEvent[available=false, SimpleBrokerMessageHandler [org.springframework.messaging.simp.broker.DefaultSubscriptionRegistry@4c00d817]]
2025-04-27 22:52:56.398 [SpringApplicationShutdownHook] INFO  o.s.m.s.b.SimpleBrokerMessageHandler - Stopped.
2025-04-27 22:52:56.427 [SpringApplicationShutdownHook] INFO  com.zaxxer.hikari.HikariDataSource - HikariPool-1 - Shutdown initiated...
2025-04-27 22:52:56.436 [SpringApplicationShutdownHook] INFO  com.zaxxer.hikari.HikariDataSource - HikariPool-1 - Shutdown completed.
2025-04-27 22:52:59.584 [main] INFO  com.example.auth.AuthApplication - Starting AuthApplication using Java 17.0.12 with PID 45340 (C:\Users\37602\Desktop\f_e\Manage_supervision\backend\target\classes started by 37602 in C:\Users\37602\Desktop\f_e)
2025-04-27 22:52:59.586 [main] INFO  com.example.auth.AuthApplication - No active profile set, falling back to 1 default profile: "default"
2025-04-27 22:53:00.100 [main] INFO  o.s.d.r.c.RepositoryConfigurationDelegate - Bootstrapping Spring Data JPA repositories in DEFAULT mode.
2025-04-27 22:53:00.182 [main] INFO  o.s.d.r.c.RepositoryConfigurationDelegate - Finished Spring Data repository scanning in 77 ms. Found 16 JPA repository interfaces.
2025-04-27 22:53:00.619 [main] INFO  o.s.b.w.e.tomcat.TomcatWebServer - Tomcat initialized with port 8081 (http)
2025-04-27 22:53:00.633 [main] INFO  o.a.coyote.http11.Http11NioProtocol - Initializing ProtocolHandler ["http-nio-8081"]
2025-04-27 22:53:00.634 [main] INFO  o.a.catalina.core.StandardService - Starting service [Tomcat]
2025-04-27 22:53:00.636 [main] INFO  o.a.catalina.core.StandardEngine - Starting Servlet engine: [Apache Tomcat/10.1.19]
2025-04-27 22:53:00.707 [main] INFO  o.a.c.c.C.[Tomcat].[localhost].[/] - Initializing Spring embedded WebApplicationContext
2025-04-27 22:53:00.708 [main] INFO  o.s.b.w.s.c.ServletWebServerApplicationContext - Root WebApplicationContext: initialization completed in 1092 ms
2025-04-27 22:53:00.821 [main] INFO  o.h.jpa.internal.util.LogHelper - HHH000204: Processing PersistenceUnitInfo [name: default]
2025-04-27 22:53:00.888 [main] INFO  org.hibernate.Version - HHH000412: Hibernate ORM core version 6.4.4.Final
2025-04-27 22:53:00.923 [main] INFO  o.h.c.i.RegionFactoryInitiator - HHH000026: Second-level cache disabled
2025-04-27 22:53:01.172 [main] INFO  com.zaxxer.hikari.HikariDataSource - HikariPool-1 - Starting...
2025-04-27 22:53:01.765 [main] INFO  com.zaxxer.hikari.pool.HikariPool - HikariPool-1 - Added connection com.mysql.cj.jdbc.ConnectionImpl@31b6b0c7
2025-04-27 22:53:01.766 [main] INFO  com.zaxxer.hikari.HikariDataSource - HikariPool-1 - Start completed.
2025-04-27 22:53:01.861 [main] WARN  org.hibernate.orm.deprecation - HHH90000025: MySQL8Dialect does not need to be specified explicitly using 'hibernate.dialect' (remove the property setting and it will be selected by default)
2025-04-27 22:53:01.861 [main] WARN  org.hibernate.orm.deprecation - HHH90000026: MySQL8Dialect has been deprecated; use org.hibernate.dialect.MySQLDialect instead
2025-04-27 22:53:02.737 [main] INFO  o.h.e.t.j.p.i.JtaPlatformInitiator - HHH000489: No JTA platform available (set 'hibernate.transaction.jta.platform' to enable JTA platform integration)
2025-04-27 22:53:05.514 [main] INFO  o.s.d.j.r.query.QueryEnhancerFactory - Hibernate is in classpath; If applicable, HQL parser will be used.
2025-04-27 22:53:07.159 [main] INFO  c.e.auth.config.WebSocketConfig - 配置WebSocket客户端入站通道拦截器
2025-04-27 22:53:07.160 [main] INFO  c.e.auth.config.WebSocketConfig - WebSocket客户端入站通道拦截器配置完成
2025-04-27 22:53:07.166 [main] INFO  c.e.auth.config.WebSocketConfig - 配置WebSocket消息代理
2025-04-27 22:53:07.167 [main] INFO  c.e.auth.config.WebSocketConfig - WebSocket消息代理配置完成
2025-04-27 22:53:07.558 [main] INFO  c.e.auth.config.WebSocketConfig - 注册WebSocket端点: /ws
2025-04-27 22:53:07.609 [main] WARN  o.s.b.a.o.j.JpaBaseConfiguration$JpaWebConfiguration - spring.jpa.open-in-view is enabled by default. Therefore, database queries may be performed during view rendering. Explicitly configure spring.jpa.open-in-view to disable this warning
2025-04-27 22:53:07.668 [main] INFO  com.example.auth.config.WebConfig - 配置拦截器，验证用户权限
2025-04-27 22:53:07.670 [main] INFO  com.example.auth.config.WebConfig - 配置CORS，允许前端访问
2025-04-27 22:53:07.671 [main] INFO  com.example.auth.config.WebConfig - CORS配置完成，允许所有来源访问
2025-04-27 22:53:07.732 [main] INFO  com.example.auth.config.WebConfig - 配置资源映射: /uploads/** -> file:C:\Users\37602\Desktop\f_e\uploads/
2025-04-27 22:53:07.873 [main] INFO  o.a.coyote.http11.Http11NioProtocol - Starting ProtocolHandler ["http-nio-8081"]
2025-04-27 22:53:07.891 [main] INFO  o.s.b.w.e.tomcat.TomcatWebServer - Tomcat started on port 8081 (http) with context path ''
2025-04-27 22:53:07.892 [main] INFO  o.s.m.s.b.SimpleBrokerMessageHandler - Starting...
2025-04-27 22:53:07.892 [main] INFO  o.s.m.s.b.SimpleBrokerMessageHandler - BrokerAvailabilityEvent[available=true, SimpleBrokerMessageHandler [org.springframework.messaging.simp.broker.DefaultSubscriptionRegistry@4c00d817]]
2025-04-27 22:53:07.892 [main] INFO  o.s.m.s.b.SimpleBrokerMessageHandler - Started.
2025-04-27 22:53:07.898 [main] INFO  com.example.auth.AuthApplication - Started AuthApplication in 8.693 seconds (process running for 9.178)
2025-04-27 22:53:08.661 [http-nio-8081-exec-1] INFO  o.a.c.c.C.[Tomcat].[localhost].[/] - Initializing Spring DispatcherServlet 'dispatcherServlet'
2025-04-27 22:53:08.662 [http-nio-8081-exec-1] INFO  o.s.web.servlet.DispatcherServlet - Initializing Servlet 'dispatcherServlet'
2025-04-27 22:53:08.663 [http-nio-8081-exec-1] INFO  o.s.web.servlet.DispatcherServlet - Completed initialization in 1 ms
2025-04-27 22:53:11.545 [http-nio-8081-exec-1] INFO  c.e.auth.config.WebSocketConfig - 收到STOMP CONNECT命令
2025-04-27 22:53:11.545 [http-nio-8081-exec-1] INFO  c.e.auth.config.WebSocketConfig - 从WebSocket连接中提取到JWT Token: eyJhbGciOi...
2025-04-27 22:53:11.546 [http-nio-8081-exec-1] INFO  c.e.auth.config.WebSocketConfig - 从JWT Token提取的用户ID: 3
2025-04-27 22:53:11.546 [http-nio-8081-exec-1] INFO  c.e.auth.config.WebSocketConfig - WebSocket连接成功设置用户ID为Principal: 3
2025-04-27 22:53:12.581 [http-nio-8081-exec-2] INFO  c.e.auth.controller.ExamController - 教师获取考试列表, 教师ID: 3, 状态: , 关键词: 
2025-04-27 22:53:13.789 [http-nio-8081-exec-5] WARN  o.s.w.s.m.s.DefaultHandlerExceptionResolver - Resolved [org.springframework.web.bind.MissingServletRequestParameterException: Required request parameter 'creatorId' for method parameter type Long is not present]
2025-04-27 22:54:07.875 [MessageBroker-5] INFO  o.s.w.s.c.WebSocketMessageBrokerStats - WebSocketSession[1 current WS(1)-HttpStream(0)-HttpPoll(0), 1 total, 0 closed abnormally (0 connect failure, 0 send limit, 0 transport error)], stompSubProtocol[processed CONNECT(1)-CONNECTED(1)-DISCONNECT(0)], stompBrokerRelay[null], inboundChannel[pool size = 12, active threads = 0, queued tasks = 0, completed tasks = 12], outboundChannel[pool size = 1, active threads = 0, queued tasks = 0, completed tasks = 1], sockJsScheduler[pool size = 14, active threads = 1, queued tasks = 2, completed tasks = 14]
2025-04-27 22:56:07.616 [http-nio-8081-exec-6] INFO  c.e.auth.config.WebSocketConfig - 收到STOMP CONNECT命令
2025-04-27 22:56:07.616 [http-nio-8081-exec-6] INFO  c.e.auth.config.WebSocketConfig - 从WebSocket连接中提取到JWT Token: eyJhbGciOi...
2025-04-27 22:56:07.617 [http-nio-8081-exec-6] INFO  c.e.auth.config.WebSocketConfig - 从JWT Token提取的用户ID: 3
2025-04-27 22:56:07.617 [http-nio-8081-exec-6] INFO  c.e.auth.config.WebSocketConfig - WebSocket连接成功设置用户ID为Principal: 3
2025-04-27 22:56:20.987 [http-nio-8081-exec-10] INFO  c.e.auth.config.WebSocketConfig - 收到STOMP CONNECT命令
2025-04-27 22:56:20.987 [http-nio-8081-exec-10] INFO  c.e.auth.config.WebSocketConfig - 从WebSocket连接中提取到JWT Token: eyJhbGciOi...
2025-04-27 22:56:20.988 [http-nio-8081-exec-10] INFO  c.e.auth.config.WebSocketConfig - 从JWT Token提取的用户ID: 3
2025-04-27 22:56:20.988 [http-nio-8081-exec-10] INFO  c.e.auth.config.WebSocketConfig - WebSocket连接成功设置用户ID为Principal: 3
2025-04-27 22:56:51.136 [http-nio-8081-exec-1] WARN  o.s.w.s.m.s.DefaultHandlerExceptionResolver - Resolved [org.springframework.web.method.annotation.MethodArgumentTypeMismatchException: Failed to convert value of type 'java.lang.String' to required type 'java.lang.Long'; For input string: "question-banks"]
2025-04-27 22:58:52.535 [http-nio-8081-exec-7] INFO  c.e.auth.config.WebSocketConfig - 收到STOMP CONNECT命令
2025-04-27 22:58:52.536 [http-nio-8081-exec-7] INFO  c.e.auth.config.WebSocketConfig - 从WebSocket连接中提取到JWT Token: eyJhbGciOi...
2025-04-27 22:58:52.537 [http-nio-8081-exec-7] INFO  c.e.auth.config.WebSocketConfig - 从JWT Token提取的用户ID: 3
2025-04-27 22:58:52.537 [http-nio-8081-exec-7] INFO  c.e.auth.config.WebSocketConfig - WebSocket连接成功设置用户ID为Principal: 3
2025-04-27 22:59:00.188 [http-nio-8081-exec-9] INFO  c.e.auth.config.WebSocketConfig - 收到STOMP CONNECT命令
2025-04-27 22:59:00.188 [http-nio-8081-exec-9] INFO  c.e.auth.config.WebSocketConfig - 从WebSocket连接中提取到JWT Token: eyJhbGciOi...
2025-04-27 22:59:00.189 [http-nio-8081-exec-9] INFO  c.e.auth.config.WebSocketConfig - 从JWT Token提取的用户ID: 3
2025-04-27 22:59:00.189 [http-nio-8081-exec-9] INFO  c.e.auth.config.WebSocketConfig - WebSocket连接成功设置用户ID为Principal: 3
2025-04-27 22:59:01.207 [http-nio-8081-exec-4] INFO  c.e.auth.controller.ExamController - 教师获取考试列表, 教师ID: 3, 状态: , 关键词: 
2025-04-27 22:59:09.533 [http-nio-8081-exec-5] INFO  c.e.auth.config.WebSocketConfig - 收到STOMP CONNECT命令
2025-04-27 22:59:09.533 [http-nio-8081-exec-5] INFO  c.e.auth.config.WebSocketConfig - 从WebSocket连接中提取到JWT Token: eyJhbGciOi...
2025-04-27 22:59:09.535 [http-nio-8081-exec-5] INFO  c.e.auth.config.WebSocketConfig - 从JWT Token提取的用户ID: 3
2025-04-27 22:59:09.535 [http-nio-8081-exec-5] INFO  c.e.auth.config.WebSocketConfig - WebSocket连接成功设置用户ID为Principal: 3
2025-04-27 22:59:23.779 [http-nio-8081-exec-5] INFO  c.e.auth.config.WebSocketConfig - 收到STOMP CONNECT命令
2025-04-27 22:59:23.779 [http-nio-8081-exec-5] INFO  c.e.auth.config.WebSocketConfig - 从WebSocket连接中提取到JWT Token: eyJhbGciOi...
2025-04-27 22:59:23.780 [http-nio-8081-exec-5] INFO  c.e.auth.config.WebSocketConfig - 从JWT Token提取的用户ID: 3
2025-04-27 22:59:23.780 [http-nio-8081-exec-5] INFO  c.e.auth.config.WebSocketConfig - WebSocket连接成功设置用户ID为Principal: 3
2025-04-27 22:59:41.781 [http-nio-8081-exec-5] INFO  c.e.auth.config.WebSocketConfig - 收到STOMP CONNECT命令
2025-04-27 22:59:41.786 [http-nio-8081-exec-5] INFO  c.e.auth.config.WebSocketConfig - 从WebSocket连接中提取到JWT Token: eyJhbGciOi...
2025-04-27 22:59:41.787 [http-nio-8081-exec-5] INFO  c.e.auth.config.WebSocketConfig - 从JWT Token提取的用户ID: 3
2025-04-27 22:59:41.787 [http-nio-8081-exec-5] INFO  c.e.auth.config.WebSocketConfig - WebSocket连接成功设置用户ID为Principal: 3
2025-04-27 23:01:25.309 [http-nio-8081-exec-10] INFO  c.e.auth.config.WebSocketConfig - 收到STOMP CONNECT命令
2025-04-27 23:01:25.310 [http-nio-8081-exec-10] INFO  c.e.auth.config.WebSocketConfig - 从WebSocket连接中提取到JWT Token: eyJhbGciOi...
2025-04-27 23:01:25.311 [http-nio-8081-exec-10] INFO  c.e.auth.config.WebSocketConfig - 从JWT Token提取的用户ID: 3
2025-04-27 23:01:25.311 [http-nio-8081-exec-10] INFO  c.e.auth.config.WebSocketConfig - WebSocket连接成功设置用户ID为Principal: 3
2025-04-27 23:02:22.099 [http-nio-8081-exec-7] WARN  o.s.w.s.m.s.DefaultHandlerExceptionResolver - Resolved [org.springframework.web.method.annotation.MethodArgumentTypeMismatchException: Failed to convert value of type 'java.lang.String' to required type 'java.lang.Long'; For input string: "list"]
2025-04-27 23:02:46.272 [http-nio-8081-exec-6] WARN  o.s.w.s.m.s.DefaultHandlerExceptionResolver - Resolved [org.springframework.web.method.annotation.MethodArgumentTypeMismatchException: Failed to convert value of type 'java.lang.String' to required type 'java.lang.Long'; For input string: "list"]
2025-04-27 23:04:02.202 [http-nio-8081-exec-10] WARN  o.s.w.s.m.s.DefaultHandlerExceptionResolver - Resolved [org.springframework.web.method.annotation.MethodArgumentTypeMismatchException: Failed to convert value of type 'java.lang.String' to required type 'java.lang.Long'; For input string: "list"]
2025-04-27 23:04:05.547 [http-nio-8081-exec-7] WARN  o.s.w.s.m.s.DefaultHandlerExceptionResolver - Resolved [org.springframework.web.method.annotation.MethodArgumentTypeMismatchException: Failed to convert value of type 'java.lang.String' to required type 'java.lang.Long'; For input string: "list"]
2025-04-27 23:04:05.879 [http-nio-8081-exec-3] INFO  c.e.auth.config.WebSocketConfig - 收到STOMP CONNECT命令
2025-04-27 23:04:05.879 [http-nio-8081-exec-3] INFO  c.e.auth.config.WebSocketConfig - 从WebSocket连接中提取到JWT Token: eyJhbGciOi...
2025-04-27 23:04:05.880 [http-nio-8081-exec-3] INFO  c.e.auth.config.WebSocketConfig - 从JWT Token提取的用户ID: 3
2025-04-27 23:04:05.880 [http-nio-8081-exec-3] INFO  c.e.auth.config.WebSocketConfig - WebSocket连接成功设置用户ID为Principal: 3
2025-04-27 23:04:16.262 [http-nio-8081-exec-9] INFO  c.e.auth.config.WebSocketConfig - 收到STOMP CONNECT命令
2025-04-27 23:04:16.262 [http-nio-8081-exec-9] INFO  c.e.auth.config.WebSocketConfig - 从WebSocket连接中提取到JWT Token: eyJhbGciOi...
2025-04-27 23:04:16.262 [http-nio-8081-exec-9] INFO  c.e.auth.config.WebSocketConfig - 从JWT Token提取的用户ID: 3
2025-04-27 23:04:16.262 [http-nio-8081-exec-9] INFO  c.e.auth.config.WebSocketConfig - WebSocket连接成功设置用户ID为Principal: 3
2025-04-27 23:06:15.985 [http-nio-8081-exec-4] INFO  c.e.auth.config.WebSocketConfig - 收到STOMP CONNECT命令
2025-04-27 23:06:15.985 [http-nio-8081-exec-4] INFO  c.e.auth.config.WebSocketConfig - 从WebSocket连接中提取到JWT Token: eyJhbGciOi...
2025-04-27 23:06:15.985 [http-nio-8081-exec-4] INFO  c.e.auth.config.WebSocketConfig - 从JWT Token提取的用户ID: 3
2025-04-27 23:06:15.985 [http-nio-8081-exec-4] INFO  c.e.auth.config.WebSocketConfig - WebSocket连接成功设置用户ID为Principal: 3
2025-04-27 23:06:35.611 [http-nio-8081-exec-1] INFO  c.e.auth.controller.ExamController - 教师获取考试列表, 教师ID: 3, 状态: , 关键词: 
2025-04-27 23:09:15.489 [http-nio-8081-exec-5] INFO  c.e.auth.controller.ExamController - 教师获取考试列表, 教师ID: 3, 状态: , 关键词: 
2025-04-27 23:09:28.597 [http-nio-8081-exec-2] INFO  c.e.auth.controller.ExamController - 教师获取考试列表, 教师ID: 3, 状态: , 关键词: 
2025-04-27 23:11:22.535 [http-nio-8081-exec-5] INFO  c.e.auth.config.WebSocketConfig - 收到STOMP CONNECT命令
2025-04-27 23:11:22.535 [http-nio-8081-exec-5] INFO  c.e.auth.config.WebSocketConfig - 从WebSocket连接中提取到JWT Token: eyJhbGciOi...
2025-04-27 23:11:22.535 [http-nio-8081-exec-5] INFO  c.e.auth.config.WebSocketConfig - 从JWT Token提取的用户ID: 3
2025-04-27 23:11:22.535 [http-nio-8081-exec-5] INFO  c.e.auth.config.WebSocketConfig - WebSocket连接成功设置用户ID为Principal: 3
2025-04-27 23:12:50.576 [SpringApplicationShutdownHook] INFO  o.s.m.s.b.SimpleBrokerMessageHandler - Stopping...
2025-04-27 23:12:50.576 [SpringApplicationShutdownHook] INFO  o.s.m.s.b.SimpleBrokerMessageHandler - BrokerAvailabilityEvent[available=false, SimpleBrokerMessageHandler [org.springframework.messaging.simp.broker.DefaultSubscriptionRegistry@4c00d817]]
2025-04-27 23:12:50.576 [SpringApplicationShutdownHook] INFO  o.s.m.s.b.SimpleBrokerMessageHandler - Stopped.
2025-04-27 23:12:50.595 [SpringApplicationShutdownHook] INFO  com.zaxxer.hikari.HikariDataSource - HikariPool-1 - Shutdown initiated...
2025-04-27 23:12:50.599 [SpringApplicationShutdownHook] INFO  com.zaxxer.hikari.HikariDataSource - HikariPool-1 - Shutdown completed.
2025-04-27 23:13:33.830 [main] INFO  com.example.auth.AuthApplication - Starting AuthApplication using Java 17.0.12 with PID 34712 (C:\Users\37602\Desktop\f_e\Manage_supervision\backend\target\classes started by 37602 in C:\Users\37602\Desktop\f_e)
2025-04-27 23:13:33.832 [main] INFO  com.example.auth.AuthApplication - No active profile set, falling back to 1 default profile: "default"
2025-04-27 23:13:34.294 [main] INFO  o.s.d.r.c.RepositoryConfigurationDelegate - Bootstrapping Spring Data JPA repositories in DEFAULT mode.
2025-04-27 23:13:34.366 [main] INFO  o.s.d.r.c.RepositoryConfigurationDelegate - Finished Spring Data repository scanning in 68 ms. Found 16 JPA repository interfaces.
2025-04-27 23:13:34.719 [main] INFO  o.s.b.w.e.tomcat.TomcatWebServer - Tomcat initialized with port 8081 (http)
2025-04-27 23:13:34.726 [main] INFO  o.a.coyote.http11.Http11NioProtocol - Initializing ProtocolHandler ["http-nio-8081"]
2025-04-27 23:13:34.727 [main] INFO  o.a.catalina.core.StandardService - Starting service [Tomcat]
2025-04-27 23:13:34.727 [main] INFO  o.a.catalina.core.StandardEngine - Starting Servlet engine: [Apache Tomcat/10.1.19]
2025-04-27 23:13:34.766 [main] INFO  o.a.c.c.C.[Tomcat].[localhost].[/] - Initializing Spring embedded WebApplicationContext
2025-04-27 23:13:34.766 [main] INFO  o.s.b.w.s.c.ServletWebServerApplicationContext - Root WebApplicationContext: initialization completed in 902 ms
2025-04-27 23:13:34.853 [main] INFO  o.h.jpa.internal.util.LogHelper - HHH000204: Processing PersistenceUnitInfo [name: default]
2025-04-27 23:13:34.887 [main] INFO  org.hibernate.Version - HHH000412: Hibernate ORM core version 6.4.4.Final
2025-04-27 23:13:34.908 [main] INFO  o.h.c.i.RegionFactoryInitiator - HHH000026: Second-level cache disabled
2025-04-27 23:13:35.075 [main] INFO  com.zaxxer.hikari.HikariDataSource - HikariPool-1 - Starting...
2025-04-27 23:13:35.618 [main] INFO  com.zaxxer.hikari.pool.HikariPool - HikariPool-1 - Added connection com.mysql.cj.jdbc.ConnectionImpl@61e14b53
2025-04-27 23:13:35.620 [main] INFO  com.zaxxer.hikari.HikariDataSource - HikariPool-1 - Start completed.
2025-04-27 23:13:35.702 [main] WARN  org.hibernate.orm.deprecation - HHH90000025: MySQL8Dialect does not need to be specified explicitly using 'hibernate.dialect' (remove the property setting and it will be selected by default)
2025-04-27 23:13:35.703 [main] WARN  org.hibernate.orm.deprecation - HHH90000026: MySQL8Dialect has been deprecated; use org.hibernate.dialect.MySQLDialect instead
2025-04-27 23:13:36.383 [main] INFO  o.h.e.t.j.p.i.JtaPlatformInitiator - HHH000489: No JTA platform available (set 'hibernate.transaction.jta.platform' to enable JTA platform integration)
2025-04-27 23:13:38.896 [main] INFO  o.s.d.j.r.query.QueryEnhancerFactory - Hibernate is in classpath; If applicable, HQL parser will be used.
2025-04-27 23:13:40.158 [main] INFO  c.e.auth.config.WebSocketConfig - 配置WebSocket客户端入站通道拦截器
2025-04-27 23:13:40.159 [main] INFO  c.e.auth.config.WebSocketConfig - WebSocket客户端入站通道拦截器配置完成
2025-04-27 23:13:40.164 [main] INFO  c.e.auth.config.WebSocketConfig - 配置WebSocket消息代理
2025-04-27 23:13:40.164 [main] INFO  c.e.auth.config.WebSocketConfig - WebSocket消息代理配置完成
2025-04-27 23:13:40.523 [main] INFO  c.e.auth.config.WebSocketConfig - 注册WebSocket端点: /ws
2025-04-27 23:13:40.571 [main] WARN  o.s.b.a.o.j.JpaBaseConfiguration$JpaWebConfiguration - spring.jpa.open-in-view is enabled by default. Therefore, database queries may be performed during view rendering. Explicitly configure spring.jpa.open-in-view to disable this warning
2025-04-27 23:13:40.621 [main] INFO  com.example.auth.config.WebConfig - 配置拦截器，验证用户权限
2025-04-27 23:13:40.622 [main] INFO  com.example.auth.config.WebConfig - 配置CORS，允许前端访问
2025-04-27 23:13:40.624 [main] INFO  com.example.auth.config.WebConfig - CORS配置完成，允许所有来源访问
2025-04-27 23:13:40.682 [main] INFO  com.example.auth.config.WebConfig - 配置资源映射: /uploads/** -> file:C:\Users\37602\Desktop\f_e\uploads/
2025-04-27 23:13:40.784 [main] INFO  o.a.coyote.http11.Http11NioProtocol - Starting ProtocolHandler ["http-nio-8081"]
2025-04-27 23:13:40.798 [main] INFO  o.s.b.w.e.tomcat.TomcatWebServer - Tomcat started on port 8081 (http) with context path ''
2025-04-27 23:13:40.800 [main] INFO  o.s.m.s.b.SimpleBrokerMessageHandler - Starting...
2025-04-27 23:13:40.800 [main] INFO  o.s.m.s.b.SimpleBrokerMessageHandler - BrokerAvailabilityEvent[available=true, SimpleBrokerMessageHandler [org.springframework.messaging.simp.broker.DefaultSubscriptionRegistry@4c00d817]]
2025-04-27 23:13:40.800 [main] INFO  o.s.m.s.b.SimpleBrokerMessageHandler - Started.
2025-04-27 23:13:40.803 [main] INFO  com.example.auth.AuthApplication - Started AuthApplication in 7.307 seconds (process running for 7.728)
2025-04-27 23:13:43.289 [http-nio-8081-exec-1] INFO  o.a.c.c.C.[Tomcat].[localhost].[/] - Initializing Spring DispatcherServlet 'dispatcherServlet'
2025-04-27 23:13:43.290 [http-nio-8081-exec-1] INFO  o.s.web.servlet.DispatcherServlet - Initializing Servlet 'dispatcherServlet'
2025-04-27 23:13:43.291 [http-nio-8081-exec-1] INFO  o.s.web.servlet.DispatcherServlet - Completed initialization in 1 ms
2025-04-27 23:13:44.916 [http-nio-8081-exec-8] INFO  c.e.auth.config.WebSocketConfig - 收到STOMP CONNECT命令
2025-04-27 23:13:44.916 [http-nio-8081-exec-8] INFO  c.e.auth.config.WebSocketConfig - 从WebSocket连接中提取到JWT Token: eyJhbGciOi...
2025-04-27 23:13:44.917 [http-nio-8081-exec-8] INFO  c.e.auth.config.WebSocketConfig - 从JWT Token提取的用户ID: 3
2025-04-27 23:13:44.918 [http-nio-8081-exec-8] INFO  c.e.auth.config.WebSocketConfig - WebSocket连接成功设置用户ID为Principal: 3
2025-04-27 23:14:40.798 [MessageBroker-6] INFO  o.s.w.s.c.WebSocketMessageBrokerStats - WebSocketSession[1 current WS(1)-HttpStream(0)-HttpPoll(0), 1 total, 0 closed abnormally (0 connect failure, 0 send limit, 0 transport error)], stompSubProtocol[processed CONNECT(1)-CONNECTED(1)-DISCONNECT(0)], stompBrokerRelay[null], inboundChannel[pool size = 12, active threads = 0, queued tasks = 0, completed tasks = 12], outboundChannel[pool size = 1, active threads = 0, queued tasks = 0, completed tasks = 1], sockJsScheduler[pool size = 14, active threads = 1, queued tasks = 2, completed tasks = 14]
2025-04-27 23:16:09.896 [SpringApplicationShutdownHook] INFO  o.s.m.s.b.SimpleBrokerMessageHandler - Stopping...
2025-04-27 23:16:09.897 [SpringApplicationShutdownHook] INFO  o.s.m.s.b.SimpleBrokerMessageHandler - BrokerAvailabilityEvent[available=false, SimpleBrokerMessageHandler [org.springframework.messaging.simp.broker.DefaultSubscriptionRegistry@4c00d817]]
2025-04-27 23:16:09.897 [SpringApplicationShutdownHook] INFO  o.s.m.s.b.SimpleBrokerMessageHandler - Stopped.
2025-04-27 23:16:09.916 [SpringApplicationShutdownHook] INFO  com.zaxxer.hikari.HikariDataSource - HikariPool-1 - Shutdown initiated...
2025-04-27 23:16:09.922 [SpringApplicationShutdownHook] INFO  com.zaxxer.hikari.HikariDataSource - HikariPool-1 - Shutdown completed.
2025-04-27 23:16:13.330 [main] INFO  com.example.auth.AuthApplication - Starting AuthApplication using Java 17.0.12 with PID 51312 (C:\Users\37602\Desktop\f_e\Manage_supervision\backend\target\classes started by 37602 in C:\Users\37602\Desktop\f_e)
2025-04-27 23:16:13.330 [main] INFO  com.example.auth.AuthApplication - No active profile set, falling back to 1 default profile: "default"
2025-04-27 23:16:13.768 [main] INFO  o.s.d.r.c.RepositoryConfigurationDelegate - Bootstrapping Spring Data JPA repositories in DEFAULT mode.
2025-04-27 23:16:13.848 [main] INFO  o.s.d.r.c.RepositoryConfigurationDelegate - Finished Spring Data repository scanning in 75 ms. Found 16 JPA repository interfaces.
2025-04-27 23:16:14.173 [main] INFO  o.s.b.w.e.tomcat.TomcatWebServer - Tomcat initialized with port 8081 (http)
2025-04-27 23:16:14.180 [main] INFO  o.a.coyote.http11.Http11NioProtocol - Initializing ProtocolHandler ["http-nio-8081"]
2025-04-27 23:16:14.181 [main] INFO  o.a.catalina.core.StandardService - Starting service [Tomcat]
2025-04-27 23:16:14.182 [main] INFO  o.a.catalina.core.StandardEngine - Starting Servlet engine: [Apache Tomcat/10.1.19]
2025-04-27 23:16:14.220 [main] INFO  o.a.c.c.C.[Tomcat].[localhost].[/] - Initializing Spring embedded WebApplicationContext
2025-04-27 23:16:14.220 [main] INFO  o.s.b.w.s.c.ServletWebServerApplicationContext - Root WebApplicationContext: initialization completed in 858 ms
2025-04-27 23:16:14.306 [main] INFO  o.h.jpa.internal.util.LogHelper - HHH000204: Processing PersistenceUnitInfo [name: default]
2025-04-27 23:16:14.341 [main] INFO  org.hibernate.Version - HHH000412: Hibernate ORM core version 6.4.4.Final
2025-04-27 23:16:14.360 [main] INFO  o.h.c.i.RegionFactoryInitiator - HHH000026: Second-level cache disabled
2025-04-27 23:16:14.529 [main] INFO  com.zaxxer.hikari.HikariDataSource - HikariPool-1 - Starting...
2025-04-27 23:16:15.085 [main] INFO  com.zaxxer.hikari.pool.HikariPool - HikariPool-1 - Added connection com.mysql.cj.jdbc.ConnectionImpl@6253e59a
2025-04-27 23:16:15.086 [main] INFO  com.zaxxer.hikari.HikariDataSource - HikariPool-1 - Start completed.
2025-04-27 23:16:15.159 [main] WARN  org.hibernate.orm.deprecation - HHH90000025: MySQL8Dialect does not need to be specified explicitly using 'hibernate.dialect' (remove the property setting and it will be selected by default)
2025-04-27 23:16:15.159 [main] WARN  org.hibernate.orm.deprecation - HHH90000026: MySQL8Dialect has been deprecated; use org.hibernate.dialect.MySQLDialect instead
2025-04-27 23:16:15.891 [main] INFO  o.h.e.t.j.p.i.JtaPlatformInitiator - HHH000489: No JTA platform available (set 'hibernate.transaction.jta.platform' to enable JTA platform integration)
2025-04-27 23:16:18.331 [main] INFO  o.s.d.j.r.query.QueryEnhancerFactory - Hibernate is in classpath; If applicable, HQL parser will be used.
2025-04-27 23:16:19.593 [main] INFO  c.e.auth.config.WebSocketConfig - 配置WebSocket客户端入站通道拦截器
2025-04-27 23:16:19.594 [main] INFO  c.e.auth.config.WebSocketConfig - WebSocket客户端入站通道拦截器配置完成
2025-04-27 23:16:19.599 [main] INFO  c.e.auth.config.WebSocketConfig - 配置WebSocket消息代理
2025-04-27 23:16:19.600 [main] INFO  c.e.auth.config.WebSocketConfig - WebSocket消息代理配置完成
2025-04-27 23:16:19.937 [main] INFO  c.e.auth.config.WebSocketConfig - 注册WebSocket端点: /ws
2025-04-27 23:16:19.972 [main] WARN  o.s.b.a.o.j.JpaBaseConfiguration$JpaWebConfiguration - spring.jpa.open-in-view is enabled by default. Therefore, database queries may be performed during view rendering. Explicitly configure spring.jpa.open-in-view to disable this warning
2025-04-27 23:16:20.018 [main] INFO  com.example.auth.config.WebConfig - 配置拦截器，验证用户权限
2025-04-27 23:16:20.020 [main] INFO  com.example.auth.config.WebConfig - 配置CORS，允许前端访问
2025-04-27 23:16:20.021 [main] INFO  com.example.auth.config.WebConfig - CORS配置完成，允许所有来源访问
2025-04-27 23:16:20.081 [main] INFO  com.example.auth.config.WebConfig - 配置资源映射: /uploads/** -> file:C:\Users\37602\Desktop\f_e\uploads/
2025-04-27 23:16:20.172 [main] INFO  o.a.coyote.http11.Http11NioProtocol - Starting ProtocolHandler ["http-nio-8081"]
2025-04-27 23:16:20.187 [main] INFO  o.s.b.w.e.tomcat.TomcatWebServer - Tomcat started on port 8081 (http) with context path ''
2025-04-27 23:16:20.189 [main] INFO  o.s.m.s.b.SimpleBrokerMessageHandler - Starting...
2025-04-27 23:16:20.189 [main] INFO  o.s.m.s.b.SimpleBrokerMessageHandler - BrokerAvailabilityEvent[available=true, SimpleBrokerMessageHandler [org.springframework.messaging.simp.broker.DefaultSubscriptionRegistry@27d02a85]]
2025-04-27 23:16:20.189 [main] INFO  o.s.m.s.b.SimpleBrokerMessageHandler - Started.
2025-04-27 23:16:20.193 [main] INFO  com.example.auth.AuthApplication - Started AuthApplication in 7.205 seconds (process running for 7.605)
2025-04-27 23:16:21.268 [http-nio-8081-exec-1] INFO  o.a.c.c.C.[Tomcat].[localhost].[/] - Initializing Spring DispatcherServlet 'dispatcherServlet'
2025-04-27 23:16:21.268 [http-nio-8081-exec-1] INFO  o.s.web.servlet.DispatcherServlet - Initializing Servlet 'dispatcherServlet'
2025-04-27 23:16:21.269 [http-nio-8081-exec-1] INFO  o.s.web.servlet.DispatcherServlet - Completed initialization in 1 ms
2025-04-27 23:16:21.651 [http-nio-8081-exec-2] INFO  c.e.auth.config.WebSocketConfig - 收到STOMP CONNECT命令
2025-04-27 23:16:21.652 [http-nio-8081-exec-2] INFO  c.e.auth.config.WebSocketConfig - 从WebSocket连接中提取到JWT Token: eyJhbGciOi...
2025-04-27 23:16:21.721 [http-nio-8081-exec-2] INFO  c.e.auth.config.WebSocketConfig - 从JWT Token提取的用户ID: 3
2025-04-27 23:16:21.722 [http-nio-8081-exec-2] INFO  c.e.auth.config.WebSocketConfig - WebSocket连接成功设置用户ID为Principal: 3
2025-04-27 23:16:26.705 [http-nio-8081-exec-2] INFO  c.e.auth.config.WebSocketConfig - 收到STOMP CONNECT命令
2025-04-27 23:16:26.705 [http-nio-8081-exec-2] INFO  c.e.auth.config.WebSocketConfig - 从WebSocket连接中提取到JWT Token: eyJhbGciOi...
2025-04-27 23:16:26.706 [http-nio-8081-exec-2] INFO  c.e.auth.config.WebSocketConfig - 从JWT Token提取的用户ID: 3
2025-04-27 23:16:26.706 [http-nio-8081-exec-2] INFO  c.e.auth.config.WebSocketConfig - WebSocket连接成功设置用户ID为Principal: 3
2025-04-27 23:16:44.565 [http-nio-8081-exec-1] INFO  c.e.a.c.SupervisorController - Supervisor requested their assigned students list, ID: 3
2025-04-27 23:16:44.566 [http-nio-8081-exec-1] INFO  c.e.a.service.impl.UserServiceImpl - 获取教师ID为3的学生列表
2025-04-27 23:16:44.903 [http-nio-8081-exec-1] INFO  c.e.a.c.SupervisorController - 未找到分配给督导员ID: 3的学生
2025-04-27 23:16:51.666 [http-nio-8081-exec-2] INFO  c.e.a.c.SupervisorController - Supervisor requested their assigned students list, ID: 3
2025-04-27 23:16:51.666 [http-nio-8081-exec-2] INFO  c.e.a.service.impl.UserServiceImpl - 获取教师ID为3的学生列表
2025-04-27 23:16:52.008 [http-nio-8081-exec-2] INFO  c.e.a.c.SupervisorController - 未找到分配给督导员ID: 3的学生
2025-04-27 23:17:00.148 [http-nio-8081-exec-8] INFO  c.e.a.c.SupervisorController - Supervisor requested their assigned students list, ID: 3
2025-04-27 23:17:00.149 [http-nio-8081-exec-8] INFO  c.e.a.service.impl.UserServiceImpl - 获取教师ID为3的学生列表
2025-04-27 23:17:00.495 [http-nio-8081-exec-8] INFO  c.e.a.c.SupervisorController - 未找到分配给督导员ID: 3的学生
2025-04-27 23:17:10.640 [http-nio-8081-exec-2] INFO  c.e.auth.config.WebSocketConfig - 收到STOMP CONNECT命令
2025-04-27 23:17:10.640 [http-nio-8081-exec-2] INFO  c.e.auth.config.WebSocketConfig - 从WebSocket连接中提取到JWT Token: eyJhbGciOi...
2025-04-27 23:17:10.640 [http-nio-8081-exec-2] INFO  c.e.auth.config.WebSocketConfig - 从JWT Token提取的用户ID: 2
2025-04-27 23:17:10.640 [http-nio-8081-exec-2] INFO  c.e.auth.config.WebSocketConfig - WebSocket连接成功设置用户ID为Principal: 2
2025-04-27 23:17:20.169 [MessageBroker-12] INFO  o.s.w.s.c.WebSocketMessageBrokerStats - WebSocketSession[1 current WS(1)-HttpStream(0)-HttpPoll(0), 3 total, 0 closed abnormally (0 connect failure, 0 send limit, 0 transport error)], stompSubProtocol[processed CONNECT(3)-CONNECTED(3)-DISCONNECT(1)], stompBrokerRelay[null], inboundChannel[pool size = 28, active threads = 0, queued tasks = 0, completed tasks = 45], outboundChannel[pool size = 6, active threads = 0, queued tasks = 0, completed tasks = 6], sockJsScheduler[pool size = 14, active threads = 1, queued tasks = 2, completed tasks = 13]
2025-04-27 23:17:31.128 [http-nio-8081-exec-8] INFO  c.e.auth.config.WebSocketConfig - 收到STOMP CONNECT命令
2025-04-27 23:17:31.128 [http-nio-8081-exec-8] INFO  c.e.auth.config.WebSocketConfig - 从WebSocket连接中提取到JWT Token: eyJhbGciOi...
2025-04-27 23:17:31.128 [http-nio-8081-exec-8] INFO  c.e.auth.config.WebSocketConfig - 从JWT Token提取的用户ID: 3
2025-04-27 23:17:31.128 [http-nio-8081-exec-8] INFO  c.e.auth.config.WebSocketConfig - WebSocket连接成功设置用户ID为Principal: 3
2025-04-27 23:17:32.474 [http-nio-8081-exec-3] INFO  c.e.auth.controller.ExamController - 教师获取考试列表, 教师ID: 3, 状态: , 关键词: 
2025-04-27 23:17:47.051 [http-nio-8081-exec-6] INFO  c.e.a.c.SupervisorController - Supervisor requested their assigned students list, ID: 3
2025-04-27 23:17:47.051 [http-nio-8081-exec-6] INFO  c.e.a.service.impl.UserServiceImpl - 获取教师ID为3的学生列表
2025-04-27 23:17:47.440 [http-nio-8081-exec-6] INFO  c.e.a.c.SupervisorController - 学生数据示例: id=4, name=null, userNumber=S25521158
2025-04-27 23:19:15.525 [SpringApplicationShutdownHook] INFO  o.s.m.s.b.SimpleBrokerMessageHandler - Stopping...
2025-04-27 23:19:15.525 [SpringApplicationShutdownHook] INFO  o.s.m.s.b.SimpleBrokerMessageHandler - BrokerAvailabilityEvent[available=false, SimpleBrokerMessageHandler [org.springframework.messaging.simp.broker.DefaultSubscriptionRegistry@27d02a85]]
2025-04-27 23:19:15.525 [SpringApplicationShutdownHook] INFO  o.s.m.s.b.SimpleBrokerMessageHandler - Stopped.
2025-04-27 23:19:15.542 [SpringApplicationShutdownHook] INFO  com.zaxxer.hikari.HikariDataSource - HikariPool-1 - Shutdown initiated...
2025-04-27 23:19:15.546 [SpringApplicationShutdownHook] INFO  com.zaxxer.hikari.HikariDataSource - HikariPool-1 - Shutdown completed.
2025-04-27 23:19:19.584 [main] INFO  com.example.auth.AuthApplication - Starting AuthApplication using Java 17.0.12 with PID 43040 (C:\Users\37602\Desktop\f_e\Manage_supervision\backend\target\classes started by 37602 in C:\Users\37602\Desktop\f_e)
2025-04-27 23:19:19.587 [main] INFO  com.example.auth.AuthApplication - No active profile set, falling back to 1 default profile: "default"
2025-04-27 23:19:20.042 [main] INFO  o.s.d.r.c.RepositoryConfigurationDelegate - Bootstrapping Spring Data JPA repositories in DEFAULT mode.
2025-04-27 23:19:20.118 [main] INFO  o.s.d.r.c.RepositoryConfigurationDelegate - Finished Spring Data repository scanning in 71 ms. Found 16 JPA repository interfaces.
2025-04-27 23:19:20.502 [main] INFO  o.s.b.w.e.tomcat.TomcatWebServer - Tomcat initialized with port 8081 (http)
2025-04-27 23:19:20.509 [main] INFO  o.a.coyote.http11.Http11NioProtocol - Initializing ProtocolHandler ["http-nio-8081"]
2025-04-27 23:19:20.511 [main] INFO  o.a.catalina.core.StandardService - Starting service [Tomcat]
2025-04-27 23:19:20.511 [main] INFO  o.a.catalina.core.StandardEngine - Starting Servlet engine: [Apache Tomcat/10.1.19]
2025-04-27 23:19:20.556 [main] INFO  o.a.c.c.C.[Tomcat].[localhost].[/] - Initializing Spring embedded WebApplicationContext
2025-04-27 23:19:20.556 [main] INFO  o.s.b.w.s.c.ServletWebServerApplicationContext - Root WebApplicationContext: initialization completed in 941 ms
2025-04-27 23:19:20.650 [main] INFO  o.h.jpa.internal.util.LogHelper - HHH000204: Processing PersistenceUnitInfo [name: default]
2025-04-27 23:19:20.694 [main] INFO  org.hibernate.Version - HHH000412: Hibernate ORM core version 6.4.4.Final
2025-04-27 23:19:20.719 [main] INFO  o.h.c.i.RegionFactoryInitiator - HHH000026: Second-level cache disabled
2025-04-27 23:19:20.889 [main] INFO  com.zaxxer.hikari.HikariDataSource - HikariPool-1 - Starting...
2025-04-27 23:19:21.468 [main] INFO  com.zaxxer.hikari.pool.HikariPool - HikariPool-1 - Added connection com.mysql.cj.jdbc.ConnectionImpl@5e541ef9
2025-04-27 23:19:21.469 [main] INFO  com.zaxxer.hikari.HikariDataSource - HikariPool-1 - Start completed.
2025-04-27 23:19:21.548 [main] WARN  org.hibernate.orm.deprecation - HHH90000025: MySQL8Dialect does not need to be specified explicitly using 'hibernate.dialect' (remove the property setting and it will be selected by default)
2025-04-27 23:19:21.548 [main] WARN  org.hibernate.orm.deprecation - HHH90000026: MySQL8Dialect has been deprecated; use org.hibernate.dialect.MySQLDialect instead
2025-04-27 23:19:22.344 [main] INFO  o.h.e.t.j.p.i.JtaPlatformInitiator - HHH000489: No JTA platform available (set 'hibernate.transaction.jta.platform' to enable JTA platform integration)
2025-04-27 23:19:24.921 [main] INFO  o.s.d.j.r.query.QueryEnhancerFactory - Hibernate is in classpath; If applicable, HQL parser will be used.
2025-04-27 23:19:26.336 [main] INFO  c.e.auth.config.WebSocketConfig - 配置WebSocket客户端入站通道拦截器
2025-04-27 23:19:26.337 [main] INFO  c.e.auth.config.WebSocketConfig - WebSocket客户端入站通道拦截器配置完成
2025-04-27 23:19:26.344 [main] INFO  c.e.auth.config.WebSocketConfig - 配置WebSocket消息代理
2025-04-27 23:19:26.344 [main] INFO  c.e.auth.config.WebSocketConfig - WebSocket消息代理配置完成
2025-04-27 23:19:26.703 [main] INFO  c.e.auth.config.WebSocketConfig - 注册WebSocket端点: /ws
2025-04-27 23:19:26.740 [main] WARN  o.s.b.a.o.j.JpaBaseConfiguration$JpaWebConfiguration - spring.jpa.open-in-view is enabled by default. Therefore, database queries may be performed during view rendering. Explicitly configure spring.jpa.open-in-view to disable this warning
2025-04-27 23:19:26.786 [main] INFO  com.example.auth.config.WebConfig - 配置拦截器，验证用户权限
2025-04-27 23:19:26.789 [main] INFO  com.example.auth.config.WebConfig - 配置CORS，允许前端访问
2025-04-27 23:19:26.789 [main] INFO  com.example.auth.config.WebConfig - CORS配置完成，允许所有来源访问
2025-04-27 23:19:26.846 [main] INFO  com.example.auth.config.WebConfig - 配置资源映射: /uploads/** -> file:C:\Users\37602\Desktop\f_e\uploads/
2025-04-27 23:19:26.946 [main] INFO  o.a.coyote.http11.Http11NioProtocol - Starting ProtocolHandler ["http-nio-8081"]
2025-04-27 23:19:26.961 [main] INFO  o.s.b.w.e.tomcat.TomcatWebServer - Tomcat started on port 8081 (http) with context path ''
2025-04-27 23:19:26.963 [main] INFO  o.s.m.s.b.SimpleBrokerMessageHandler - Starting...
2025-04-27 23:19:26.963 [main] INFO  o.s.m.s.b.SimpleBrokerMessageHandler - BrokerAvailabilityEvent[available=true, SimpleBrokerMessageHandler [org.springframework.messaging.simp.broker.DefaultSubscriptionRegistry@2f3cddaf]]
2025-04-27 23:19:26.963 [main] INFO  o.s.m.s.b.SimpleBrokerMessageHandler - Started.
2025-04-27 23:19:26.967 [main] INFO  com.example.auth.AuthApplication - Started AuthApplication in 7.75 seconds (process running for 8.192)
2025-04-27 23:19:28.554 [http-nio-8081-exec-1] INFO  o.a.c.c.C.[Tomcat].[localhost].[/] - Initializing Spring DispatcherServlet 'dispatcherServlet'
2025-04-27 23:19:28.554 [http-nio-8081-exec-1] INFO  o.s.web.servlet.DispatcherServlet - Initializing Servlet 'dispatcherServlet'
2025-04-27 23:19:28.556 [http-nio-8081-exec-1] INFO  o.s.web.servlet.DispatcherServlet - Completed initialization in 2 ms
2025-04-27 23:19:28.840 [http-nio-8081-exec-1] INFO  c.e.a.c.SupervisorController - Supervisor requested their assigned students list, ID: 3
2025-04-27 23:19:28.840 [http-nio-8081-exec-1] INFO  c.e.a.service.impl.UserServiceImpl - 获取教师ID为3的学生列表
2025-04-27 23:19:29.240 [http-nio-8081-exec-1] INFO  c.e.a.c.SupervisorController - 学生数据示例: id=4, name=null, userNumber=S25521158
2025-04-27 23:19:31.952 [http-nio-8081-exec-3] INFO  c.e.auth.config.WebSocketConfig - 收到STOMP CONNECT命令
2025-04-27 23:19:31.953 [http-nio-8081-exec-3] INFO  c.e.auth.config.WebSocketConfig - 从WebSocket连接中提取到JWT Token: eyJhbGciOi...
2025-04-27 23:19:31.953 [http-nio-8081-exec-3] INFO  c.e.auth.config.WebSocketConfig - 从JWT Token提取的用户ID: 3
2025-04-27 23:19:31.954 [http-nio-8081-exec-3] INFO  c.e.auth.config.WebSocketConfig - WebSocket连接成功设置用户ID为Principal: 3
2025-04-27 23:19:33.642 [http-nio-8081-exec-8] WARN  o.s.w.s.m.s.DefaultHandlerExceptionResolver - Resolved [org.springframework.http.converter.HttpMessageNotReadableException: JSON parse error: Cannot deserialize value of type `java.time.LocalDateTime` from String "2025-04-27T15:19:33.137Z": Failed to deserialize java.time.LocalDateTime: (java.time.format.DateTimeParseException) Text '2025-04-27T15:19:33.137Z' could not be parsed at index 10]
2025-04-27 23:20:26.951 [MessageBroker-11] INFO  o.s.w.s.c.WebSocketMessageBrokerStats - WebSocketSession[1 current WS(1)-HttpStream(0)-HttpPoll(0), 1 total, 0 closed abnormally (0 connect failure, 0 send limit, 0 transport error)], stompSubProtocol[processed CONNECT(1)-CONNECTED(1)-DISCONNECT(0)], stompBrokerRelay[null], inboundChannel[pool size = 12, active threads = 0, queued tasks = 0, completed tasks = 12], outboundChannel[pool size = 1, active threads = 0, queued tasks = 0, completed tasks = 1], sockJsScheduler[pool size = 14, active threads = 1, queued tasks = 2, completed tasks = 14]
2025-04-27 23:21:36.759 [SpringApplicationShutdownHook] INFO  o.s.m.s.b.SimpleBrokerMessageHandler - Stopping...
2025-04-27 23:21:36.760 [SpringApplicationShutdownHook] INFO  o.s.m.s.b.SimpleBrokerMessageHandler - BrokerAvailabilityEvent[available=false, SimpleBrokerMessageHandler [org.springframework.messaging.simp.broker.DefaultSubscriptionRegistry@2f3cddaf]]
2025-04-27 23:21:36.760 [SpringApplicationShutdownHook] INFO  o.s.m.s.b.SimpleBrokerMessageHandler - Stopped.
2025-04-27 23:21:36.778 [SpringApplicationShutdownHook] INFO  com.zaxxer.hikari.HikariDataSource - HikariPool-1 - Shutdown initiated...
2025-04-27 23:21:36.783 [SpringApplicationShutdownHook] INFO  com.zaxxer.hikari.HikariDataSource - HikariPool-1 - Shutdown completed.
2025-04-27 23:22:17.917 [main] INFO  com.example.auth.AuthApplication - Starting AuthApplication using Java 17.0.12 with PID 47948 (C:\Users\37602\Desktop\f_e\Manage_supervision\backend\target\classes started by 37602 in C:\Users\37602\Desktop\f_e)
2025-04-27 23:22:17.918 [main] INFO  com.example.auth.AuthApplication - No active profile set, falling back to 1 default profile: "default"
2025-04-27 23:22:18.406 [main] INFO  o.s.d.r.c.RepositoryConfigurationDelegate - Bootstrapping Spring Data JPA repositories in DEFAULT mode.
2025-04-27 23:22:18.489 [main] INFO  o.s.d.r.c.RepositoryConfigurationDelegate - Finished Spring Data repository scanning in 78 ms. Found 16 JPA repository interfaces.
2025-04-27 23:22:18.828 [main] INFO  o.s.b.w.e.tomcat.TomcatWebServer - Tomcat initialized with port 8081 (http)
2025-04-27 23:22:18.835 [main] INFO  o.a.coyote.http11.Http11NioProtocol - Initializing ProtocolHandler ["http-nio-8081"]
2025-04-27 23:22:18.835 [main] INFO  o.a.catalina.core.StandardService - Starting service [Tomcat]
2025-04-27 23:22:18.835 [main] INFO  o.a.catalina.core.StandardEngine - Starting Servlet engine: [Apache Tomcat/10.1.19]
2025-04-27 23:22:18.876 [main] INFO  o.a.c.c.C.[Tomcat].[localhost].[/] - Initializing Spring embedded WebApplicationContext
2025-04-27 23:22:18.877 [main] INFO  o.s.b.w.s.c.ServletWebServerApplicationContext - Root WebApplicationContext: initialization completed in 921 ms
2025-04-27 23:22:18.969 [main] INFO  o.h.jpa.internal.util.LogHelper - HHH000204: Processing PersistenceUnitInfo [name: default]
2025-04-27 23:22:19.004 [main] INFO  org.hibernate.Version - HHH000412: Hibernate ORM core version 6.4.4.Final
2025-04-27 23:22:19.026 [main] INFO  o.h.c.i.RegionFactoryInitiator - HHH000026: Second-level cache disabled
2025-04-27 23:22:19.208 [main] INFO  com.zaxxer.hikari.HikariDataSource - HikariPool-1 - Starting...
2025-04-27 23:22:19.852 [main] INFO  com.zaxxer.hikari.pool.HikariPool - HikariPool-1 - Added connection com.mysql.cj.jdbc.ConnectionImpl@6181bc4a
2025-04-27 23:22:19.853 [main] INFO  com.zaxxer.hikari.HikariDataSource - HikariPool-1 - Start completed.
2025-04-27 23:22:19.930 [main] WARN  org.hibernate.orm.deprecation - HHH90000025: MySQL8Dialect does not need to be specified explicitly using 'hibernate.dialect' (remove the property setting and it will be selected by default)
2025-04-27 23:22:19.930 [main] WARN  org.hibernate.orm.deprecation - HHH90000026: MySQL8Dialect has been deprecated; use org.hibernate.dialect.MySQLDialect instead
2025-04-27 23:22:20.647 [main] INFO  o.h.e.t.j.p.i.JtaPlatformInitiator - HHH000489: No JTA platform available (set 'hibernate.transaction.jta.platform' to enable JTA platform integration)
2025-04-27 23:22:23.318 [main] INFO  o.s.d.j.r.query.QueryEnhancerFactory - Hibernate is in classpath; If applicable, HQL parser will be used.
2025-04-27 23:22:24.693 [main] INFO  c.e.auth.config.WebSocketConfig - 配置WebSocket客户端入站通道拦截器
2025-04-27 23:22:24.694 [main] INFO  c.e.auth.config.WebSocketConfig - WebSocket客户端入站通道拦截器配置完成
2025-04-27 23:22:24.701 [main] INFO  c.e.auth.config.WebSocketConfig - 配置WebSocket消息代理
2025-04-27 23:22:24.702 [main] INFO  c.e.auth.config.WebSocketConfig - WebSocket消息代理配置完成
2025-04-27 23:22:25.044 [main] INFO  c.e.auth.config.WebSocketConfig - 注册WebSocket端点: /ws
2025-04-27 23:22:25.079 [main] WARN  o.s.b.a.o.j.JpaBaseConfiguration$JpaWebConfiguration - spring.jpa.open-in-view is enabled by default. Therefore, database queries may be performed during view rendering. Explicitly configure spring.jpa.open-in-view to disable this warning
2025-04-27 23:22:25.123 [main] INFO  com.example.auth.config.WebConfig - 配置拦截器，验证用户权限
2025-04-27 23:22:25.125 [main] INFO  com.example.auth.config.WebConfig - 配置CORS，允许前端访问
2025-04-27 23:22:25.126 [main] INFO  com.example.auth.config.WebConfig - CORS配置完成，允许所有来源访问
2025-04-27 23:22:25.185 [main] INFO  com.example.auth.config.WebConfig - 配置资源映射: /uploads/** -> file:C:\Users\37602\Desktop\f_e\uploads/
2025-04-27 23:22:25.289 [main] INFO  o.a.coyote.http11.Http11NioProtocol - Starting ProtocolHandler ["http-nio-8081"]
2025-04-27 23:22:25.305 [main] INFO  o.s.b.w.e.tomcat.TomcatWebServer - Tomcat started on port 8081 (http) with context path ''
2025-04-27 23:22:25.307 [main] INFO  o.s.m.s.b.SimpleBrokerMessageHandler - Starting...
2025-04-27 23:22:25.307 [main] INFO  o.s.m.s.b.SimpleBrokerMessageHandler - BrokerAvailabilityEvent[available=true, SimpleBrokerMessageHandler [org.springframework.messaging.simp.broker.DefaultSubscriptionRegistry@66c937dd]]
2025-04-27 23:22:25.307 [main] INFO  o.s.m.s.b.SimpleBrokerMessageHandler - Started.
2025-04-27 23:22:25.311 [main] INFO  com.example.auth.AuthApplication - Started AuthApplication in 7.758 seconds (process running for 8.19)
2025-04-27 23:22:27.295 [http-nio-8081-exec-1] INFO  o.a.c.c.C.[Tomcat].[localhost].[/] - Initializing Spring DispatcherServlet 'dispatcherServlet'
2025-04-27 23:22:27.296 [http-nio-8081-exec-1] INFO  o.s.web.servlet.DispatcherServlet - Initializing Servlet 'dispatcherServlet'
2025-04-27 23:22:27.297 [http-nio-8081-exec-1] INFO  o.s.web.servlet.DispatcherServlet - Completed initialization in 1 ms
2025-04-27 23:22:27.684 [http-nio-8081-exec-2] INFO  c.e.auth.config.WebSocketConfig - 收到STOMP CONNECT命令
2025-04-27 23:22:27.685 [http-nio-8081-exec-2] INFO  c.e.auth.config.WebSocketConfig - 从WebSocket连接中提取到JWT Token: eyJhbGciOi...
2025-04-27 23:22:27.686 [http-nio-8081-exec-2] INFO  c.e.auth.config.WebSocketConfig - 从JWT Token提取的用户ID: 3
2025-04-27 23:22:27.686 [http-nio-8081-exec-2] INFO  c.e.auth.config.WebSocketConfig - WebSocket连接成功设置用户ID为Principal: 3
2025-04-27 23:22:27.745 [http-nio-8081-exec-3] INFO  c.e.auth.controller.ExamController - 教师创建考试: 1323, 教师ID: 3
2025-04-27 23:22:27.900 [http-nio-8081-exec-3] ERROR c.e.auth.controller.ExamController - 创建考试失败
org.springframework.dao.DataIntegrityViolationException: not-null property references a null or transient value : com.example.auth.entity.Exam.endTime
	at org.springframework.orm.jpa.vendor.HibernateJpaDialect.convertHibernateAccessException(HibernateJpaDialect.java:307)
	at org.springframework.orm.jpa.vendor.HibernateJpaDialect.translateExceptionIfPossible(HibernateJpaDialect.java:241)
	at org.springframework.orm.jpa.AbstractEntityManagerFactoryBean.translateExceptionIfPossible(AbstractEntityManagerFactoryBean.java:550)
	at org.springframework.dao.support.ChainedPersistenceExceptionTranslator.translateExceptionIfPossible(ChainedPersistenceExceptionTranslator.java:61)
	at org.springframework.dao.support.DataAccessUtils.translateIfNecessary(DataAccessUtils.java:335)
	at org.springframework.dao.support.PersistenceExceptionTranslationInterceptor.invoke(PersistenceExceptionTranslationInterceptor.java:152)
	at org.springframework.aop.framework.ReflectiveMethodInvocation.proceed(ReflectiveMethodInvocation.java:184)
	at org.springframework.data.jpa.repository.support.CrudMethodMetadataPostProcessor$CrudMethodMetadataPopulatingMethodInterceptor.invoke(CrudMethodMetadataPostProcessor.java:164)
	at org.springframework.aop.framework.ReflectiveMethodInvocation.proceed(ReflectiveMethodInvocation.java:184)
	at org.springframework.aop.interceptor.ExposeInvocationInterceptor.invoke(ExposeInvocationInterceptor.java:97)
	at org.springframework.aop.framework.ReflectiveMethodInvocation.proceed(ReflectiveMethodInvocation.java:184)
	at org.springframework.aop.framework.JdkDynamicAopProxy.invoke(JdkDynamicAopProxy.java:220)
	at jdk.proxy2/jdk.proxy2.$Proxy141.save(Unknown Source)
	at com.example.auth.service.impl.ExamServiceImpl.createExam(ExamServiceImpl.java:68)
	at java.base/jdk.internal.reflect.NativeMethodAccessorImpl.invoke0(Native Method)
	at java.base/jdk.internal.reflect.NativeMethodAccessorImpl.invoke(NativeMethodAccessorImpl.java:77)
	at java.base/jdk.internal.reflect.DelegatingMethodAccessorImpl.invoke(DelegatingMethodAccessorImpl.java:43)
	at java.base/java.lang.reflect.Method.invoke(Method.java:568)
	at org.springframework.aop.support.AopUtils.invokeJoinpointUsingReflection(AopUtils.java:351)
	at org.springframework.aop.framework.ReflectiveMethodInvocation.invokeJoinpoint(ReflectiveMethodInvocation.java:196)
	at org.springframework.aop.framework.ReflectiveMethodInvocation.proceed(ReflectiveMethodInvocation.java:163)
	at org.springframework.aop.framework.CglibAopProxy$CglibMethodInvocation.proceed(CglibAopProxy.java:765)
	at org.springframework.transaction.interceptor.TransactionInterceptor$1.proceedWithInvocation(TransactionInterceptor.java:123)
	at org.springframework.transaction.interceptor.TransactionAspectSupport.invokeWithinTransaction(TransactionAspectSupport.java:385)
	at org.springframework.transaction.interceptor.TransactionInterceptor.invoke(TransactionInterceptor.java:119)
	at org.springframework.aop.framework.ReflectiveMethodInvocation.proceed(ReflectiveMethodInvocation.java:184)
	at org.springframework.aop.framework.CglibAopProxy$CglibMethodInvocation.proceed(CglibAopProxy.java:765)
	at org.springframework.aop.framework.CglibAopProxy$DynamicAdvisedInterceptor.intercept(CglibAopProxy.java:717)
	at com.example.auth.service.impl.ExamServiceImpl$$SpringCGLIB$$0.createExam(<generated>)
	at com.example.auth.controller.ExamController.createExam(ExamController.java:64)
	at java.base/jdk.internal.reflect.NativeMethodAccessorImpl.invoke0(Native Method)
	at java.base/jdk.internal.reflect.NativeMethodAccessorImpl.invoke(NativeMethodAccessorImpl.java:77)
	at java.base/jdk.internal.reflect.DelegatingMethodAccessorImpl.invoke(DelegatingMethodAccessorImpl.java:43)
	at java.base/java.lang.reflect.Method.invoke(Method.java:568)
	at org.springframework.web.method.support.InvocableHandlerMethod.doInvoke(InvocableHandlerMethod.java:259)
	at org.springframework.web.method.support.InvocableHandlerMethod.invokeForRequest(InvocableHandlerMethod.java:192)
	at org.springframework.web.servlet.mvc.method.annotation.ServletInvocableHandlerMethod.invokeAndHandle(ServletInvocableHandlerMethod.java:118)
	at org.springframework.web.servlet.mvc.method.annotation.RequestMappingHandlerAdapter.invokeHandlerMethod(RequestMappingHandlerAdapter.java:920)
	at org.springframework.web.servlet.mvc.method.annotation.RequestMappingHandlerAdapter.handleInternal(RequestMappingHandlerAdapter.java:830)
	at org.springframework.web.servlet.mvc.method.AbstractHandlerMethodAdapter.handle(AbstractHandlerMethodAdapter.java:87)
	at org.springframework.web.servlet.DispatcherServlet.doDispatch(DispatcherServlet.java:1089)
	at org.springframework.web.servlet.DispatcherServlet.doService(DispatcherServlet.java:979)
	at org.springframework.web.servlet.FrameworkServlet.processRequest(FrameworkServlet.java:1014)
	at org.springframework.web.servlet.FrameworkServlet.doPost(FrameworkServlet.java:914)
	at jakarta.servlet.http.HttpServlet.service(HttpServlet.java:590)
	at org.springframework.web.servlet.FrameworkServlet.service(FrameworkServlet.java:885)
	at jakarta.servlet.http.HttpServlet.service(HttpServlet.java:658)
	at org.apache.catalina.core.ApplicationFilterChain.internalDoFilter(ApplicationFilterChain.java:205)
	at org.apache.catalina.core.ApplicationFilterChain.doFilter(ApplicationFilterChain.java:149)
	at org.apache.tomcat.websocket.server.WsFilter.doFilter(WsFilter.java:51)
	at org.apache.catalina.core.ApplicationFilterChain.internalDoFilter(ApplicationFilterChain.java:174)
	at org.apache.catalina.core.ApplicationFilterChain.doFilter(ApplicationFilterChain.java:149)
	at org.springframework.web.filter.RequestContextFilter.doFilterInternal(RequestContextFilter.java:100)
	at org.springframework.web.filter.OncePerRequestFilter.doFilter(OncePerRequestFilter.java:116)
	at org.apache.catalina.core.ApplicationFilterChain.internalDoFilter(ApplicationFilterChain.java:174)
	at org.apache.catalina.core.ApplicationFilterChain.doFilter(ApplicationFilterChain.java:149)
	at org.springframework.web.filter.FormContentFilter.doFilterInternal(FormContentFilter.java:93)
	at org.springframework.web.filter.OncePerRequestFilter.doFilter(OncePerRequestFilter.java:116)
	at org.apache.catalina.core.ApplicationFilterChain.internalDoFilter(ApplicationFilterChain.java:174)
	at org.apache.catalina.core.ApplicationFilterChain.doFilter(ApplicationFilterChain.java:149)
	at org.springframework.web.filter.CharacterEncodingFilter.doFilterInternal(CharacterEncodingFilter.java:201)
	at org.springframework.web.filter.OncePerRequestFilter.doFilter(OncePerRequestFilter.java:116)
	at org.apache.catalina.core.ApplicationFilterChain.internalDoFilter(ApplicationFilterChain.java:174)
	at org.apache.catalina.core.ApplicationFilterChain.doFilter(ApplicationFilterChain.java:149)
	at org.apache.catalina.core.StandardWrapperValve.invoke(StandardWrapperValve.java:167)
	at org.apache.catalina.core.StandardContextValve.invoke(StandardContextValve.java:90)
	at org.apache.catalina.authenticator.AuthenticatorBase.invoke(AuthenticatorBase.java:482)
	at org.apache.catalina.core.StandardHostValve.invoke(StandardHostValve.java:115)
	at org.apache.catalina.valves.ErrorReportValve.invoke(ErrorReportValve.java:93)
	at org.apache.catalina.core.StandardEngineValve.invoke(StandardEngineValve.java:74)
	at org.apache.catalina.connector.CoyoteAdapter.service(CoyoteAdapter.java:344)
	at org.apache.coyote.http11.Http11Processor.service(Http11Processor.java:391)
	at org.apache.coyote.AbstractProcessorLight.process(AbstractProcessorLight.java:63)
	at org.apache.coyote.AbstractProtocol$ConnectionHandler.process(AbstractProtocol.java:896)
	at org.apache.tomcat.util.net.NioEndpoint$SocketProcessor.doRun(NioEndpoint.java:1744)
	at org.apache.tomcat.util.net.SocketProcessorBase.run(SocketProcessorBase.java:52)
	at org.apache.tomcat.util.threads.ThreadPoolExecutor.runWorker(ThreadPoolExecutor.java:1191)
	at org.apache.tomcat.util.threads.ThreadPoolExecutor$Worker.run(ThreadPoolExecutor.java:659)
	at org.apache.tomcat.util.threads.TaskThread$WrappingRunnable.run(TaskThread.java:63)
	at java.base/java.lang.Thread.run(Thread.java:842)
Caused by: org.hibernate.PropertyValueException: not-null property references a null or transient value : com.example.auth.entity.Exam.endTime
	at org.hibernate.engine.internal.Nullability.checkNullability(Nullability.java:109)
	at org.hibernate.engine.internal.Nullability.checkNullability(Nullability.java:54)
	at org.hibernate.action.internal.AbstractEntityInsertAction.nullifyTransientReferencesIfNotAlready(AbstractEntityInsertAction.java:124)
	at org.hibernate.action.internal.EntityIdentityInsertAction.execute(EntityIdentityInsertAction.java:69)
	at org.hibernate.engine.spi.ActionQueue.execute(ActionQueue.java:670)
	at org.hibernate.engine.spi.ActionQueue.addResolvedEntityInsertAction(ActionQueue.java:291)
	at org.hibernate.engine.spi.ActionQueue.addInsertAction(ActionQueue.java:272)
	at org.hibernate.engine.spi.ActionQueue.addAction(ActionQueue.java:322)
	at org.hibernate.event.internal.AbstractSaveEventListener.addInsertAction(AbstractSaveEventListener.java:386)
	at org.hibernate.event.internal.AbstractSaveEventListener.performSaveOrReplicate(AbstractSaveEventListener.java:300)
	at org.hibernate.event.internal.AbstractSaveEventListener.performSave(AbstractSaveEventListener.java:219)
	at org.hibernate.event.internal.AbstractSaveEventListener.saveWithGeneratedId(AbstractSaveEventListener.java:134)
	at org.hibernate.event.internal.DefaultPersistEventListener.entityIsTransient(DefaultPersistEventListener.java:175)
	at org.hibernate.event.internal.DefaultPersistEventListener.persist(DefaultPersistEventListener.java:93)
	at org.hibernate.event.internal.DefaultPersistEventListener.onPersist(DefaultPersistEventListener.java:77)
	at org.hibernate.event.internal.DefaultPersistEventListener.onPersist(DefaultPersistEventListener.java:54)
	at org.hibernate.event.service.internal.EventListenerGroupImpl.fireEventOnEachListener(EventListenerGroupImpl.java:127)
	at org.hibernate.internal.SessionImpl.firePersist(SessionImpl.java:754)
	at org.hibernate.internal.SessionImpl.persist(SessionImpl.java:738)
	at java.base/jdk.internal.reflect.NativeMethodAccessorImpl.invoke0(Native Method)
	at java.base/jdk.internal.reflect.NativeMethodAccessorImpl.invoke(NativeMethodAccessorImpl.java:77)
	at java.base/jdk.internal.reflect.DelegatingMethodAccessorImpl.invoke(DelegatingMethodAccessorImpl.java:43)
	at java.base/java.lang.reflect.Method.invoke(Method.java:568)
	at org.springframework.orm.jpa.ExtendedEntityManagerCreator$ExtendedEntityManagerInvocationHandler.invoke(ExtendedEntityManagerCreator.java:364)
	at jdk.proxy2/jdk.proxy2.$Proxy116.persist(Unknown Source)
	at java.base/jdk.internal.reflect.NativeMethodAccessorImpl.invoke0(Native Method)
	at java.base/jdk.internal.reflect.NativeMethodAccessorImpl.invoke(NativeMethodAccessorImpl.java:77)
	at java.base/jdk.internal.reflect.DelegatingMethodAccessorImpl.invoke(DelegatingMethodAccessorImpl.java:43)
	at java.base/java.lang.reflect.Method.invoke(Method.java:568)
	at org.springframework.orm.jpa.SharedEntityManagerCreator$SharedEntityManagerInvocationHandler.invoke(SharedEntityManagerCreator.java:319)
	at jdk.proxy2/jdk.proxy2.$Proxy116.persist(Unknown Source)
	at org.springframework.data.jpa.repository.support.SimpleJpaRepository.save(SimpleJpaRepository.java:618)
	at java.base/jdk.internal.reflect.NativeMethodAccessorImpl.invoke0(Native Method)
	at java.base/jdk.internal.reflect.NativeMethodAccessorImpl.invoke(NativeMethodAccessorImpl.java:77)
	at java.base/jdk.internal.reflect.DelegatingMethodAccessorImpl.invoke(DelegatingMethodAccessorImpl.java:43)
	at java.base/java.lang.reflect.Method.invoke(Method.java:568)
	at org.springframework.aop.support.AopUtils.invokeJoinpointUsingReflection(AopUtils.java:351)
	at org.springframework.data.repository.core.support.RepositoryMethodInvoker$RepositoryFragmentMethodInvoker.lambda$new$0(RepositoryMethodInvoker.java:277)
	at org.springframework.data.repository.core.support.RepositoryMethodInvoker.doInvoke(RepositoryMethodInvoker.java:170)
	at org.springframework.data.repository.core.support.RepositoryMethodInvoker.invoke(RepositoryMethodInvoker.java:158)
	at org.springframework.data.repository.core.support.RepositoryComposition$RepositoryFragments.invoke(RepositoryComposition.java:516)
	at org.springframework.data.repository.core.support.RepositoryComposition.invoke(RepositoryComposition.java:285)
	at org.springframework.data.repository.core.support.RepositoryFactorySupport$ImplementationMethodExecutionInterceptor.invoke(RepositoryFactorySupport.java:628)
	at org.springframework.aop.framework.ReflectiveMethodInvocation.proceed(ReflectiveMethodInvocation.java:184)
	at org.springframework.data.repository.core.support.QueryExecutorMethodInterceptor.doInvoke(QueryExecutorMethodInterceptor.java:168)
	at org.springframework.data.repository.core.support.QueryExecutorMethodInterceptor.invoke(QueryExecutorMethodInterceptor.java:143)
	at org.springframework.aop.framework.ReflectiveMethodInvocation.proceed(ReflectiveMethodInvocation.java:184)
	at org.springframework.data.projection.DefaultMethodInvokingMethodInterceptor.invoke(DefaultMethodInvokingMethodInterceptor.java:70)
	at org.springframework.aop.framework.ReflectiveMethodInvocation.proceed(ReflectiveMethodInvocation.java:184)
	at org.springframework.transaction.interceptor.TransactionInterceptor$1.proceedWithInvocation(TransactionInterceptor.java:123)
	at org.springframework.transaction.interceptor.TransactionAspectSupport.invokeWithinTransaction(TransactionAspectSupport.java:385)
	at org.springframework.transaction.interceptor.TransactionInterceptor.invoke(TransactionInterceptor.java:119)
	at org.springframework.aop.framework.ReflectiveMethodInvocation.proceed(ReflectiveMethodInvocation.java:184)
	at org.springframework.dao.support.PersistenceExceptionTranslationInterceptor.invoke(PersistenceExceptionTranslationInterceptor.java:137)
	... 74 common frames omitted
2025-04-27 23:23:25.287 [MessageBroker-11] INFO  o.s.w.s.c.WebSocketMessageBrokerStats - WebSocketSession[1 current WS(1)-HttpStream(0)-HttpPoll(0), 1 total, 0 closed abnormally (0 connect failure, 0 send limit, 0 transport error)], stompSubProtocol[processed CONNECT(1)-CONNECTED(1)-DISCONNECT(0)], stompBrokerRelay[null], inboundChannel[pool size = 12, active threads = 0, queued tasks = 0, completed tasks = 12], outboundChannel[pool size = 1, active threads = 0, queued tasks = 0, completed tasks = 1], sockJsScheduler[pool size = 14, active threads = 1, queued tasks = 2, completed tasks = 14]
2025-04-27 23:25:05.590 [SpringApplicationShutdownHook] INFO  o.s.m.s.b.SimpleBrokerMessageHandler - Stopping...
2025-04-27 23:25:05.590 [SpringApplicationShutdownHook] INFO  o.s.m.s.b.SimpleBrokerMessageHandler - BrokerAvailabilityEvent[available=false, SimpleBrokerMessageHandler [org.springframework.messaging.simp.broker.DefaultSubscriptionRegistry@66c937dd]]
2025-04-27 23:25:05.590 [SpringApplicationShutdownHook] INFO  o.s.m.s.b.SimpleBrokerMessageHandler - Stopped.
2025-04-27 23:25:05.607 [SpringApplicationShutdownHook] INFO  com.zaxxer.hikari.HikariDataSource - HikariPool-1 - Shutdown initiated...
2025-04-27 23:25:05.607 [SpringApplicationShutdownHook] INFO  com.zaxxer.hikari.HikariDataSource - HikariPool-1 - Shutdown completed.
2025-04-27 23:27:50.655 [main] INFO  com.example.auth.AuthApplication - Starting AuthApplication using Java 17.0.12 with PID 39940 (C:\Users\37602\Desktop\f_e\Manage_supervision\backend\target\classes started by 37602 in C:\Users\37602\Desktop\f_e)
2025-04-27 23:27:50.656 [main] INFO  com.example.auth.AuthApplication - No active profile set, falling back to 1 default profile: "default"
2025-04-27 23:27:51.141 [main] INFO  o.s.d.r.c.RepositoryConfigurationDelegate - Bootstrapping Spring Data JPA repositories in DEFAULT mode.
2025-04-27 23:27:51.219 [main] INFO  o.s.d.r.c.RepositoryConfigurationDelegate - Finished Spring Data repository scanning in 74 ms. Found 16 JPA repository interfaces.
2025-04-27 23:27:51.552 [main] INFO  o.s.b.w.e.tomcat.TomcatWebServer - Tomcat initialized with port 8081 (http)
2025-04-27 23:27:51.559 [main] INFO  o.a.coyote.http11.Http11NioProtocol - Initializing ProtocolHandler ["http-nio-8081"]
2025-04-27 23:27:51.560 [main] INFO  o.a.catalina.core.StandardService - Starting service [Tomcat]
2025-04-27 23:27:51.561 [main] INFO  o.a.catalina.core.StandardEngine - Starting Servlet engine: [Apache Tomcat/10.1.19]
2025-04-27 23:27:51.601 [main] INFO  o.a.c.c.C.[Tomcat].[localhost].[/] - Initializing Spring embedded WebApplicationContext
2025-04-27 23:27:51.602 [main] INFO  o.s.b.w.s.c.ServletWebServerApplicationContext - Root WebApplicationContext: initialization completed in 915 ms
2025-04-27 23:27:51.698 [main] INFO  o.h.jpa.internal.util.LogHelper - HHH000204: Processing PersistenceUnitInfo [name: default]
2025-04-27 23:27:51.737 [main] INFO  org.hibernate.Version - HHH000412: Hibernate ORM core version 6.4.4.Final
2025-04-27 23:27:51.758 [main] INFO  o.h.c.i.RegionFactoryInitiator - HHH000026: Second-level cache disabled
2025-04-27 23:27:51.928 [main] INFO  com.zaxxer.hikari.HikariDataSource - HikariPool-1 - Starting...
2025-04-27 23:27:52.478 [main] INFO  com.zaxxer.hikari.pool.HikariPool - HikariPool-1 - Added connection com.mysql.cj.jdbc.ConnectionImpl@370a8b6e
2025-04-27 23:27:52.480 [main] INFO  com.zaxxer.hikari.HikariDataSource - HikariPool-1 - Start completed.
2025-04-27 23:27:52.554 [main] WARN  org.hibernate.orm.deprecation - HHH90000025: MySQL8Dialect does not need to be specified explicitly using 'hibernate.dialect' (remove the property setting and it will be selected by default)
2025-04-27 23:27:52.555 [main] WARN  org.hibernate.orm.deprecation - HHH90000026: MySQL8Dialect has been deprecated; use org.hibernate.dialect.MySQLDialect instead
2025-04-27 23:27:53.363 [main] INFO  o.h.e.t.j.p.i.JtaPlatformInitiator - HHH000489: No JTA platform available (set 'hibernate.transaction.jta.platform' to enable JTA platform integration)
2025-04-27 23:27:56.069 [main] INFO  o.s.d.j.r.query.QueryEnhancerFactory - Hibernate is in classpath; If applicable, HQL parser will be used.
2025-04-27 23:27:57.435 [main] INFO  c.e.auth.config.WebSocketConfig - 配置WebSocket客户端入站通道拦截器
2025-04-27 23:27:57.436 [main] INFO  c.e.auth.config.WebSocketConfig - WebSocket客户端入站通道拦截器配置完成
2025-04-27 23:27:57.441 [main] INFO  c.e.auth.config.WebSocketConfig - 配置WebSocket消息代理
2025-04-27 23:27:57.442 [main] INFO  c.e.auth.config.WebSocketConfig - WebSocket消息代理配置完成
2025-04-27 23:27:57.777 [main] INFO  c.e.auth.config.WebSocketConfig - 注册WebSocket端点: /ws
2025-04-27 23:27:57.814 [main] WARN  o.s.b.a.o.j.JpaBaseConfiguration$JpaWebConfiguration - spring.jpa.open-in-view is enabled by default. Therefore, database queries may be performed during view rendering. Explicitly configure spring.jpa.open-in-view to disable this warning
2025-04-27 23:27:57.863 [main] INFO  com.example.auth.config.WebConfig - 配置拦截器，验证用户权限
2025-04-27 23:27:57.865 [main] INFO  com.example.auth.config.WebConfig - 配置CORS，允许前端访问
2025-04-27 23:27:57.866 [main] INFO  com.example.auth.config.WebConfig - CORS配置完成，允许所有来源访问
2025-04-27 23:27:57.921 [main] INFO  com.example.auth.config.WebConfig - 配置资源映射: /uploads/** -> file:C:\Users\37602\Desktop\f_e\uploads/
2025-04-27 23:27:58.022 [main] INFO  o.a.coyote.http11.Http11NioProtocol - Starting ProtocolHandler ["http-nio-8081"]
2025-04-27 23:27:58.037 [main] INFO  o.s.b.w.e.tomcat.TomcatWebServer - Tomcat started on port 8081 (http) with context path ''
2025-04-27 23:27:58.039 [main] INFO  o.s.m.s.b.SimpleBrokerMessageHandler - Starting...
2025-04-27 23:27:58.039 [main] INFO  o.s.m.s.b.SimpleBrokerMessageHandler - BrokerAvailabilityEvent[available=true, SimpleBrokerMessageHandler [org.springframework.messaging.simp.broker.DefaultSubscriptionRegistry@b59b6bf]]
2025-04-27 23:27:58.039 [main] INFO  o.s.m.s.b.SimpleBrokerMessageHandler - Started.
2025-04-27 23:27:58.043 [main] INFO  com.example.auth.AuthApplication - Started AuthApplication in 7.771 seconds (process running for 8.208)
2025-04-27 23:27:59.276 [http-nio-8081-exec-1] INFO  o.a.c.c.C.[Tomcat].[localhost].[/] - Initializing Spring DispatcherServlet 'dispatcherServlet'
2025-04-27 23:27:59.276 [http-nio-8081-exec-1] INFO  o.s.web.servlet.DispatcherServlet - Initializing Servlet 'dispatcherServlet'
2025-04-27 23:27:59.278 [http-nio-8081-exec-1] INFO  o.s.web.servlet.DispatcherServlet - Completed initialization in 2 ms
2025-04-27 23:27:59.671 [http-nio-8081-exec-7] INFO  c.e.auth.config.WebSocketConfig - 收到STOMP CONNECT命令
2025-04-27 23:27:59.671 [http-nio-8081-exec-7] INFO  c.e.auth.config.WebSocketConfig - 从WebSocket连接中提取到JWT Token: eyJhbGciOi...
2025-04-27 23:27:59.746 [http-nio-8081-exec-7] INFO  c.e.auth.config.WebSocketConfig - 从JWT Token提取的用户ID: 3
2025-04-27 23:27:59.748 [http-nio-8081-exec-7] INFO  c.e.auth.config.WebSocketConfig - WebSocket连接成功设置用户ID为Principal: 3
2025-04-27 23:28:01.350 [http-nio-8081-exec-4] INFO  c.e.auth.controller.ExamController - 教师创建考试: 1323, 教师ID: 3
2025-04-27 23:28:02.118 [http-nio-8081-exec-5] INFO  c.e.auth.controller.ExamController - 教师发布考试: 1, 教师ID: 3
2025-04-27 23:28:03.410 [http-nio-8081-exec-6] INFO  c.e.auth.controller.ExamController - 教师获取考试列表, 教师ID: 3, 状态: , 关键词: 
2025-04-27 23:28:08.951 [http-nio-8081-exec-2] INFO  c.e.auth.controller.ExamController - 获取考试详情: 1
2025-04-27 23:28:10.641 [http-nio-8081-exec-8] INFO  c.e.auth.controller.ExamController - 获取考试学生列表: 1
2025-04-27 23:28:10.691 [http-nio-8081-exec-9] INFO  c.e.auth.controller.ExamController - 获取考试题目列表: 1
2025-04-27 23:28:12.766 [http-nio-8081-exec-7] INFO  c.e.auth.controller.ExamController - 教师获取考试列表, 教师ID: 3, 状态: , 关键词: 
2025-04-27 23:28:58.022 [MessageBroker-4] INFO  o.s.w.s.c.WebSocketMessageBrokerStats - WebSocketSession[1 current WS(1)-HttpStream(0)-HttpPoll(0), 1 total, 0 closed abnormally (0 connect failure, 0 send limit, 0 transport error)], stompSubProtocol[processed CONNECT(1)-CONNECTED(1)-DISCONNECT(0)], stompBrokerRelay[null], inboundChannel[pool size = 12, active threads = 0, queued tasks = 0, completed tasks = 12], outboundChannel[pool size = 1, active threads = 0, queued tasks = 0, completed tasks = 1], sockJsScheduler[pool size = 14, active threads = 1, queued tasks = 2, completed tasks = 14]
2025-04-27 23:36:08.753 [http-nio-8081-exec-3] INFO  c.e.auth.controller.ExamController - 教师获取考试列表, 教师ID: 3, 状态: , 关键词: 
2025-04-27 23:39:54.042 [http-nio-8081-exec-2] INFO  c.e.auth.controller.ExamController - 教师获取考试列表, 教师ID: 3, 状态: , 关键词: 
2025-04-27 23:39:54.221 [http-nio-8081-exec-7] INFO  c.e.auth.config.WebSocketConfig - 收到STOMP CONNECT命令
2025-04-27 23:39:54.221 [http-nio-8081-exec-7] INFO  c.e.auth.config.WebSocketConfig - 从WebSocket连接中提取到JWT Token: eyJhbGciOi...
2025-04-27 23:39:54.222 [http-nio-8081-exec-7] INFO  c.e.auth.config.WebSocketConfig - 从JWT Token提取的用户ID: 3
2025-04-27 23:39:54.222 [http-nio-8081-exec-7] INFO  c.e.auth.config.WebSocketConfig - WebSocket连接成功设置用户ID为Principal: 3
2025-04-27 23:42:56.033 [SpringApplicationShutdownHook] INFO  o.s.m.s.b.SimpleBrokerMessageHandler - Stopping...
2025-04-27 23:42:56.033 [SpringApplicationShutdownHook] INFO  o.s.m.s.b.SimpleBrokerMessageHandler - BrokerAvailabilityEvent[available=false, SimpleBrokerMessageHandler [org.springframework.messaging.simp.broker.DefaultSubscriptionRegistry@b59b6bf]]
2025-04-27 23:42:56.033 [SpringApplicationShutdownHook] INFO  o.s.m.s.b.SimpleBrokerMessageHandler - Stopped.
2025-04-27 23:42:56.052 [SpringApplicationShutdownHook] INFO  com.zaxxer.hikari.HikariDataSource - HikariPool-1 - Shutdown initiated...
2025-04-27 23:42:56.056 [SpringApplicationShutdownHook] INFO  com.zaxxer.hikari.HikariDataSource - HikariPool-1 - Shutdown completed.
2025-04-27 23:44:51.991 [main] INFO  com.example.auth.AuthApplication - Starting AuthApplication using Java 17.0.12 with PID 17248 (C:\Users\37602\Desktop\f_e\Manage_supervision\backend\target\classes started by 37602 in C:\Users\37602\Desktop\f_e)
2025-04-27 23:44:51.993 [main] INFO  com.example.auth.AuthApplication - No active profile set, falling back to 1 default profile: "default"
2025-04-27 23:44:52.453 [main] INFO  o.s.d.r.c.RepositoryConfigurationDelegate - Bootstrapping Spring Data JPA repositories in DEFAULT mode.
2025-04-27 23:44:52.534 [main] INFO  o.s.d.r.c.RepositoryConfigurationDelegate - Finished Spring Data repository scanning in 76 ms. Found 17 JPA repository interfaces.
2025-04-27 23:44:52.867 [main] INFO  o.s.b.w.e.tomcat.TomcatWebServer - Tomcat initialized with port 8081 (http)
2025-04-27 23:44:52.874 [main] INFO  o.a.coyote.http11.Http11NioProtocol - Initializing ProtocolHandler ["http-nio-8081"]
2025-04-27 23:44:52.875 [main] INFO  o.a.catalina.core.StandardService - Starting service [Tomcat]
2025-04-27 23:44:52.875 [main] INFO  o.a.catalina.core.StandardEngine - Starting Servlet engine: [Apache Tomcat/10.1.19]
2025-04-27 23:44:52.920 [main] INFO  o.a.c.c.C.[Tomcat].[localhost].[/] - Initializing Spring embedded WebApplicationContext
2025-04-27 23:44:52.921 [main] INFO  o.s.b.w.s.c.ServletWebServerApplicationContext - Root WebApplicationContext: initialization completed in 900 ms
2025-04-27 23:44:53.018 [main] INFO  o.h.jpa.internal.util.LogHelper - HHH000204: Processing PersistenceUnitInfo [name: default]
2025-04-27 23:44:53.055 [main] INFO  org.hibernate.Version - HHH000412: Hibernate ORM core version 6.4.4.Final
2025-04-27 23:44:53.082 [main] INFO  o.h.c.i.RegionFactoryInitiator - HHH000026: Second-level cache disabled
2025-04-27 23:44:53.272 [main] INFO  com.zaxxer.hikari.HikariDataSource - HikariPool-1 - Starting...
2025-04-27 23:44:53.841 [main] INFO  com.zaxxer.hikari.pool.HikariPool - HikariPool-1 - Added connection com.mysql.cj.jdbc.ConnectionImpl@1c171746
2025-04-27 23:44:53.842 [main] INFO  com.zaxxer.hikari.HikariDataSource - HikariPool-1 - Start completed.
2025-04-27 23:44:53.925 [main] WARN  org.hibernate.orm.deprecation - HHH90000025: MySQL8Dialect does not need to be specified explicitly using 'hibernate.dialect' (remove the property setting and it will be selected by default)
2025-04-27 23:44:53.926 [main] WARN  org.hibernate.orm.deprecation - HHH90000026: MySQL8Dialect has been deprecated; use org.hibernate.dialect.MySQLDialect instead
2025-04-27 23:44:54.639 [main] INFO  o.h.e.t.j.p.i.JtaPlatformInitiator - HHH000489: No JTA platform available (set 'hibernate.transaction.jta.platform' to enable JTA platform integration)
2025-04-27 23:44:57.128 [main] INFO  o.s.d.j.r.query.QueryEnhancerFactory - Hibernate is in classpath; If applicable, HQL parser will be used.
2025-04-27 23:44:58.621 [main] INFO  c.e.auth.config.WebSocketConfig - 配置WebSocket客户端入站通道拦截器
2025-04-27 23:44:58.622 [main] INFO  c.e.auth.config.WebSocketConfig - WebSocket客户端入站通道拦截器配置完成
2025-04-27 23:44:58.630 [main] INFO  c.e.auth.config.WebSocketConfig - 配置WebSocket消息代理
2025-04-27 23:44:58.630 [main] INFO  c.e.auth.config.WebSocketConfig - WebSocket消息代理配置完成
2025-04-27 23:44:59.103 [main] INFO  c.e.auth.config.WebSocketConfig - 注册WebSocket端点: /ws
2025-04-27 23:44:59.154 [main] WARN  o.s.b.a.o.j.JpaBaseConfiguration$JpaWebConfiguration - spring.jpa.open-in-view is enabled by default. Therefore, database queries may be performed during view rendering. Explicitly configure spring.jpa.open-in-view to disable this warning
2025-04-27 23:44:59.211 [main] INFO  com.example.auth.config.WebConfig - 配置拦截器，验证用户权限
2025-04-27 23:44:59.214 [main] INFO  com.example.auth.config.WebConfig - 配置CORS，允许前端访问
2025-04-27 23:44:59.214 [main] INFO  com.example.auth.config.WebConfig - CORS配置完成，允许所有来源访问
2025-04-27 23:44:59.272 [main] INFO  com.example.auth.config.WebConfig - 配置资源映射: /uploads/** -> file:C:\Users\37602\Desktop\f_e\uploads/
2025-04-27 23:44:59.414 [main] INFO  o.a.coyote.http11.Http11NioProtocol - Starting ProtocolHandler ["http-nio-8081"]
2025-04-27 23:44:59.429 [main] INFO  o.s.b.w.e.tomcat.TomcatWebServer - Tomcat started on port 8081 (http) with context path ''
2025-04-27 23:44:59.430 [main] INFO  o.s.m.s.b.SimpleBrokerMessageHandler - Starting...
2025-04-27 23:44:59.431 [main] INFO  o.s.m.s.b.SimpleBrokerMessageHandler - BrokerAvailabilityEvent[available=true, SimpleBrokerMessageHandler [org.springframework.messaging.simp.broker.DefaultSubscriptionRegistry@dc08db6]]
2025-04-27 23:44:59.431 [main] INFO  o.s.m.s.b.SimpleBrokerMessageHandler - Started.
2025-04-27 23:44:59.435 [main] INFO  com.example.auth.AuthApplication - Started AuthApplication in 7.782 seconds (process running for 8.19)
2025-04-27 23:45:00.325 [http-nio-8081-exec-1] INFO  o.a.c.c.C.[Tomcat].[localhost].[/] - Initializing Spring DispatcherServlet 'dispatcherServlet'
2025-04-27 23:45:00.326 [http-nio-8081-exec-1] INFO  o.s.web.servlet.DispatcherServlet - Initializing Servlet 'dispatcherServlet'
2025-04-27 23:45:00.328 [http-nio-8081-exec-1] INFO  o.s.web.servlet.DispatcherServlet - Completed initialization in 2 ms
2025-04-27 23:45:00.740 [http-nio-8081-exec-6] INFO  c.e.auth.config.WebSocketConfig - 收到STOMP CONNECT命令
2025-04-27 23:45:00.741 [http-nio-8081-exec-6] INFO  c.e.auth.config.WebSocketConfig - 从WebSocket连接中提取到JWT Token: eyJhbGciOi...
2025-04-27 23:45:00.818 [http-nio-8081-exec-6] INFO  c.e.auth.config.WebSocketConfig - 从JWT Token提取的用户ID: 3
2025-04-27 23:45:00.818 [http-nio-8081-exec-6] INFO  c.e.auth.config.WebSocketConfig - WebSocket连接成功设置用户ID为Principal: 3
2025-04-27 23:45:02.807 [http-nio-8081-exec-10] INFO  c.e.auth.config.WebSocketConfig - 收到STOMP CONNECT命令
2025-04-27 23:45:02.807 [http-nio-8081-exec-10] INFO  c.e.auth.config.WebSocketConfig - 从WebSocket连接中提取到JWT Token: eyJhbGciOi...
2025-04-27 23:45:02.808 [http-nio-8081-exec-10] INFO  c.e.auth.config.WebSocketConfig - 从JWT Token提取的用户ID: 4
2025-04-27 23:45:02.808 [http-nio-8081-exec-10] INFO  c.e.auth.config.WebSocketConfig - WebSocket连接成功设置用户ID为Principal: 4
2025-04-27 23:45:59.420 [MessageBroker-13] INFO  o.s.w.s.c.WebSocketMessageBrokerStats - WebSocketSession[2 current WS(2)-HttpStream(0)-HttpPoll(0), 2 total, 0 closed abnormally (0 connect failure, 0 send limit, 0 transport error)], stompSubProtocol[processed CONNECT(2)-CONNECTED(2)-DISCONNECT(0)], stompBrokerRelay[null], inboundChannel[pool size = 24, active threads = 0, queued tasks = 0, completed tasks = 24], outboundChannel[pool size = 2, active threads = 0, queued tasks = 0, completed tasks = 2], sockJsScheduler[pool size = 14, active threads = 1, queued tasks = 3, completed tasks = 16]
2025-04-27 23:47:49.488 [http-nio-8081-exec-2] INFO  c.e.auth.config.WebSocketConfig - 收到STOMP CONNECT命令
2025-04-27 23:47:49.488 [http-nio-8081-exec-2] INFO  c.e.auth.config.WebSocketConfig - 从WebSocket连接中提取到JWT Token: eyJhbGciOi...
2025-04-27 23:47:49.489 [http-nio-8081-exec-2] INFO  c.e.auth.config.WebSocketConfig - 从JWT Token提取的用户ID: 4
2025-04-27 23:47:49.489 [http-nio-8081-exec-2] INFO  c.e.auth.config.WebSocketConfig - WebSocket连接成功设置用户ID为Principal: 4
2025-04-27 23:48:00.580 [http-nio-8081-exec-4] INFO  c.e.auth.controller.UserController - 用户请求查看自己的任务, 用户ID: 4
2025-04-27 23:48:00.580 [http-nio-8081-exec-4] INFO  c.e.a.service.impl.TaskServiceImpl - Getting assigned to student all tasks, Student ID: 4
2025-04-27 23:50:51.169 [http-nio-8081-exec-1] INFO  c.e.auth.controller.ExamController - 教师获取考试列表, 教师ID: 3, 状态: , 关键词: 
2025-04-27 23:50:51.349 [http-nio-8081-exec-8] INFO  c.e.auth.config.WebSocketConfig - 收到STOMP CONNECT命令
2025-04-27 23:50:51.349 [http-nio-8081-exec-8] INFO  c.e.auth.config.WebSocketConfig - 从WebSocket连接中提取到JWT Token: eyJhbGciOi...
2025-04-27 23:50:51.350 [http-nio-8081-exec-8] INFO  c.e.auth.config.WebSocketConfig - 从JWT Token提取的用户ID: 3
2025-04-27 23:50:51.351 [http-nio-8081-exec-8] INFO  c.e.auth.config.WebSocketConfig - WebSocket连接成功设置用户ID为Principal: 3
2025-04-27 23:50:51.907 [http-nio-8081-exec-3] INFO  c.e.auth.controller.UserController - 用户请求查看自己的任务, 用户ID: 4
2025-04-27 23:50:51.908 [http-nio-8081-exec-3] INFO  c.e.a.service.impl.TaskServiceImpl - Getting assigned to student all tasks, Student ID: 4
2025-04-27 23:50:52.554 [http-nio-8081-exec-6] INFO  c.e.auth.config.WebSocketConfig - 收到STOMP CONNECT命令
2025-04-27 23:50:52.554 [http-nio-8081-exec-6] INFO  c.e.auth.config.WebSocketConfig - 从WebSocket连接中提取到JWT Token: eyJhbGciOi...
2025-04-27 23:50:52.555 [http-nio-8081-exec-6] INFO  c.e.auth.config.WebSocketConfig - 从JWT Token提取的用户ID: 4
2025-04-27 23:50:52.555 [http-nio-8081-exec-6] INFO  c.e.auth.config.WebSocketConfig - WebSocket连接成功设置用户ID为Principal: 4
2025-04-27 23:52:06.180 [http-nio-8081-exec-1] INFO  c.e.auth.controller.ExamController - 学生获取考试列表, 学生ID: 4, 状态: 
2025-04-27 23:52:22.480 [http-nio-8081-exec-3] INFO  c.e.auth.controller.ExamController - 学生获取考试列表, 学生ID: 4, 状态: 
2025-04-27 23:52:22.678 [http-nio-8081-exec-4] INFO  c.e.auth.config.WebSocketConfig - 收到STOMP CONNECT命令
2025-04-27 23:52:22.678 [http-nio-8081-exec-4] INFO  c.e.auth.config.WebSocketConfig - 从WebSocket连接中提取到JWT Token: eyJhbGciOi...
2025-04-27 23:52:22.679 [http-nio-8081-exec-4] INFO  c.e.auth.config.WebSocketConfig - 从JWT Token提取的用户ID: 4
2025-04-27 23:52:22.680 [http-nio-8081-exec-4] INFO  c.e.auth.config.WebSocketConfig - WebSocket连接成功设置用户ID为Principal: 4
2025-04-27 23:56:27.079 [SpringApplicationShutdownHook] INFO  o.s.m.s.b.SimpleBrokerMessageHandler - Stopping...
2025-04-27 23:56:27.079 [SpringApplicationShutdownHook] INFO  o.s.m.s.b.SimpleBrokerMessageHandler - BrokerAvailabilityEvent[available=false, SimpleBrokerMessageHandler [org.springframework.messaging.simp.broker.DefaultSubscriptionRegistry@dc08db6]]
2025-04-27 23:56:27.079 [SpringApplicationShutdownHook] INFO  o.s.m.s.b.SimpleBrokerMessageHandler - Stopped.
2025-04-27 23:56:27.097 [SpringApplicationShutdownHook] INFO  com.zaxxer.hikari.HikariDataSource - HikariPool-1 - Shutdown initiated...
2025-04-27 23:56:27.102 [SpringApplicationShutdownHook] INFO  com.zaxxer.hikari.HikariDataSource - HikariPool-1 - Shutdown completed.
2025-04-27 23:56:33.663 [main] INFO  com.example.auth.AuthApplication - Starting AuthApplication using Java 17.0.12 with PID 54204 (C:\Users\37602\Desktop\f_e\Manage_supervision\backend\target\classes started by 37602 in C:\Users\37602\Desktop\f_e)
2025-04-27 23:56:33.664 [main] INFO  com.example.auth.AuthApplication - No active profile set, falling back to 1 default profile: "default"
2025-04-27 23:56:34.148 [main] INFO  o.s.d.r.c.RepositoryConfigurationDelegate - Bootstrapping Spring Data JPA repositories in DEFAULT mode.
2025-04-27 23:56:34.234 [main] INFO  o.s.d.r.c.RepositoryConfigurationDelegate - Finished Spring Data repository scanning in 81 ms. Found 17 JPA repository interfaces.
2025-04-27 23:56:34.598 [main] INFO  o.s.b.w.e.tomcat.TomcatWebServer - Tomcat initialized with port 8081 (http)
2025-04-27 23:56:34.604 [main] INFO  o.a.coyote.http11.Http11NioProtocol - Initializing ProtocolHandler ["http-nio-8081"]
2025-04-27 23:56:34.605 [main] INFO  o.a.catalina.core.StandardService - Starting service [Tomcat]
2025-04-27 23:56:34.605 [main] INFO  o.a.catalina.core.StandardEngine - Starting Servlet engine: [Apache Tomcat/10.1.19]
2025-04-27 23:56:34.648 [main] INFO  o.a.c.c.C.[Tomcat].[localhost].[/] - Initializing Spring embedded WebApplicationContext
2025-04-27 23:56:34.648 [main] INFO  o.s.b.w.s.c.ServletWebServerApplicationContext - Root WebApplicationContext: initialization completed in 953 ms
2025-04-27 23:56:34.739 [main] INFO  o.h.jpa.internal.util.LogHelper - HHH000204: Processing PersistenceUnitInfo [name: default]
2025-04-27 23:56:34.773 [main] INFO  org.hibernate.Version - HHH000412: Hibernate ORM core version 6.4.4.Final
2025-04-27 23:56:34.793 [main] INFO  o.h.c.i.RegionFactoryInitiator - HHH000026: Second-level cache disabled
2025-04-27 23:56:34.960 [main] INFO  com.zaxxer.hikari.HikariDataSource - HikariPool-1 - Starting...
2025-04-27 23:56:35.510 [main] INFO  com.zaxxer.hikari.pool.HikariPool - HikariPool-1 - Added connection com.mysql.cj.jdbc.ConnectionImpl@5368e981
2025-04-27 23:56:35.511 [main] INFO  com.zaxxer.hikari.HikariDataSource - HikariPool-1 - Start completed.
2025-04-27 23:56:35.585 [main] WARN  org.hibernate.orm.deprecation - HHH90000025: MySQL8Dialect does not need to be specified explicitly using 'hibernate.dialect' (remove the property setting and it will be selected by default)
2025-04-27 23:56:35.586 [main] WARN  org.hibernate.orm.deprecation - HHH90000026: MySQL8Dialect has been deprecated; use org.hibernate.dialect.MySQLDialect instead
2025-04-27 23:56:36.606 [main] INFO  o.h.e.t.j.p.i.JtaPlatformInitiator - HHH000489: No JTA platform available (set 'hibernate.transaction.jta.platform' to enable JTA platform integration)
2025-04-27 23:56:39.104 [main] INFO  o.s.d.j.r.query.QueryEnhancerFactory - Hibernate is in classpath; If applicable, HQL parser will be used.
2025-04-27 23:56:40.429 [main] INFO  c.e.auth.config.WebSocketConfig - 配置WebSocket客户端入站通道拦截器
2025-04-27 23:56:40.430 [main] INFO  c.e.auth.config.WebSocketConfig - WebSocket客户端入站通道拦截器配置完成
2025-04-27 23:56:40.436 [main] INFO  c.e.auth.config.WebSocketConfig - 配置WebSocket消息代理
2025-04-27 23:56:40.436 [main] INFO  c.e.auth.config.WebSocketConfig - WebSocket消息代理配置完成
2025-04-27 23:56:40.785 [main] INFO  c.e.auth.config.WebSocketConfig - 注册WebSocket端点: /ws
2025-04-27 23:56:40.824 [main] WARN  o.s.b.a.o.j.JpaBaseConfiguration$JpaWebConfiguration - spring.jpa.open-in-view is enabled by default. Therefore, database queries may be performed during view rendering. Explicitly configure spring.jpa.open-in-view to disable this warning
2025-04-27 23:56:40.866 [main] INFO  com.example.auth.config.WebConfig - 配置拦截器，验证用户权限
2025-04-27 23:56:40.866 [main] INFO  com.example.auth.config.WebConfig - 配置CORS，允许前端访问
2025-04-27 23:56:40.866 [main] INFO  com.example.auth.config.WebConfig - CORS配置完成，允许所有来源访问
2025-04-27 23:56:40.923 [main] INFO  com.example.auth.config.WebConfig - 配置资源映射: /uploads/** -> file:C:\Users\37602\Desktop\f_e\uploads/
2025-04-27 23:56:41.011 [main] INFO  o.a.coyote.http11.Http11NioProtocol - Starting ProtocolHandler ["http-nio-8081"]
2025-04-27 23:56:41.024 [main] INFO  o.s.b.w.e.tomcat.TomcatWebServer - Tomcat started on port 8081 (http) with context path ''
2025-04-27 23:56:41.027 [main] INFO  o.s.m.s.b.SimpleBrokerMessageHandler - Starting...
2025-04-27 23:56:41.027 [main] INFO  o.s.m.s.b.SimpleBrokerMessageHandler - BrokerAvailabilityEvent[available=true, SimpleBrokerMessageHandler [org.springframework.messaging.simp.broker.DefaultSubscriptionRegistry@4bc9c7e0]]
2025-04-27 23:56:41.027 [main] INFO  o.s.m.s.b.SimpleBrokerMessageHandler - Started.
2025-04-27 23:56:41.027 [main] INFO  com.example.auth.AuthApplication - Started AuthApplication in 7.733 seconds (process running for 8.209)
2025-04-27 23:56:43.291 [http-nio-8081-exec-1] INFO  o.a.c.c.C.[Tomcat].[localhost].[/] - Initializing Spring DispatcherServlet 'dispatcherServlet'
2025-04-27 23:56:43.292 [http-nio-8081-exec-1] INFO  o.s.web.servlet.DispatcherServlet - Initializing Servlet 'dispatcherServlet'
2025-04-27 23:56:43.293 [http-nio-8081-exec-1] INFO  o.s.web.servlet.DispatcherServlet - Completed initialization in 0 ms
2025-04-27 23:56:43.694 [http-nio-8081-exec-2] INFO  c.e.auth.config.WebSocketConfig - 收到STOMP CONNECT命令
2025-04-27 23:56:43.695 [http-nio-8081-exec-2] INFO  c.e.auth.config.WebSocketConfig - 从WebSocket连接中提取到JWT Token: eyJhbGciOi...
2025-04-27 23:56:43.770 [http-nio-8081-exec-2] INFO  c.e.auth.config.WebSocketConfig - 从JWT Token提取的用户ID: 4
2025-04-27 23:56:43.770 [http-nio-8081-exec-2] INFO  c.e.auth.config.WebSocketConfig - WebSocket连接成功设置用户ID为Principal: 4
2025-04-27 23:56:44.543 [http-nio-8081-exec-7] INFO  c.e.auth.config.WebSocketConfig - 收到STOMP CONNECT命令
2025-04-27 23:56:44.545 [http-nio-8081-exec-7] INFO  c.e.auth.config.WebSocketConfig - 从WebSocket连接中提取到JWT Token: eyJhbGciOi...
2025-04-27 23:56:44.546 [http-nio-8081-exec-7] INFO  c.e.auth.config.WebSocketConfig - 从JWT Token提取的用户ID: 3
2025-04-27 23:56:44.546 [http-nio-8081-exec-7] INFO  c.e.auth.config.WebSocketConfig - WebSocket连接成功设置用户ID为Principal: 3
2025-04-27 23:56:45.595 [http-nio-8081-exec-1] INFO  c.e.auth.controller.ExamController - 学生获取考试列表, 学生ID: 4, 状态: 
2025-04-27 23:56:45.752 [http-nio-8081-exec-6] INFO  c.e.auth.config.WebSocketConfig - 收到STOMP CONNECT命令
2025-04-27 23:56:45.752 [http-nio-8081-exec-6] INFO  c.e.auth.config.WebSocketConfig - 从WebSocket连接中提取到JWT Token: eyJhbGciOi...
2025-04-27 23:56:45.753 [http-nio-8081-exec-6] INFO  c.e.auth.config.WebSocketConfig - 从JWT Token提取的用户ID: 4
2025-04-27 23:56:45.753 [http-nio-8081-exec-6] INFO  c.e.auth.config.WebSocketConfig - WebSocket连接成功设置用户ID为Principal: 4
2025-04-27 23:57:41.016 [MessageBroker-4] INFO  o.s.w.s.c.WebSocketMessageBrokerStats - WebSocketSession[2 current WS(2)-HttpStream(0)-HttpPoll(0), 3 total, 0 closed abnormally (0 connect failure, 0 send limit, 0 transport error)], stompSubProtocol[processed CONNECT(3)-CONNECTED(3)-DISCONNECT(0)], stompBrokerRelay[null], inboundChannel[pool size = 28, active threads = 0, queued tasks = 0, completed tasks = 39], outboundChannel[pool size = 4, active threads = 0, queued tasks = 0, completed tasks = 4], sockJsScheduler[pool size = 14, active threads = 1, queued tasks = 3, completed tasks = 16]
2025-04-27 23:59:15.014 [http-nio-8081-exec-8] INFO  c.e.auth.controller.ExamController - 学生获取考试列表, 学生ID: 4, 状态: 
