2025-04-23 09:36:31.326 [main] INFO  com.example.auth.AuthApplication - Starting AuthApplication using Java 17.0.12 with PID 24160 (C:\Users\37602\Desktop\项目\Manage_supervision\Manage_supervision\backend\target\classes started by 37602 in C:\Users\37602\Desktop\项目\Manage_supervision)
2025-04-23 09:36:31.328 [main] INFO  com.example.auth.AuthApplication - No active profile set, falling back to 1 default profile: "default"
2025-04-23 09:36:31.821 [main] INFO  o.s.d.r.c.RepositoryConfigurationDelegate - Bootstrapping Spring Data JPA repositories in DEFAULT mode.
2025-04-23 09:36:31.906 [main] INFO  o.s.d.r.c.RepositoryConfigurationDelegate - Finished Spring Data repository scanning in 81 ms. Found 18 JPA repository interfaces.
2025-04-23 09:36:32.228 [main] INFO  o.s.b.w.e.tomcat.TomcatWebServer - Tomcat initialized with port 8081 (http)
2025-04-23 09:36:32.266 [main] INFO  o.s.b.w.s.c.ServletWebServerApplicationContext - Root WebApplicationContext: initialization completed in 909 ms
2025-04-23 09:36:38.408 [main] INFO  o.s.d.j.r.query.QueryEnhancerFactory - Hibernate is in classpath; If applicable, HQL parser will be used.
2025-04-23 09:36:39.650 [main] INFO  c.e.auth.config.WebSocketConfig - 配置WebSocket客户端入站通道拦截器
2025-04-23 09:36:39.651 [main] INFO  c.e.auth.config.WebSocketConfig - WebSocket客户端入站通道拦截器配置完成
2025-04-23 09:36:39.656 [main] INFO  c.e.auth.config.WebSocketConfig - 配置WebSocket消息代理
2025-04-23 09:36:39.656 [main] INFO  c.e.auth.config.WebSocketConfig - WebSocket消息代理配置完成
2025-04-23 09:36:39.876 [main] INFO  c.e.auth.config.WebSocketConfig - 注册WebSocket端点: /ws
2025-04-23 09:36:39.915 [main] WARN  o.s.b.a.o.j.JpaBaseConfiguration$JpaWebConfiguration - spring.jpa.open-in-view is enabled by default. Therefore, database queries may be performed during view rendering. Explicitly configure spring.jpa.open-in-view to disable this warning
2025-04-23 09:36:39.955 [main] INFO  com.example.auth.config.WebConfig - 配置拦截器，验证用户权限
2025-04-23 09:36:39.957 [main] INFO  com.example.auth.config.WebConfig - 配置CORS，允许前端访问
2025-04-23 09:36:39.957 [main] INFO  com.example.auth.config.WebConfig - CORS配置完成，允许所有来源访问
2025-04-23 09:36:40.011 [main] INFO  com.example.auth.config.WebConfig - 配置资源映射: /uploads/** -> file:C:\Users\37602\Desktop\项目\Manage_supervision\uploads/
2025-04-23 09:36:40.111 [main] INFO  o.s.b.w.e.tomcat.TomcatWebServer - Tomcat started on port 8081 (http) with context path ''
2025-04-23 09:36:40.112 [main] INFO  o.s.m.s.b.SimpleBrokerMessageHandler - Starting...
2025-04-23 09:36:40.112 [main] INFO  o.s.m.s.b.SimpleBrokerMessageHandler - BrokerAvailabilityEvent[available=true, SimpleBrokerMessageHandler [org.springframework.messaging.simp.broker.DefaultSubscriptionRegistry@40889d01]]
2025-04-23 09:36:40.113 [main] INFO  o.s.m.s.b.SimpleBrokerMessageHandler - Started.
2025-04-23 09:36:40.116 [main] INFO  com.example.auth.AuthApplication - Started AuthApplication in 9.159 seconds (process running for 9.565)
2025-04-23 09:36:41.898 [http-nio-8081-exec-1] INFO  o.s.web.servlet.DispatcherServlet - Initializing Servlet 'dispatcherServlet'
2025-04-23 09:36:41.900 [http-nio-8081-exec-1] INFO  o.s.web.servlet.DispatcherServlet - Completed initialization in 1 ms
2025-04-23 09:36:42.775 [http-nio-8081-exec-2] INFO  c.e.auth.config.WebSocketConfig - 收到STOMP CONNECT命令
2025-04-23 09:36:42.775 [http-nio-8081-exec-2] INFO  c.e.auth.config.WebSocketConfig - 从WebSocket连接中提取到JWT Token: eyJhbGciOi...
2025-04-23 09:36:42.776 [http-nio-8081-exec-2] INFO  c.e.auth.config.WebSocketConfig - 从JWT Token提取的用户ID: 2
2025-04-23 09:36:42.776 [http-nio-8081-exec-2] INFO  c.e.auth.config.WebSocketConfig - WebSocket连接成功设置用户ID为Principal: 2
2025-04-23 09:36:43.641 [http-nio-8081-exec-6] INFO  c.e.auth.config.WebSocketConfig - 收到STOMP CONNECT命令
2025-04-23 09:36:43.641 [http-nio-8081-exec-6] INFO  c.e.auth.config.WebSocketConfig - 从WebSocket连接中提取到JWT Token: eyJhbGciOi...
2025-04-23 09:36:43.642 [http-nio-8081-exec-6] INFO  c.e.auth.config.WebSocketConfig - 从JWT Token提取的用户ID: 3
2025-04-23 09:36:43.643 [http-nio-8081-exec-6] INFO  c.e.auth.config.WebSocketConfig - WebSocket连接成功设置用户ID为Principal: 3
2025-04-23 09:37:40.097 [MessageBroker-13] INFO  o.s.w.s.c.WebSocketMessageBrokerStats - WebSocketSession[2 current WS(2)-HttpStream(0)-HttpPoll(0), 2 total, 0 closed abnormally (0 connect failure, 0 send limit, 0 transport error)], stompSubProtocol[processed CONNECT(2)-CONNECTED(2)-DISCONNECT(0)], stompBrokerRelay[null], inboundChannel[pool size = 24, active threads = 0, queued tasks = 0, completed tasks = 24], outboundChannel[pool size = 2, active threads = 0, queued tasks = 0, completed tasks = 2], sockJsScheduler[pool size = 14, active threads = 1, queued tasks = 3, completed tasks = 16]
2025-04-23 09:44:01.924 [SpringApplicationShutdownHook] INFO  o.s.m.s.b.SimpleBrokerMessageHandler - Stopping...
2025-04-23 09:44:01.926 [SpringApplicationShutdownHook] INFO  o.s.m.s.b.SimpleBrokerMessageHandler - BrokerAvailabilityEvent[available=false, SimpleBrokerMessageHandler [org.springframework.messaging.simp.broker.DefaultSubscriptionRegistry@40889d01]]
2025-04-23 09:44:01.926 [SpringApplicationShutdownHook] INFO  o.s.m.s.b.SimpleBrokerMessageHandler - Stopped.
2025-04-23 09:44:05.880 [main] INFO  com.example.auth.AuthApplication - Starting AuthApplication using Java 17.0.12 with PID 10868 (C:\Users\37602\Desktop\项目\Manage_supervision\Manage_supervision\backend\target\classes started by 37602 in C:\Users\37602\Desktop\项目\Manage_supervision)
2025-04-23 09:44:05.882 [main] INFO  com.example.auth.AuthApplication - No active profile set, falling back to 1 default profile: "default"
2025-04-23 09:44:06.353 [main] INFO  o.s.d.r.c.RepositoryConfigurationDelegate - Bootstrapping Spring Data JPA repositories in DEFAULT mode.
2025-04-23 09:44:06.438 [main] INFO  o.s.d.r.c.RepositoryConfigurationDelegate - Finished Spring Data repository scanning in 80 ms. Found 18 JPA repository interfaces.
2025-04-23 09:44:06.790 [main] INFO  o.s.b.w.e.tomcat.TomcatWebServer - Tomcat initialized with port 8081 (http)
2025-04-23 09:44:06.847 [main] INFO  o.s.b.w.s.c.ServletWebServerApplicationContext - Root WebApplicationContext: initialization completed in 934 ms
2025-04-23 09:44:11.447 [main] INFO  o.s.d.j.r.query.QueryEnhancerFactory - Hibernate is in classpath; If applicable, HQL parser will be used.
2025-04-23 09:44:13.032 [main] INFO  c.e.auth.config.WebSocketConfig - 配置WebSocket客户端入站通道拦截器
2025-04-23 09:44:13.033 [main] INFO  c.e.auth.config.WebSocketConfig - WebSocket客户端入站通道拦截器配置完成
2025-04-23 09:44:13.039 [main] INFO  c.e.auth.config.WebSocketConfig - 配置WebSocket消息代理
2025-04-23 09:44:13.039 [main] INFO  c.e.auth.config.WebSocketConfig - WebSocket消息代理配置完成
2025-04-23 09:44:13.287 [main] INFO  c.e.auth.config.WebSocketConfig - 注册WebSocket端点: /ws
2025-04-23 09:44:13.336 [main] WARN  o.s.b.a.o.j.JpaBaseConfiguration$JpaWebConfiguration - spring.jpa.open-in-view is enabled by default. Therefore, database queries may be performed during view rendering. Explicitly configure spring.jpa.open-in-view to disable this warning
2025-04-23 09:44:13.380 [main] INFO  com.example.auth.config.WebConfig - 配置拦截器，验证用户权限
2025-04-23 09:44:13.382 [main] INFO  com.example.auth.config.WebConfig - 配置CORS，允许前端访问
2025-04-23 09:44:13.382 [main] INFO  com.example.auth.config.WebConfig - CORS配置完成，允许所有来源访问
2025-04-23 09:44:13.433 [main] INFO  com.example.auth.config.WebConfig - 配置资源映射: /uploads/** -> file:C:\Users\37602\Desktop\项目\Manage_supervision\uploads/
2025-04-23 09:44:13.553 [main] INFO  o.s.b.w.e.tomcat.TomcatWebServer - Tomcat started on port 8081 (http) with context path ''
2025-04-23 09:44:13.554 [main] INFO  o.s.m.s.b.SimpleBrokerMessageHandler - Starting...
2025-04-23 09:44:13.554 [main] INFO  o.s.m.s.b.SimpleBrokerMessageHandler - BrokerAvailabilityEvent[available=true, SimpleBrokerMessageHandler [org.springframework.messaging.simp.broker.DefaultSubscriptionRegistry@3ed65635]]
2025-04-23 09:44:13.554 [main] INFO  o.s.m.s.b.SimpleBrokerMessageHandler - Started.
2025-04-23 09:44:13.558 [main] INFO  com.example.auth.AuthApplication - Started AuthApplication in 8.043 seconds (process running for 8.463)
2025-04-23 09:44:17.336 [http-nio-8081-exec-1] INFO  o.s.web.servlet.DispatcherServlet - Initializing Servlet 'dispatcherServlet'
2025-04-23 09:44:17.337 [http-nio-8081-exec-1] INFO  o.s.web.servlet.DispatcherServlet - Completed initialization in 1 ms
2025-04-23 09:44:17.738 [http-nio-8081-exec-3] INFO  c.e.auth.config.WebSocketConfig - 收到STOMP CONNECT命令
2025-04-23 09:44:17.738 [http-nio-8081-exec-3] INFO  c.e.auth.config.WebSocketConfig - 从WebSocket连接中提取到JWT Token: eyJhbGciOi...
2025-04-23 09:44:17.820 [http-nio-8081-exec-3] INFO  c.e.auth.config.WebSocketConfig - 从JWT Token提取的用户ID: 3
2025-04-23 09:44:17.820 [http-nio-8081-exec-3] INFO  c.e.auth.config.WebSocketConfig - WebSocket连接成功设置用户ID为Principal: 3
2025-04-23 09:44:19.540 [http-nio-8081-exec-7] INFO  c.e.auth.config.WebSocketConfig - 收到STOMP CONNECT命令
2025-04-23 09:44:19.540 [http-nio-8081-exec-7] INFO  c.e.auth.config.WebSocketConfig - 从WebSocket连接中提取到JWT Token: eyJhbGciOi...
2025-04-23 09:44:19.541 [http-nio-8081-exec-7] INFO  c.e.auth.config.WebSocketConfig - 从JWT Token提取的用户ID: 2
2025-04-23 09:44:19.541 [http-nio-8081-exec-7] INFO  c.e.auth.config.WebSocketConfig - WebSocket连接成功设置用户ID为Principal: 2
2025-04-23 09:45:13.549 [MessageBroker-8] INFO  o.s.w.s.c.WebSocketMessageBrokerStats - WebSocketSession[2 current WS(2)-HttpStream(0)-HttpPoll(0), 2 total, 0 closed abnormally (0 connect failure, 0 send limit, 0 transport error)], stompSubProtocol[processed CONNECT(2)-CONNECTED(2)-DISCONNECT(0)], stompBrokerRelay[null], inboundChannel[pool size = 24, active threads = 0, queued tasks = 0, completed tasks = 24], outboundChannel[pool size = 2, active threads = 0, queued tasks = 0, completed tasks = 2], sockJsScheduler[pool size = 14, active threads = 1, queued tasks = 3, completed tasks = 16]
2025-04-23 09:46:24.507 [SpringApplicationShutdownHook] INFO  o.s.m.s.b.SimpleBrokerMessageHandler - Stopping...
2025-04-23 09:46:24.507 [SpringApplicationShutdownHook] INFO  o.s.m.s.b.SimpleBrokerMessageHandler - BrokerAvailabilityEvent[available=false, SimpleBrokerMessageHandler [org.springframework.messaging.simp.broker.DefaultSubscriptionRegistry@3ed65635]]
2025-04-23 09:46:24.508 [SpringApplicationShutdownHook] INFO  o.s.m.s.b.SimpleBrokerMessageHandler - Stopped.
2025-04-23 09:46:26.051 [main] INFO  com.example.auth.AuthApplication - Starting AuthApplication using Java 17.0.12 with PID 30748 (C:\Users\37602\Desktop\项目\Manage_supervision\Manage_supervision\backend\target\classes started by 37602 in C:\Users\37602\Desktop\项目\Manage_supervision)
2025-04-23 09:46:26.054 [main] INFO  com.example.auth.AuthApplication - No active profile set, falling back to 1 default profile: "default"
2025-04-23 09:46:26.564 [main] INFO  o.s.d.r.c.RepositoryConfigurationDelegate - Bootstrapping Spring Data JPA repositories in DEFAULT mode.
2025-04-23 09:46:26.654 [main] INFO  o.s.d.r.c.RepositoryConfigurationDelegate - Finished Spring Data repository scanning in 87 ms. Found 18 JPA repository interfaces.
2025-04-23 09:46:26.994 [main] INFO  o.s.b.w.e.tomcat.TomcatWebServer - Tomcat initialized with port 8081 (http)
2025-04-23 09:46:27.037 [main] INFO  o.s.b.w.s.c.ServletWebServerApplicationContext - Root WebApplicationContext: initialization completed in 950 ms
2025-04-23 09:46:31.668 [main] INFO  o.s.d.j.r.query.QueryEnhancerFactory - Hibernate is in classpath; If applicable, HQL parser will be used.
2025-04-23 09:46:33.225 [main] INFO  c.e.auth.config.WebSocketConfig - 配置WebSocket客户端入站通道拦截器
2025-04-23 09:46:33.225 [main] INFO  c.e.auth.config.WebSocketConfig - WebSocket客户端入站通道拦截器配置完成
2025-04-23 09:46:33.232 [main] INFO  c.e.auth.config.WebSocketConfig - 配置WebSocket消息代理
2025-04-23 09:46:33.233 [main] INFO  c.e.auth.config.WebSocketConfig - WebSocket消息代理配置完成
2025-04-23 09:46:33.432 [main] INFO  c.e.auth.config.WebSocketConfig - 注册WebSocket端点: /ws
2025-04-23 09:46:33.473 [main] WARN  o.s.b.a.o.j.JpaBaseConfiguration$JpaWebConfiguration - spring.jpa.open-in-view is enabled by default. Therefore, database queries may be performed during view rendering. Explicitly configure spring.jpa.open-in-view to disable this warning
2025-04-23 09:46:33.513 [main] INFO  com.example.auth.config.WebConfig - 配置拦截器，验证用户权限
2025-04-23 09:46:33.515 [main] INFO  com.example.auth.config.WebConfig - 配置CORS，允许前端访问
2025-04-23 09:46:33.516 [main] INFO  com.example.auth.config.WebConfig - CORS配置完成，允许所有来源访问
2025-04-23 09:46:33.564 [main] INFO  com.example.auth.config.WebConfig - 配置资源映射: /uploads/** -> file:C:\Users\37602\Desktop\项目\Manage_supervision\uploads/
2025-04-23 09:46:33.668 [main] INFO  o.s.b.w.e.tomcat.TomcatWebServer - Tomcat started on port 8081 (http) with context path ''
2025-04-23 09:46:33.670 [main] INFO  o.s.m.s.b.SimpleBrokerMessageHandler - Starting...
2025-04-23 09:46:33.670 [main] INFO  o.s.m.s.b.SimpleBrokerMessageHandler - BrokerAvailabilityEvent[available=true, SimpleBrokerMessageHandler [org.springframework.messaging.simp.broker.DefaultSubscriptionRegistry@48bdd4b0]]
2025-04-23 09:46:33.670 [main] INFO  o.s.m.s.b.SimpleBrokerMessageHandler - Started.
2025-04-23 09:46:33.674 [main] INFO  com.example.auth.AuthApplication - Started AuthApplication in 7.964 seconds (process running for 8.338)
2025-04-23 09:46:34.876 [http-nio-8081-exec-1] INFO  o.s.web.servlet.DispatcherServlet - Initializing Servlet 'dispatcherServlet'
2025-04-23 09:46:34.877 [http-nio-8081-exec-1] INFO  o.s.web.servlet.DispatcherServlet - Completed initialization in 1 ms
2025-04-23 09:46:35.272 [http-nio-8081-exec-3] INFO  c.e.auth.config.WebSocketConfig - 收到STOMP CONNECT命令
2025-04-23 09:46:35.272 [http-nio-8081-exec-3] INFO  c.e.auth.config.WebSocketConfig - 从WebSocket连接中提取到JWT Token: eyJhbGciOi...
2025-04-23 09:46:35.341 [http-nio-8081-exec-3] INFO  c.e.auth.config.WebSocketConfig - 从JWT Token提取的用户ID: 3
2025-04-23 09:46:35.342 [http-nio-8081-exec-3] INFO  c.e.auth.config.WebSocketConfig - WebSocket连接成功设置用户ID为Principal: 3
2025-04-23 09:46:36.528 [http-nio-8081-exec-6] INFO  c.e.auth.config.WebSocketConfig - 收到STOMP CONNECT命令
2025-04-23 09:46:36.528 [http-nio-8081-exec-6] INFO  c.e.auth.config.WebSocketConfig - 从WebSocket连接中提取到JWT Token: eyJhbGciOi...
2025-04-23 09:46:36.529 [http-nio-8081-exec-6] INFO  c.e.auth.config.WebSocketConfig - 从JWT Token提取的用户ID: 2
2025-04-23 09:46:36.529 [http-nio-8081-exec-6] INFO  c.e.auth.config.WebSocketConfig - WebSocket连接成功设置用户ID为Principal: 2
2025-04-23 09:46:47.122 [http-nio-8081-exec-8] INFO  c.e.auth.config.WebSocketConfig - 收到STOMP CONNECT命令
2025-04-23 09:46:47.123 [http-nio-8081-exec-8] INFO  c.e.auth.config.WebSocketConfig - 从WebSocket连接中提取到JWT Token: eyJhbGciOi...
2025-04-23 09:46:47.123 [http-nio-8081-exec-8] INFO  c.e.auth.config.WebSocketConfig - 从JWT Token提取的用户ID: 3
2025-04-23 09:46:47.123 [http-nio-8081-exec-8] INFO  c.e.auth.config.WebSocketConfig - WebSocket连接成功设置用户ID为Principal: 3
2025-04-23 09:47:33.653 [MessageBroker-1] INFO  o.s.w.s.c.WebSocketMessageBrokerStats - WebSocketSession[2 current WS(2)-HttpStream(0)-HttpPoll(0), 3 total, 0 closed abnormally (0 connect failure, 0 send limit, 0 transport error)], stompSubProtocol[processed CONNECT(3)-CONNECTED(3)-DISCONNECT(0)], stompBrokerRelay[null], inboundChannel[pool size = 28, active threads = 0, queued tasks = 0, completed tasks = 39], outboundChannel[pool size = 4, active threads = 0, queued tasks = 0, completed tasks = 4], sockJsScheduler[pool size = 14, active threads = 1, queued tasks = 3, completed tasks = 15]
2025-04-23 09:48:59.856 [http-nio-8081-exec-7] INFO  c.e.auth.config.WebSocketConfig - 收到STOMP CONNECT命令
2025-04-23 09:48:59.856 [http-nio-8081-exec-7] INFO  c.e.auth.config.WebSocketConfig - 从WebSocket连接中提取到JWT Token: eyJhbGciOi...
2025-04-23 09:48:59.857 [http-nio-8081-exec-7] INFO  c.e.auth.config.WebSocketConfig - 从JWT Token提取的用户ID: 3
2025-04-23 09:48:59.857 [http-nio-8081-exec-7] INFO  c.e.auth.config.WebSocketConfig - WebSocket连接成功设置用户ID为Principal: 3
2025-04-23 09:49:02.426 [SpringApplicationShutdownHook] INFO  o.s.m.s.b.SimpleBrokerMessageHandler - Stopping...
2025-04-23 09:49:02.426 [SpringApplicationShutdownHook] INFO  o.s.m.s.b.SimpleBrokerMessageHandler - BrokerAvailabilityEvent[available=false, SimpleBrokerMessageHandler [org.springframework.messaging.simp.broker.DefaultSubscriptionRegistry@48bdd4b0]]
2025-04-23 09:49:02.426 [SpringApplicationShutdownHook] INFO  o.s.m.s.b.SimpleBrokerMessageHandler - Stopped.
2025-04-23 09:49:05.370 [main] INFO  com.example.auth.AuthApplication - Starting AuthApplication using Java 17.0.12 with PID 30028 (C:\Users\37602\Desktop\项目\Manage_supervision\Manage_supervision\backend\target\classes started by 37602 in C:\Users\37602\Desktop\项目\Manage_supervision)
2025-04-23 09:49:05.372 [main] INFO  com.example.auth.AuthApplication - No active profile set, falling back to 1 default profile: "default"
2025-04-23 09:49:05.905 [main] INFO  o.s.d.r.c.RepositoryConfigurationDelegate - Bootstrapping Spring Data JPA repositories in DEFAULT mode.
2025-04-23 09:49:06.001 [main] INFO  o.s.d.r.c.RepositoryConfigurationDelegate - Finished Spring Data repository scanning in 91 ms. Found 18 JPA repository interfaces.
2025-04-23 09:49:06.341 [main] INFO  o.s.b.w.e.tomcat.TomcatWebServer - Tomcat initialized with port 8081 (http)
2025-04-23 09:49:06.383 [main] INFO  o.s.b.w.s.c.ServletWebServerApplicationContext - Root WebApplicationContext: initialization completed in 976 ms
2025-04-23 09:49:10.984 [main] INFO  o.s.d.j.r.query.QueryEnhancerFactory - Hibernate is in classpath; If applicable, HQL parser will be used.
2025-04-23 09:49:12.506 [main] INFO  c.e.auth.config.WebSocketConfig - 配置WebSocket客户端入站通道拦截器
2025-04-23 09:49:12.507 [main] INFO  c.e.auth.config.WebSocketConfig - WebSocket客户端入站通道拦截器配置完成
2025-04-23 09:49:12.512 [main] INFO  c.e.auth.config.WebSocketConfig - 配置WebSocket消息代理
2025-04-23 09:49:12.512 [main] INFO  c.e.auth.config.WebSocketConfig - WebSocket消息代理配置完成
2025-04-23 09:49:12.732 [main] INFO  c.e.auth.config.WebSocketConfig - 注册WebSocket端点: /ws
2025-04-23 09:49:12.776 [main] WARN  o.s.b.a.o.j.JpaBaseConfiguration$JpaWebConfiguration - spring.jpa.open-in-view is enabled by default. Therefore, database queries may be performed during view rendering. Explicitly configure spring.jpa.open-in-view to disable this warning
2025-04-23 09:49:12.823 [main] INFO  com.example.auth.config.WebConfig - 配置拦截器，验证用户权限
2025-04-23 09:49:12.825 [main] INFO  com.example.auth.config.WebConfig - 配置CORS，允许前端访问
2025-04-23 09:49:12.826 [main] INFO  com.example.auth.config.WebConfig - CORS配置完成，允许所有来源访问
2025-04-23 09:49:12.875 [main] INFO  com.example.auth.config.WebConfig - 配置资源映射: /uploads/** -> file:C:\Users\37602\Desktop\项目\Manage_supervision\uploads/
2025-04-23 09:49:12.979 [main] INFO  o.s.b.w.e.tomcat.TomcatWebServer - Tomcat started on port 8081 (http) with context path ''
2025-04-23 09:49:12.980 [main] INFO  o.s.m.s.b.SimpleBrokerMessageHandler - Starting...
2025-04-23 09:49:12.981 [main] INFO  o.s.m.s.b.SimpleBrokerMessageHandler - BrokerAvailabilityEvent[available=true, SimpleBrokerMessageHandler [org.springframework.messaging.simp.broker.DefaultSubscriptionRegistry@3ed65635]]
2025-04-23 09:49:12.981 [main] INFO  o.s.m.s.b.SimpleBrokerMessageHandler - Started.
2025-04-23 09:49:12.985 [main] INFO  com.example.auth.AuthApplication - Started AuthApplication in 7.992 seconds (process running for 8.353)
2025-04-23 09:49:17.509 [http-nio-8081-exec-1] INFO  o.s.web.servlet.DispatcherServlet - Initializing Servlet 'dispatcherServlet'
2025-04-23 09:49:17.510 [http-nio-8081-exec-1] INFO  o.s.web.servlet.DispatcherServlet - Completed initialization in 1 ms
2025-04-23 09:49:17.881 [http-nio-8081-exec-3] INFO  c.e.auth.config.WebSocketConfig - 收到STOMP CONNECT命令
2025-04-23 09:49:17.882 [http-nio-8081-exec-3] INFO  c.e.auth.config.WebSocketConfig - 从WebSocket连接中提取到JWT Token: eyJhbGciOi...
2025-04-23 09:49:17.954 [http-nio-8081-exec-3] INFO  c.e.auth.config.WebSocketConfig - 从JWT Token提取的用户ID: 2
2025-04-23 09:49:17.954 [http-nio-8081-exec-3] INFO  c.e.auth.config.WebSocketConfig - WebSocket连接成功设置用户ID为Principal: 2
2025-04-23 09:49:18.108 [http-nio-8081-exec-6] INFO  c.e.auth.config.WebSocketConfig - 收到STOMP CONNECT命令
2025-04-23 09:49:18.108 [http-nio-8081-exec-6] INFO  c.e.auth.config.WebSocketConfig - 从WebSocket连接中提取到JWT Token: eyJhbGciOi...
2025-04-23 09:49:18.109 [http-nio-8081-exec-6] INFO  c.e.auth.config.WebSocketConfig - 从JWT Token提取的用户ID: 3
2025-04-23 09:49:18.109 [http-nio-8081-exec-6] INFO  c.e.auth.config.WebSocketConfig - WebSocket连接成功设置用户ID为Principal: 3
2025-04-23 09:49:28.363 [http-nio-8081-exec-9] INFO  c.e.auth.config.WebSocketConfig - 收到STOMP CONNECT命令
2025-04-23 09:49:28.363 [http-nio-8081-exec-9] INFO  c.e.auth.config.WebSocketConfig - 从WebSocket连接中提取到JWT Token: eyJhbGciOi...
2025-04-23 09:49:28.363 [http-nio-8081-exec-9] INFO  c.e.auth.config.WebSocketConfig - 从JWT Token提取的用户ID: 3
2025-04-23 09:49:28.364 [http-nio-8081-exec-9] INFO  c.e.auth.config.WebSocketConfig - WebSocket连接成功设置用户ID为Principal: 3
2025-04-23 09:50:12.962 [MessageBroker-2] INFO  o.s.w.s.c.WebSocketMessageBrokerStats - WebSocketSession[2 current WS(2)-HttpStream(0)-HttpPoll(0), 3 total, 0 closed abnormally (0 connect failure, 0 send limit, 0 transport error)], stompSubProtocol[processed CONNECT(3)-CONNECTED(3)-DISCONNECT(0)], stompBrokerRelay[null], inboundChannel[pool size = 28, active threads = 0, queued tasks = 0, completed tasks = 39], outboundChannel[pool size = 4, active threads = 0, queued tasks = 0, completed tasks = 4], sockJsScheduler[pool size = 14, active threads = 1, queued tasks = 3, completed tasks = 15]
2025-04-23 09:55:10.243 [SpringApplicationShutdownHook] INFO  o.s.m.s.b.SimpleBrokerMessageHandler - Stopping...
2025-04-23 09:55:10.243 [SpringApplicationShutdownHook] INFO  o.s.m.s.b.SimpleBrokerMessageHandler - BrokerAvailabilityEvent[available=false, SimpleBrokerMessageHandler [org.springframework.messaging.simp.broker.DefaultSubscriptionRegistry@3ed65635]]
2025-04-23 09:55:10.243 [SpringApplicationShutdownHook] INFO  o.s.m.s.b.SimpleBrokerMessageHandler - Stopped.
2025-04-23 09:55:13.418 [main] INFO  com.example.auth.AuthApplication - Starting AuthApplication using Java 17.0.12 with PID 34800 (C:\Users\37602\Desktop\项目\Manage_supervision\Manage_supervision\backend\target\classes started by 37602 in C:\Users\37602\Desktop\项目\Manage_supervision)
2025-04-23 09:55:13.420 [main] INFO  com.example.auth.AuthApplication - No active profile set, falling back to 1 default profile: "default"
2025-04-23 09:55:13.865 [main] INFO  o.s.d.r.c.RepositoryConfigurationDelegate - Bootstrapping Spring Data JPA repositories in DEFAULT mode.
2025-04-23 09:55:13.954 [main] INFO  o.s.d.r.c.RepositoryConfigurationDelegate - Finished Spring Data repository scanning in 84 ms. Found 18 JPA repository interfaces.
2025-04-23 09:55:14.254 [main] INFO  o.s.b.w.e.tomcat.TomcatWebServer - Tomcat initialized with port 8081 (http)
2025-04-23 09:55:14.295 [main] INFO  o.s.b.w.s.c.ServletWebServerApplicationContext - Root WebApplicationContext: initialization completed in 845 ms
2025-04-23 09:55:18.152 [main] INFO  o.s.d.j.r.query.QueryEnhancerFactory - Hibernate is in classpath; If applicable, HQL parser will be used.
2025-04-23 09:55:19.535 [main] INFO  c.e.auth.config.WebSocketConfig - 配置WebSocket客户端入站通道拦截器
2025-04-23 09:55:19.536 [main] INFO  c.e.auth.config.WebSocketConfig - WebSocket客户端入站通道拦截器配置完成
2025-04-23 09:55:19.541 [main] INFO  c.e.auth.config.WebSocketConfig - 配置WebSocket消息代理
2025-04-23 09:55:19.541 [main] INFO  c.e.auth.config.WebSocketConfig - WebSocket消息代理配置完成
2025-04-23 09:55:19.734 [main] INFO  c.e.auth.config.WebSocketConfig - 注册WebSocket端点: /ws
2025-04-23 09:55:19.783 [main] WARN  o.s.b.a.o.j.JpaBaseConfiguration$JpaWebConfiguration - spring.jpa.open-in-view is enabled by default. Therefore, database queries may be performed during view rendering. Explicitly configure spring.jpa.open-in-view to disable this warning
2025-04-23 09:55:19.823 [main] INFO  com.example.auth.config.WebConfig - 配置拦截器，验证用户权限
2025-04-23 09:55:19.825 [main] INFO  com.example.auth.config.WebConfig - 配置CORS，允许前端访问
2025-04-23 09:55:19.827 [main] INFO  com.example.auth.config.WebConfig - CORS配置完成，允许所有来源访问
2025-04-23 09:55:19.881 [main] INFO  com.example.auth.config.WebConfig - 配置资源映射: /uploads/** -> file:C:\Users\37602\Desktop\项目\Manage_supervision\uploads/
2025-04-23 09:55:19.977 [main] INFO  o.s.b.w.e.tomcat.TomcatWebServer - Tomcat started on port 8081 (http) with context path ''
2025-04-23 09:55:19.978 [main] INFO  o.s.m.s.b.SimpleBrokerMessageHandler - Starting...
2025-04-23 09:55:19.978 [main] INFO  o.s.m.s.b.SimpleBrokerMessageHandler - BrokerAvailabilityEvent[available=true, SimpleBrokerMessageHandler [org.springframework.messaging.simp.broker.DefaultSubscriptionRegistry@58ef7429]]
2025-04-23 09:55:19.978 [main] INFO  o.s.m.s.b.SimpleBrokerMessageHandler - Started.
2025-04-23 09:55:19.982 [main] INFO  com.example.auth.AuthApplication - Started AuthApplication in 6.892 seconds (process running for 7.268)
2025-04-23 09:55:20.303 [http-nio-8081-exec-1] INFO  o.s.web.servlet.DispatcherServlet - Initializing Servlet 'dispatcherServlet'
2025-04-23 09:55:20.304 [http-nio-8081-exec-1] INFO  o.s.web.servlet.DispatcherServlet - Completed initialization in 1 ms
2025-04-23 09:55:20.737 [http-nio-8081-exec-4] INFO  c.e.auth.config.WebSocketConfig - 收到STOMP CONNECT命令
2025-04-23 09:55:20.737 [http-nio-8081-exec-4] INFO  c.e.auth.config.WebSocketConfig - 从WebSocket连接中提取到JWT Token: eyJhbGciOi...
2025-04-23 09:55:20.805 [http-nio-8081-exec-4] INFO  c.e.auth.config.WebSocketConfig - 从JWT Token提取的用户ID: 3
2025-04-23 09:55:20.805 [http-nio-8081-exec-4] INFO  c.e.auth.config.WebSocketConfig - WebSocket连接成功设置用户ID为Principal: 3
2025-04-23 09:55:22.547 [http-nio-8081-exec-6] INFO  c.e.auth.config.WebSocketConfig - 收到STOMP CONNECT命令
2025-04-23 09:55:22.547 [http-nio-8081-exec-6] INFO  c.e.auth.config.WebSocketConfig - 从WebSocket连接中提取到JWT Token: eyJhbGciOi...
2025-04-23 09:55:22.548 [http-nio-8081-exec-6] INFO  c.e.auth.config.WebSocketConfig - 从JWT Token提取的用户ID: 2
2025-04-23 09:55:22.548 [http-nio-8081-exec-6] INFO  c.e.auth.config.WebSocketConfig - WebSocket连接成功设置用户ID为Principal: 2
2025-04-23 09:55:27.596 [http-nio-8081-exec-8] INFO  c.e.auth.config.WebSocketConfig - 收到STOMP CONNECT命令
2025-04-23 09:55:27.596 [http-nio-8081-exec-8] INFO  c.e.auth.config.WebSocketConfig - 从WebSocket连接中提取到JWT Token: eyJhbGciOi...
2025-04-23 09:55:27.597 [http-nio-8081-exec-8] INFO  c.e.auth.config.WebSocketConfig - 从JWT Token提取的用户ID: 3
2025-04-23 09:55:27.597 [http-nio-8081-exec-8] INFO  c.e.auth.config.WebSocketConfig - WebSocket连接成功设置用户ID为Principal: 3
2025-04-23 09:56:19.976 [MessageBroker-14] INFO  o.s.w.s.c.WebSocketMessageBrokerStats - WebSocketSession[2 current WS(2)-HttpStream(0)-HttpPoll(0), 3 total, 0 closed abnormally (0 connect failure, 0 send limit, 0 transport error)], stompSubProtocol[processed CONNECT(3)-CONNECTED(3)-DISCONNECT(0)], stompBrokerRelay[null], inboundChannel[pool size = 28, active threads = 0, queued tasks = 0, completed tasks = 39], outboundChannel[pool size = 4, active threads = 0, queued tasks = 0, completed tasks = 4], sockJsScheduler[pool size = 14, active threads = 1, queued tasks = 3, completed tasks = 16]
2025-04-23 10:01:45.279 [SpringApplicationShutdownHook] INFO  o.s.m.s.b.SimpleBrokerMessageHandler - Stopping...
2025-04-23 10:01:45.279 [SpringApplicationShutdownHook] INFO  o.s.m.s.b.SimpleBrokerMessageHandler - BrokerAvailabilityEvent[available=false, SimpleBrokerMessageHandler [org.springframework.messaging.simp.broker.DefaultSubscriptionRegistry@58ef7429]]
2025-04-23 10:01:45.279 [SpringApplicationShutdownHook] INFO  o.s.m.s.b.SimpleBrokerMessageHandler - Stopped.
2025-04-23 10:01:48.794 [main] INFO  com.example.auth.AuthApplication - Starting AuthApplication using Java 17.0.12 with PID 19784 (C:\Users\37602\Desktop\项目\Manage_supervision\Manage_supervision\backend\target\classes started by 37602 in C:\Users\37602\Desktop\项目\Manage_supervision)
2025-04-23 10:01:48.796 [main] INFO  com.example.auth.AuthApplication - No active profile set, falling back to 1 default profile: "default"
2025-04-23 10:01:49.224 [main] INFO  o.s.d.r.c.RepositoryConfigurationDelegate - Bootstrapping Spring Data JPA repositories in DEFAULT mode.
2025-04-23 10:01:49.307 [main] INFO  o.s.d.r.c.RepositoryConfigurationDelegate - Finished Spring Data repository scanning in 78 ms. Found 18 JPA repository interfaces.
2025-04-23 10:01:49.615 [main] INFO  o.s.b.w.e.tomcat.TomcatWebServer - Tomcat initialized with port 8081 (http)
2025-04-23 10:01:49.665 [main] INFO  o.s.b.w.s.c.ServletWebServerApplicationContext - Root WebApplicationContext: initialization completed in 842 ms
2025-04-23 10:01:53.644 [main] INFO  o.s.d.j.r.query.QueryEnhancerFactory - Hibernate is in classpath; If applicable, HQL parser will be used.
2025-04-23 10:01:55.130 [main] INFO  c.e.auth.config.WebSocketConfig - 配置WebSocket客户端入站通道拦截器
2025-04-23 10:01:55.131 [main] INFO  c.e.auth.config.WebSocketConfig - WebSocket客户端入站通道拦截器配置完成
2025-04-23 10:01:55.137 [main] INFO  c.e.auth.config.WebSocketConfig - 配置WebSocket消息代理
2025-04-23 10:01:55.137 [main] INFO  c.e.auth.config.WebSocketConfig - WebSocket消息代理配置完成
2025-04-23 10:01:55.356 [main] INFO  c.e.auth.config.WebSocketConfig - 注册WebSocket端点: /ws
2025-04-23 10:01:55.397 [main] WARN  o.s.b.a.o.j.JpaBaseConfiguration$JpaWebConfiguration - spring.jpa.open-in-view is enabled by default. Therefore, database queries may be performed during view rendering. Explicitly configure spring.jpa.open-in-view to disable this warning
2025-04-23 10:01:55.440 [main] INFO  com.example.auth.config.WebConfig - 配置拦截器，验证用户权限
2025-04-23 10:01:55.442 [main] INFO  com.example.auth.config.WebConfig - 配置CORS，允许前端访问
2025-04-23 10:01:55.443 [main] INFO  com.example.auth.config.WebConfig - CORS配置完成，允许所有来源访问
2025-04-23 10:01:55.506 [main] INFO  com.example.auth.config.WebConfig - 配置资源映射: /uploads/** -> file:C:\Users\37602\Desktop\项目\Manage_supervision\uploads/
2025-04-23 10:01:55.640 [main] INFO  o.s.b.w.e.tomcat.TomcatWebServer - Tomcat started on port 8081 (http) with context path ''
2025-04-23 10:01:55.641 [main] INFO  o.s.m.s.b.SimpleBrokerMessageHandler - Starting...
2025-04-23 10:01:55.641 [main] INFO  o.s.m.s.b.SimpleBrokerMessageHandler - BrokerAvailabilityEvent[available=true, SimpleBrokerMessageHandler [org.springframework.messaging.simp.broker.DefaultSubscriptionRegistry@21d40c7c]]
2025-04-23 10:01:55.641 [main] INFO  o.s.m.s.b.SimpleBrokerMessageHandler - Started.
2025-04-23 10:01:55.645 [main] INFO  com.example.auth.AuthApplication - Started AuthApplication in 7.184 seconds (process running for 7.547)
2025-04-23 10:01:57.282 [http-nio-8081-exec-1] INFO  o.s.web.servlet.DispatcherServlet - Initializing Servlet 'dispatcherServlet'
2025-04-23 10:01:57.284 [http-nio-8081-exec-1] INFO  o.s.web.servlet.DispatcherServlet - Completed initialization in 2 ms
2025-04-23 10:01:57.681 [http-nio-8081-exec-8] INFO  c.e.auth.config.WebSocketConfig - 收到STOMP CONNECT命令
2025-04-23 10:01:57.682 [http-nio-8081-exec-8] INFO  c.e.auth.config.WebSocketConfig - 从WebSocket连接中提取到JWT Token: eyJhbGciOi...
2025-04-23 10:01:57.683 [http-nio-8081-exec-8] INFO  c.e.auth.config.WebSocketConfig - 从JWT Token提取的用户ID: 2
2025-04-23 10:01:57.684 [http-nio-8081-exec-8] INFO  c.e.auth.config.WebSocketConfig - WebSocket连接成功设置用户ID为Principal: 2
2025-04-23 10:01:58.172 [http-nio-8081-exec-1] INFO  c.e.auth.config.WebSocketConfig - 收到STOMP CONNECT命令
2025-04-23 10:01:58.172 [http-nio-8081-exec-1] INFO  c.e.auth.config.WebSocketConfig - 从WebSocket连接中提取到JWT Token: eyJhbGciOi...
2025-04-23 10:01:58.172 [http-nio-8081-exec-1] INFO  c.e.auth.config.WebSocketConfig - 从JWT Token提取的用户ID: 3
2025-04-23 10:01:58.172 [http-nio-8081-exec-1] INFO  c.e.auth.config.WebSocketConfig - WebSocket连接成功设置用户ID为Principal: 3
2025-04-23 10:02:12.436 [http-nio-8081-exec-8] INFO  c.e.auth.config.WebSocketConfig - 收到STOMP CONNECT命令
2025-04-23 10:02:12.436 [http-nio-8081-exec-8] INFO  c.e.auth.config.WebSocketConfig - 从WebSocket连接中提取到JWT Token: eyJhbGciOi...
2025-04-23 10:02:12.437 [http-nio-8081-exec-8] INFO  c.e.auth.config.WebSocketConfig - 从JWT Token提取的用户ID: 3
2025-04-23 10:02:12.437 [http-nio-8081-exec-8] INFO  c.e.auth.config.WebSocketConfig - WebSocket连接成功设置用户ID为Principal: 3
2025-04-23 10:02:55.637 [MessageBroker-14] INFO  o.s.w.s.c.WebSocketMessageBrokerStats - WebSocketSession[2 current WS(2)-HttpStream(0)-HttpPoll(0), 3 total, 0 closed abnormally (0 connect failure, 0 send limit, 0 transport error)], stompSubProtocol[processed CONNECT(3)-CONNECTED(3)-DISCONNECT(0)], stompBrokerRelay[null], inboundChannel[pool size = 28, active threads = 0, queued tasks = 0, completed tasks = 39], outboundChannel[pool size = 4, active threads = 0, queued tasks = 0, completed tasks = 4], sockJsScheduler[pool size = 14, active threads = 1, queued tasks = 3, completed tasks = 15]
2025-04-23 10:08:39.674 [SpringApplicationShutdownHook] INFO  o.s.m.s.b.SimpleBrokerMessageHandler - Stopping...
2025-04-23 10:08:39.675 [SpringApplicationShutdownHook] INFO  o.s.m.s.b.SimpleBrokerMessageHandler - BrokerAvailabilityEvent[available=false, SimpleBrokerMessageHandler [org.springframework.messaging.simp.broker.DefaultSubscriptionRegistry@21d40c7c]]
2025-04-23 10:08:39.675 [SpringApplicationShutdownHook] INFO  o.s.m.s.b.SimpleBrokerMessageHandler - Stopped.
2025-04-23 10:08:42.792 [main] INFO  com.example.auth.AuthApplication - Starting AuthApplication using Java 17.0.12 with PID 34028 (C:\Users\37602\Desktop\项目\Manage_supervision\Manage_supervision\backend\target\classes started by 37602 in C:\Users\37602\Desktop\项目\Manage_supervision)
2025-04-23 10:08:42.794 [main] INFO  com.example.auth.AuthApplication - No active profile set, falling back to 1 default profile: "default"
2025-04-23 10:08:43.203 [main] INFO  o.s.d.r.c.RepositoryConfigurationDelegate - Bootstrapping Spring Data JPA repositories in DEFAULT mode.
2025-04-23 10:08:43.281 [main] INFO  o.s.d.r.c.RepositoryConfigurationDelegate - Finished Spring Data repository scanning in 74 ms. Found 18 JPA repository interfaces.
2025-04-23 10:08:43.575 [main] INFO  o.s.b.w.e.tomcat.TomcatWebServer - Tomcat initialized with port 8081 (http)
2025-04-23 10:08:43.617 [main] INFO  o.s.b.w.s.c.ServletWebServerApplicationContext - Root WebApplicationContext: initialization completed in 796 ms
2025-04-23 10:08:47.340 [main] INFO  o.s.d.j.r.query.QueryEnhancerFactory - Hibernate is in classpath; If applicable, HQL parser will be used.
2025-04-23 10:08:48.720 [main] INFO  c.e.auth.config.WebSocketConfig - 配置WebSocket客户端入站通道拦截器
2025-04-23 10:08:48.720 [main] INFO  c.e.auth.config.WebSocketConfig - WebSocket客户端入站通道拦截器配置完成
2025-04-23 10:08:48.726 [main] INFO  c.e.auth.config.WebSocketConfig - 配置WebSocket消息代理
2025-04-23 10:08:48.726 [main] INFO  c.e.auth.config.WebSocketConfig - WebSocket消息代理配置完成
2025-04-23 10:08:48.916 [main] INFO  c.e.auth.config.WebSocketConfig - 注册WebSocket端点: /ws
2025-04-23 10:08:48.959 [main] WARN  o.s.b.a.o.j.JpaBaseConfiguration$JpaWebConfiguration - spring.jpa.open-in-view is enabled by default. Therefore, database queries may be performed during view rendering. Explicitly configure spring.jpa.open-in-view to disable this warning
2025-04-23 10:08:49.001 [main] INFO  com.example.auth.config.WebConfig - 配置拦截器，验证用户权限
2025-04-23 10:08:49.002 [main] INFO  com.example.auth.config.WebConfig - 配置CORS，允许前端访问
2025-04-23 10:08:49.003 [main] INFO  com.example.auth.config.WebConfig - CORS配置完成，允许所有来源访问
2025-04-23 10:08:49.054 [main] INFO  com.example.auth.config.WebConfig - 配置资源映射: /uploads/** -> file:C:\Users\37602\Desktop\项目\Manage_supervision\uploads/
2025-04-23 10:08:49.155 [main] INFO  o.s.b.w.e.tomcat.TomcatWebServer - Tomcat started on port 8081 (http) with context path ''
2025-04-23 10:08:49.156 [main] INFO  o.s.m.s.b.SimpleBrokerMessageHandler - Starting...
2025-04-23 10:08:49.156 [main] INFO  o.s.m.s.b.SimpleBrokerMessageHandler - BrokerAvailabilityEvent[available=true, SimpleBrokerMessageHandler [org.springframework.messaging.simp.broker.DefaultSubscriptionRegistry@63662b68]]
2025-04-23 10:08:49.157 [main] INFO  o.s.m.s.b.SimpleBrokerMessageHandler - Started.
2025-04-23 10:08:49.160 [main] INFO  com.example.auth.AuthApplication - Started AuthApplication in 6.681 seconds (process running for 7.049)
2025-04-23 10:08:50.047 [http-nio-8081-exec-1] INFO  o.s.web.servlet.DispatcherServlet - Initializing Servlet 'dispatcherServlet'
2025-04-23 10:08:50.048 [http-nio-8081-exec-1] INFO  o.s.web.servlet.DispatcherServlet - Completed initialization in 1 ms
2025-04-23 10:08:50.447 [http-nio-8081-exec-9] INFO  c.e.auth.config.WebSocketConfig - 收到STOMP CONNECT命令
2025-04-23 10:08:50.447 [http-nio-8081-exec-9] INFO  c.e.auth.config.WebSocketConfig - 从WebSocket连接中提取到JWT Token: eyJhbGciOi...
2025-04-23 10:08:50.507 [http-nio-8081-exec-9] INFO  c.e.auth.config.WebSocketConfig - 从JWT Token提取的用户ID: 3
2025-04-23 10:08:50.508 [http-nio-8081-exec-9] INFO  c.e.auth.config.WebSocketConfig - WebSocket连接成功设置用户ID为Principal: 3
2025-04-23 10:08:51.540 [http-nio-8081-exec-2] INFO  c.e.auth.config.WebSocketConfig - 收到STOMP CONNECT命令
2025-04-23 10:08:51.541 [http-nio-8081-exec-2] INFO  c.e.auth.config.WebSocketConfig - 从WebSocket连接中提取到JWT Token: eyJhbGciOi...
2025-04-23 10:08:51.542 [http-nio-8081-exec-2] INFO  c.e.auth.config.WebSocketConfig - 从JWT Token提取的用户ID: 2
2025-04-23 10:08:51.542 [http-nio-8081-exec-2] INFO  c.e.auth.config.WebSocketConfig - WebSocket连接成功设置用户ID为Principal: 2
2025-04-23 10:08:52.824 [http-nio-8081-exec-2] INFO  c.e.auth.config.WebSocketConfig - 收到STOMP CONNECT命令
2025-04-23 10:08:52.824 [http-nio-8081-exec-2] INFO  c.e.auth.config.WebSocketConfig - 从WebSocket连接中提取到JWT Token: eyJhbGciOi...
2025-04-23 10:08:52.825 [http-nio-8081-exec-2] INFO  c.e.auth.config.WebSocketConfig - 从JWT Token提取的用户ID: 3
2025-04-23 10:08:52.825 [http-nio-8081-exec-2] INFO  c.e.auth.config.WebSocketConfig - WebSocket连接成功设置用户ID为Principal: 3
2025-04-23 10:09:49.149 [MessageBroker-3] INFO  o.s.w.s.c.WebSocketMessageBrokerStats - WebSocketSession[2 current WS(2)-HttpStream(0)-HttpPoll(0), 3 total, 0 closed abnormally (0 connect failure, 0 send limit, 0 transport error)], stompSubProtocol[processed CONNECT(3)-CONNECTED(3)-DISCONNECT(0)], stompBrokerRelay[null], inboundChannel[pool size = 28, active threads = 0, queued tasks = 0, completed tasks = 39], outboundChannel[pool size = 4, active threads = 0, queued tasks = 0, completed tasks = 4], sockJsScheduler[pool size = 14, active threads = 1, queued tasks = 3, completed tasks = 16]
2025-04-23 10:10:21.791 [SpringApplicationShutdownHook] INFO  o.s.m.s.b.SimpleBrokerMessageHandler - Stopping...
2025-04-23 10:10:21.791 [SpringApplicationShutdownHook] INFO  o.s.m.s.b.SimpleBrokerMessageHandler - BrokerAvailabilityEvent[available=false, SimpleBrokerMessageHandler [org.springframework.messaging.simp.broker.DefaultSubscriptionRegistry@63662b68]]
2025-04-23 10:10:21.791 [SpringApplicationShutdownHook] INFO  o.s.m.s.b.SimpleBrokerMessageHandler - Stopped.
2025-04-23 10:10:24.702 [main] INFO  com.example.auth.AuthApplication - Starting AuthApplication using Java 17.0.12 with PID 29992 (C:\Users\37602\Desktop\项目\Manage_supervision\Manage_supervision\backend\target\classes started by 37602 in C:\Users\37602\Desktop\项目\Manage_supervision)
2025-04-23 10:10:24.704 [main] INFO  com.example.auth.AuthApplication - No active profile set, falling back to 1 default profile: "default"
2025-04-23 10:10:25.148 [main] INFO  o.s.d.r.c.RepositoryConfigurationDelegate - Bootstrapping Spring Data JPA repositories in DEFAULT mode.
2025-04-23 10:10:25.239 [main] INFO  o.s.d.r.c.RepositoryConfigurationDelegate - Finished Spring Data repository scanning in 85 ms. Found 18 JPA repository interfaces.
2025-04-23 10:10:25.568 [main] INFO  o.s.b.w.e.tomcat.TomcatWebServer - Tomcat initialized with port 8081 (http)
2025-04-23 10:10:25.612 [main] INFO  o.s.b.w.s.c.ServletWebServerApplicationContext - Root WebApplicationContext: initialization completed in 879 ms
2025-04-23 10:10:29.187 [main] INFO  o.s.d.j.r.query.QueryEnhancerFactory - Hibernate is in classpath; If applicable, HQL parser will be used.
2025-04-23 10:10:30.604 [main] INFO  c.e.auth.config.WebSocketConfig - 配置WebSocket客户端入站通道拦截器
2025-04-23 10:10:30.605 [main] INFO  c.e.auth.config.WebSocketConfig - WebSocket客户端入站通道拦截器配置完成
2025-04-23 10:10:30.617 [main] INFO  c.e.auth.config.WebSocketConfig - 配置WebSocket消息代理
2025-04-23 10:10:30.618 [main] INFO  c.e.auth.config.WebSocketConfig - WebSocket消息代理配置完成
2025-04-23 10:10:30.866 [main] INFO  c.e.auth.config.WebSocketConfig - 注册WebSocket端点: /ws
2025-04-23 10:10:30.904 [main] WARN  o.s.b.a.o.j.JpaBaseConfiguration$JpaWebConfiguration - spring.jpa.open-in-view is enabled by default. Therefore, database queries may be performed during view rendering. Explicitly configure spring.jpa.open-in-view to disable this warning
2025-04-23 10:10:30.945 [main] INFO  com.example.auth.config.WebConfig - 配置拦截器，验证用户权限
2025-04-23 10:10:30.948 [main] INFO  com.example.auth.config.WebConfig - 配置CORS，允许前端访问
2025-04-23 10:10:30.948 [main] INFO  com.example.auth.config.WebConfig - CORS配置完成，允许所有来源访问
2025-04-23 10:10:31.005 [main] INFO  com.example.auth.config.WebConfig - 配置资源映射: /uploads/** -> file:C:\Users\37602\Desktop\项目\Manage_supervision\uploads/
2025-04-23 10:10:31.187 [main] INFO  o.s.b.w.e.tomcat.TomcatWebServer - Tomcat started on port 8081 (http) with context path ''
2025-04-23 10:10:31.188 [main] INFO  o.s.m.s.b.SimpleBrokerMessageHandler - Starting...
2025-04-23 10:10:31.189 [main] INFO  o.s.m.s.b.SimpleBrokerMessageHandler - BrokerAvailabilityEvent[available=true, SimpleBrokerMessageHandler [org.springframework.messaging.simp.broker.DefaultSubscriptionRegistry@12ccc0d3]]
2025-04-23 10:10:31.189 [main] INFO  o.s.m.s.b.SimpleBrokerMessageHandler - Started.
2025-04-23 10:10:31.194 [main] INFO  com.example.auth.AuthApplication - Started AuthApplication in 6.85 seconds (process running for 7.243)
2025-04-23 10:10:32.171 [http-nio-8081-exec-8] INFO  o.s.web.servlet.DispatcherServlet - Initializing Servlet 'dispatcherServlet'
2025-04-23 10:10:32.172 [http-nio-8081-exec-8] INFO  o.s.web.servlet.DispatcherServlet - Completed initialization in 1 ms
2025-04-23 10:10:32.565 [http-nio-8081-exec-9] INFO  c.e.auth.config.WebSocketConfig - 收到STOMP CONNECT命令
2025-04-23 10:10:32.565 [http-nio-8081-exec-9] INFO  c.e.auth.config.WebSocketConfig - 从WebSocket连接中提取到JWT Token: eyJhbGciOi...
2025-04-23 10:10:32.643 [http-nio-8081-exec-9] INFO  c.e.auth.config.WebSocketConfig - 从JWT Token提取的用户ID: 3
2025-04-23 10:10:32.643 [http-nio-8081-exec-9] INFO  c.e.auth.config.WebSocketConfig - WebSocket连接成功设置用户ID为Principal: 3
2025-04-23 10:10:33.533 [http-nio-8081-exec-7] INFO  c.e.auth.config.WebSocketConfig - 收到STOMP CONNECT命令
2025-04-23 10:10:33.533 [http-nio-8081-exec-7] INFO  c.e.auth.config.WebSocketConfig - 从WebSocket连接中提取到JWT Token: eyJhbGciOi...
2025-04-23 10:10:33.534 [http-nio-8081-exec-7] INFO  c.e.auth.config.WebSocketConfig - 从JWT Token提取的用户ID: 2
2025-04-23 10:10:33.535 [http-nio-8081-exec-7] INFO  c.e.auth.config.WebSocketConfig - WebSocket连接成功设置用户ID为Principal: 2
2025-04-23 10:11:31.143 [MessageBroker-6] INFO  o.s.w.s.c.WebSocketMessageBrokerStats - WebSocketSession[2 current WS(2)-HttpStream(0)-HttpPoll(0), 2 total, 0 closed abnormally (0 connect failure, 0 send limit, 0 transport error)], stompSubProtocol[processed CONNECT(2)-CONNECTED(2)-DISCONNECT(0)], stompBrokerRelay[null], inboundChannel[pool size = 24, active threads = 0, queued tasks = 0, completed tasks = 24], outboundChannel[pool size = 2, active threads = 0, queued tasks = 0, completed tasks = 2], sockJsScheduler[pool size = 14, active threads = 1, queued tasks = 3, completed tasks = 16]
2025-04-23 10:13:04.306 [http-nio-8081-exec-3] INFO  c.e.auth.config.WebSocketConfig - 收到STOMP CONNECT命令
2025-04-23 10:13:04.306 [http-nio-8081-exec-3] INFO  c.e.auth.config.WebSocketConfig - 从WebSocket连接中提取到JWT Token: eyJhbGciOi...
2025-04-23 10:13:04.309 [http-nio-8081-exec-3] INFO  c.e.auth.config.WebSocketConfig - 从JWT Token提取的用户ID: 2
2025-04-23 10:13:04.309 [http-nio-8081-exec-3] INFO  c.e.auth.config.WebSocketConfig - WebSocket连接成功设置用户ID为Principal: 2
2025-04-23 10:13:58.731 [http-nio-8081-exec-3] INFO  c.e.auth.config.WebSocketConfig - 收到STOMP CONNECT命令
2025-04-23 10:13:58.731 [http-nio-8081-exec-3] INFO  c.e.auth.config.WebSocketConfig - 从WebSocket连接中提取到JWT Token: eyJhbGciOi...
2025-04-23 10:13:58.732 [http-nio-8081-exec-3] INFO  c.e.auth.config.WebSocketConfig - 从JWT Token提取的用户ID: 3
2025-04-23 10:13:58.732 [http-nio-8081-exec-3] INFO  c.e.auth.config.WebSocketConfig - WebSocket连接成功设置用户ID为Principal: 3
2025-04-23 10:14:16.291 [http-nio-8081-exec-1] INFO  c.e.auth.config.WebSocketConfig - 收到STOMP CONNECT命令
2025-04-23 10:14:16.291 [http-nio-8081-exec-1] INFO  c.e.auth.config.WebSocketConfig - 从WebSocket连接中提取到JWT Token: eyJhbGciOi...
2025-04-23 10:14:16.291 [http-nio-8081-exec-1] INFO  c.e.auth.config.WebSocketConfig - 从JWT Token提取的用户ID: 4
2025-04-23 10:14:16.291 [http-nio-8081-exec-1] INFO  c.e.auth.config.WebSocketConfig - WebSocket连接成功设置用户ID为Principal: 4
2025-04-23 10:18:19.901 [http-nio-8081-exec-5] INFO  c.e.auth.config.WebSocketConfig - 收到STOMP CONNECT命令
2025-04-23 10:18:19.901 [http-nio-8081-exec-5] INFO  c.e.auth.config.WebSocketConfig - 从WebSocket连接中提取到JWT Token: eyJhbGciOi...
2025-04-23 10:18:19.902 [http-nio-8081-exec-5] INFO  c.e.auth.config.WebSocketConfig - 从JWT Token提取的用户ID: 4
2025-04-23 10:18:19.902 [http-nio-8081-exec-5] INFO  c.e.auth.config.WebSocketConfig - WebSocket连接成功设置用户ID为Principal: 4
2025-04-23 10:20:28.305 [SpringApplicationShutdownHook] INFO  o.s.m.s.b.SimpleBrokerMessageHandler - Stopping...
2025-04-23 10:20:28.305 [SpringApplicationShutdownHook] INFO  o.s.m.s.b.SimpleBrokerMessageHandler - BrokerAvailabilityEvent[available=false, SimpleBrokerMessageHandler [org.springframework.messaging.simp.broker.DefaultSubscriptionRegistry@12ccc0d3]]
2025-04-23 10:20:28.305 [SpringApplicationShutdownHook] INFO  o.s.m.s.b.SimpleBrokerMessageHandler - Stopped.
2025-04-23 10:20:31.343 [main] INFO  com.example.auth.AuthApplication - Starting AuthApplication using Java 17.0.12 with PID 9028 (C:\Users\37602\Desktop\项目\Manage_supervision\Manage_supervision\backend\target\classes started by 37602 in C:\Users\37602\Desktop\项目\Manage_supervision)
2025-04-23 10:20:31.344 [main] INFO  com.example.auth.AuthApplication - No active profile set, falling back to 1 default profile: "default"
2025-04-23 10:20:31.755 [main] INFO  o.s.d.r.c.RepositoryConfigurationDelegate - Bootstrapping Spring Data JPA repositories in DEFAULT mode.
2025-04-23 10:20:31.832 [main] INFO  o.s.d.r.c.RepositoryConfigurationDelegate - Finished Spring Data repository scanning in 74 ms. Found 18 JPA repository interfaces.
2025-04-23 10:20:32.167 [main] INFO  o.s.b.w.e.tomcat.TomcatWebServer - Tomcat initialized with port 8081 (http)
2025-04-23 10:20:32.208 [main] INFO  o.s.b.w.s.c.ServletWebServerApplicationContext - Root WebApplicationContext: initialization completed in 834 ms
2025-04-23 10:20:35.872 [main] INFO  o.s.d.j.r.query.QueryEnhancerFactory - Hibernate is in classpath; If applicable, HQL parser will be used.
2025-04-23 10:20:37.254 [main] INFO  c.e.auth.config.WebSocketConfig - 配置WebSocket客户端入站通道拦截器
2025-04-23 10:20:37.255 [main] INFO  c.e.auth.config.WebSocketConfig - WebSocket客户端入站通道拦截器配置完成
2025-04-23 10:20:37.260 [main] INFO  c.e.auth.config.WebSocketConfig - 配置WebSocket消息代理
2025-04-23 10:20:37.260 [main] INFO  c.e.auth.config.WebSocketConfig - WebSocket消息代理配置完成
2025-04-23 10:20:37.465 [main] INFO  c.e.auth.config.WebSocketConfig - 注册WebSocket端点: /ws
2025-04-23 10:20:37.504 [main] WARN  o.s.b.a.o.j.JpaBaseConfiguration$JpaWebConfiguration - spring.jpa.open-in-view is enabled by default. Therefore, database queries may be performed during view rendering. Explicitly configure spring.jpa.open-in-view to disable this warning
2025-04-23 10:20:37.545 [main] INFO  com.example.auth.config.WebConfig - 配置拦截器，验证用户权限
2025-04-23 10:20:37.547 [main] INFO  com.example.auth.config.WebConfig - 配置CORS，允许前端访问
2025-04-23 10:20:37.548 [main] INFO  com.example.auth.config.WebConfig - CORS配置完成，允许所有来源访问
2025-04-23 10:20:37.601 [main] INFO  com.example.auth.config.WebConfig - 配置资源映射: /uploads/** -> file:C:\Users\37602\Desktop\项目\Manage_supervision\uploads/
2025-04-23 10:20:37.717 [main] INFO  o.s.b.w.e.tomcat.TomcatWebServer - Tomcat started on port 8081 (http) with context path ''
2025-04-23 10:20:37.718 [main] INFO  o.s.m.s.b.SimpleBrokerMessageHandler - Starting...
2025-04-23 10:20:37.718 [main] INFO  o.s.m.s.b.SimpleBrokerMessageHandler - BrokerAvailabilityEvent[available=true, SimpleBrokerMessageHandler [org.springframework.messaging.simp.broker.DefaultSubscriptionRegistry@15b0118]]
2025-04-23 10:20:37.718 [main] INFO  o.s.m.s.b.SimpleBrokerMessageHandler - Started.
2025-04-23 10:20:37.722 [main] INFO  com.example.auth.AuthApplication - Started AuthApplication in 6.733 seconds (process running for 7.074)
2025-04-23 10:20:38.696 [http-nio-8081-exec-2] INFO  o.s.web.servlet.DispatcherServlet - Initializing Servlet 'dispatcherServlet'
2025-04-23 10:20:38.697 [http-nio-8081-exec-2] INFO  o.s.web.servlet.DispatcherServlet - Completed initialization in 1 ms
2025-04-23 10:20:39.101 [http-nio-8081-exec-4] INFO  c.e.auth.config.WebSocketConfig - 收到STOMP CONNECT命令
2025-04-23 10:20:39.101 [http-nio-8081-exec-3] INFO  c.e.auth.config.WebSocketConfig - 收到STOMP CONNECT命令
2025-04-23 10:20:39.102 [http-nio-8081-exec-3] INFO  c.e.auth.config.WebSocketConfig - 从WebSocket连接中提取到JWT Token: eyJhbGciOi...
2025-04-23 10:20:39.102 [http-nio-8081-exec-4] INFO  c.e.auth.config.WebSocketConfig - 从WebSocket连接中提取到JWT Token: eyJhbGciOi...
2025-04-23 10:20:39.161 [http-nio-8081-exec-3] INFO  c.e.auth.config.WebSocketConfig - 从JWT Token提取的用户ID: 3
2025-04-23 10:20:39.161 [http-nio-8081-exec-4] INFO  c.e.auth.config.WebSocketConfig - 从JWT Token提取的用户ID: 2
2025-04-23 10:20:39.162 [http-nio-8081-exec-3] INFO  c.e.auth.config.WebSocketConfig - WebSocket连接成功设置用户ID为Principal: 3
2025-04-23 10:20:39.162 [http-nio-8081-exec-4] INFO  c.e.auth.config.WebSocketConfig - WebSocket连接成功设置用户ID为Principal: 2
2025-04-23 10:20:44.570 [http-nio-8081-exec-9] INFO  c.e.auth.config.WebSocketConfig - 收到STOMP CONNECT命令
2025-04-23 10:20:44.571 [http-nio-8081-exec-9] INFO  c.e.auth.config.WebSocketConfig - 从WebSocket连接中提取到JWT Token: eyJhbGciOi...
2025-04-23 10:20:44.571 [http-nio-8081-exec-9] INFO  c.e.auth.config.WebSocketConfig - 从JWT Token提取的用户ID: 4
2025-04-23 10:20:44.571 [http-nio-8081-exec-9] INFO  c.e.auth.config.WebSocketConfig - WebSocket连接成功设置用户ID为Principal: 4
2025-04-23 10:20:54.239 [http-nio-8081-exec-9] INFO  c.e.auth.config.WebSocketConfig - 收到STOMP CONNECT命令
2025-04-23 10:20:54.239 [http-nio-8081-exec-9] INFO  c.e.auth.config.WebSocketConfig - 从WebSocket连接中提取到JWT Token: eyJhbGciOi...
2025-04-23 10:20:54.240 [http-nio-8081-exec-9] INFO  c.e.auth.config.WebSocketConfig - 从JWT Token提取的用户ID: 2
2025-04-23 10:20:54.240 [http-nio-8081-exec-9] INFO  c.e.auth.config.WebSocketConfig - WebSocket连接成功设置用户ID为Principal: 2
2025-04-23 10:21:01.271 [http-nio-8081-exec-10] INFO  c.e.auth.config.WebSocketConfig - 收到STOMP CONNECT命令
2025-04-23 10:21:01.272 [http-nio-8081-exec-10] INFO  c.e.auth.config.WebSocketConfig - 从WebSocket连接中提取到JWT Token: eyJhbGciOi...
2025-04-23 10:21:01.273 [http-nio-8081-exec-10] INFO  c.e.auth.config.WebSocketConfig - 从JWT Token提取的用户ID: 4
2025-04-23 10:21:01.273 [http-nio-8081-exec-10] INFO  c.e.auth.config.WebSocketConfig - WebSocket连接成功设置用户ID为Principal: 4
2025-04-23 10:21:09.331 [http-nio-8081-exec-6] INFO  c.e.auth.config.WebSocketConfig - 收到STOMP CONNECT命令
2025-04-23 10:21:09.332 [http-nio-8081-exec-6] INFO  c.e.auth.config.WebSocketConfig - 从WebSocket连接中提取到JWT Token: eyJhbGciOi...
2025-04-23 10:21:09.333 [http-nio-8081-exec-6] INFO  c.e.auth.config.WebSocketConfig - 从JWT Token提取的用户ID: 4
2025-04-23 10:21:09.333 [http-nio-8081-exec-6] INFO  c.e.auth.config.WebSocketConfig - WebSocket连接成功设置用户ID为Principal: 4
2025-04-23 10:21:37.702 [MessageBroker-5] INFO  o.s.w.s.c.WebSocketMessageBrokerStats - WebSocketSession[2 current WS(2)-HttpStream(0)-HttpPoll(0), 6 total, 0 closed abnormally (0 connect failure, 0 send limit, 0 transport error)], stompSubProtocol[processed CONNECT(6)-CONNECTED(6)-DISCONNECT(1)], stompBrokerRelay[null], inboundChannel[pool size = 28, active threads = 0, queued tasks = 0, completed tasks = 87], outboundChannel[pool size = 11, active threads = 0, queued tasks = 0, completed tasks = 11], sockJsScheduler[pool size = 14, active threads = 1, queued tasks = 3, completed tasks = 15]
2025-04-23 10:21:44.847 [http-nio-8081-exec-3] INFO  c.e.auth.config.WebSocketConfig - 收到STOMP CONNECT命令
2025-04-23 10:21:44.847 [http-nio-8081-exec-3] INFO  c.e.auth.config.WebSocketConfig - 从WebSocket连接中提取到JWT Token: eyJhbGciOi...
2025-04-23 10:21:44.847 [http-nio-8081-exec-3] INFO  c.e.auth.config.WebSocketConfig - 从JWT Token提取的用户ID: 1
2025-04-23 10:21:44.847 [http-nio-8081-exec-3] INFO  c.e.auth.config.WebSocketConfig - WebSocket连接成功设置用户ID为Principal: 1
2025-04-23 10:22:05.878 [http-nio-8081-exec-9] INFO  c.e.auth.config.WebSocketConfig - 收到STOMP CONNECT命令
2025-04-23 10:22:05.878 [http-nio-8081-exec-9] INFO  c.e.auth.config.WebSocketConfig - 从WebSocket连接中提取到JWT Token: eyJhbGciOi...
2025-04-23 10:22:05.878 [http-nio-8081-exec-9] INFO  c.e.auth.config.WebSocketConfig - 从JWT Token提取的用户ID: 4
2025-04-23 10:22:05.878 [http-nio-8081-exec-9] INFO  c.e.auth.config.WebSocketConfig - WebSocket连接成功设置用户ID为Principal: 4
2025-04-23 10:22:20.124 [http-nio-8081-exec-8] INFO  c.e.auth.config.WebSocketConfig - 收到STOMP CONNECT命令
2025-04-23 10:22:20.124 [http-nio-8081-exec-8] INFO  c.e.auth.config.WebSocketConfig - 从WebSocket连接中提取到JWT Token: eyJhbGciOi...
2025-04-23 10:22:20.124 [http-nio-8081-exec-8] INFO  c.e.auth.config.WebSocketConfig - 从JWT Token提取的用户ID: 1
2025-04-23 10:22:20.124 [http-nio-8081-exec-8] INFO  c.e.auth.config.WebSocketConfig - WebSocket连接成功设置用户ID为Principal: 1
2025-04-23 10:32:50.896 [http-nio-8081-exec-4] INFO  c.e.auth.config.WebSocketConfig - 收到STOMP CONNECT命令
2025-04-23 10:32:50.897 [http-nio-8081-exec-4] INFO  c.e.auth.config.WebSocketConfig - 从WebSocket连接中提取到JWT Token: eyJhbGciOi...
2025-04-23 10:32:50.897 [http-nio-8081-exec-4] INFO  c.e.auth.config.WebSocketConfig - 从JWT Token提取的用户ID: 1
2025-04-23 10:32:50.897 [http-nio-8081-exec-4] INFO  c.e.auth.config.WebSocketConfig - WebSocket连接成功设置用户ID为Principal: 1
2025-04-23 10:32:54.701 [http-nio-8081-exec-9] INFO  c.e.auth.config.WebSocketConfig - 收到STOMP CONNECT命令
2025-04-23 10:32:54.702 [http-nio-8081-exec-9] INFO  c.e.auth.config.WebSocketConfig - 从WebSocket连接中提取到JWT Token: eyJhbGciOi...
2025-04-23 10:32:54.702 [http-nio-8081-exec-9] INFO  c.e.auth.config.WebSocketConfig - 从JWT Token提取的用户ID: 2
2025-04-23 10:32:54.702 [http-nio-8081-exec-9] INFO  c.e.auth.config.WebSocketConfig - WebSocket连接成功设置用户ID为Principal: 2
2025-04-23 10:32:56.856 [SpringApplicationShutdownHook] INFO  o.s.m.s.b.SimpleBrokerMessageHandler - Stopping...
2025-04-23 10:32:56.856 [SpringApplicationShutdownHook] INFO  o.s.m.s.b.SimpleBrokerMessageHandler - BrokerAvailabilityEvent[available=false, SimpleBrokerMessageHandler [org.springframework.messaging.simp.broker.DefaultSubscriptionRegistry@15b0118]]
2025-04-23 10:32:56.856 [SpringApplicationShutdownHook] INFO  o.s.m.s.b.SimpleBrokerMessageHandler - Stopped.
2025-04-23 10:33:00.295 [main] INFO  com.example.auth.AuthApplication - Starting AuthApplication using Java 17.0.12 with PID 31008 (C:\Users\37602\Desktop\项目\Manage_supervision\Manage_supervision\backend\target\classes started by 37602 in C:\Users\37602\Desktop\项目\Manage_supervision)
2025-04-23 10:33:00.295 [main] INFO  com.example.auth.AuthApplication - No active profile set, falling back to 1 default profile: "default"
2025-04-23 10:33:00.737 [main] INFO  o.s.d.r.c.RepositoryConfigurationDelegate - Bootstrapping Spring Data JPA repositories in DEFAULT mode.
2025-04-23 10:33:00.823 [main] INFO  o.s.d.r.c.RepositoryConfigurationDelegate - Finished Spring Data repository scanning in 80 ms. Found 18 JPA repository interfaces.
2025-04-23 10:33:01.186 [main] INFO  o.s.b.w.e.tomcat.TomcatWebServer - Tomcat initialized with port 8081 (http)
2025-04-23 10:33:01.226 [main] INFO  o.s.b.w.s.c.ServletWebServerApplicationContext - Root WebApplicationContext: initialization completed in 890 ms
2025-04-23 10:33:05.415 [main] INFO  o.s.d.j.r.query.QueryEnhancerFactory - Hibernate is in classpath; If applicable, HQL parser will be used.
2025-04-23 10:33:06.932 [main] INFO  c.e.auth.config.WebSocketConfig - 配置WebSocket客户端入站通道拦截器
2025-04-23 10:33:06.933 [main] INFO  c.e.auth.config.WebSocketConfig - WebSocket客户端入站通道拦截器配置完成
2025-04-23 10:33:06.939 [main] INFO  c.e.auth.config.WebSocketConfig - 配置WebSocket消息代理
2025-04-23 10:33:06.939 [main] INFO  c.e.auth.config.WebSocketConfig - WebSocket消息代理配置完成
2025-04-23 10:33:07.146 [main] INFO  c.e.auth.config.WebSocketConfig - 注册WebSocket端点: /ws
2025-04-23 10:33:07.192 [main] WARN  o.s.b.a.o.j.JpaBaseConfiguration$JpaWebConfiguration - spring.jpa.open-in-view is enabled by default. Therefore, database queries may be performed during view rendering. Explicitly configure spring.jpa.open-in-view to disable this warning
2025-04-23 10:33:07.236 [main] INFO  com.example.auth.config.WebConfig - 配置拦截器，验证用户权限
2025-04-23 10:33:07.238 [main] INFO  com.example.auth.config.WebConfig - 配置CORS，允许前端访问
2025-04-23 10:33:07.239 [main] INFO  com.example.auth.config.WebConfig - CORS配置完成，允许所有来源访问
2025-04-23 10:33:07.290 [main] INFO  com.example.auth.config.WebConfig - 配置资源映射: /uploads/** -> file:C:\Users\37602\Desktop\项目\Manage_supervision\uploads/
2025-04-23 10:33:07.404 [main] INFO  o.s.b.w.e.tomcat.TomcatWebServer - Tomcat started on port 8081 (http) with context path ''
2025-04-23 10:33:07.406 [main] INFO  o.s.m.s.b.SimpleBrokerMessageHandler - Starting...
2025-04-23 10:33:07.406 [main] INFO  o.s.m.s.b.SimpleBrokerMessageHandler - BrokerAvailabilityEvent[available=true, SimpleBrokerMessageHandler [org.springframework.messaging.simp.broker.DefaultSubscriptionRegistry@63662b68]]
2025-04-23 10:33:07.406 [main] INFO  o.s.m.s.b.SimpleBrokerMessageHandler - Started.
2025-04-23 10:33:07.410 [main] INFO  com.example.auth.AuthApplication - Started AuthApplication in 7.448 seconds (process running for 7.82)
2025-04-23 10:33:12.241 [http-nio-8081-exec-8] INFO  o.s.web.servlet.DispatcherServlet - Initializing Servlet 'dispatcherServlet'
2025-04-23 10:33:12.242 [http-nio-8081-exec-8] INFO  o.s.web.servlet.DispatcherServlet - Completed initialization in 1 ms
2025-04-23 10:33:12.625 [http-nio-8081-exec-4] INFO  c.e.auth.config.WebSocketConfig - 收到STOMP CONNECT命令
2025-04-23 10:33:12.625 [http-nio-8081-exec-3] INFO  c.e.auth.config.WebSocketConfig - 收到STOMP CONNECT命令
2025-04-23 10:33:12.625 [http-nio-8081-exec-4] INFO  c.e.auth.config.WebSocketConfig - 从WebSocket连接中提取到JWT Token: eyJhbGciOi...
2025-04-23 10:33:12.625 [http-nio-8081-exec-3] INFO  c.e.auth.config.WebSocketConfig - 从WebSocket连接中提取到JWT Token: eyJhbGciOi...
2025-04-23 10:33:12.685 [http-nio-8081-exec-4] INFO  c.e.auth.config.WebSocketConfig - 从JWT Token提取的用户ID: 3
2025-04-23 10:33:12.685 [http-nio-8081-exec-3] INFO  c.e.auth.config.WebSocketConfig - 从JWT Token提取的用户ID: 2
2025-04-23 10:33:12.686 [http-nio-8081-exec-4] INFO  c.e.auth.config.WebSocketConfig - WebSocket连接成功设置用户ID为Principal: 3
2025-04-23 10:33:12.686 [http-nio-8081-exec-3] INFO  c.e.auth.config.WebSocketConfig - WebSocket连接成功设置用户ID为Principal: 2
2025-04-23 10:33:13.022 [http-nio-8081-exec-9] INFO  c.e.auth.config.WebSocketConfig - 收到STOMP CONNECT命令
2025-04-23 10:33:13.022 [http-nio-8081-exec-9] INFO  c.e.auth.config.WebSocketConfig - 从WebSocket连接中提取到JWT Token: eyJhbGciOi...
2025-04-23 10:33:13.022 [http-nio-8081-exec-9] INFO  c.e.auth.config.WebSocketConfig - 从JWT Token提取的用户ID: 1
2025-04-23 10:33:13.022 [http-nio-8081-exec-9] INFO  c.e.auth.config.WebSocketConfig - WebSocket连接成功设置用户ID为Principal: 1
2025-04-23 10:34:07.390 [MessageBroker-10] INFO  o.s.w.s.c.WebSocketMessageBrokerStats - WebSocketSession[3 current WS(3)-HttpStream(0)-HttpPoll(0), 3 total, 0 closed abnormally (0 connect failure, 0 send limit, 0 transport error)], stompSubProtocol[processed CONNECT(3)-CONNECTED(3)-DISCONNECT(0)], stompBrokerRelay[null], inboundChannel[pool size = 28, active threads = 0, queued tasks = 0, completed tasks = 36], outboundChannel[pool size = 3, active threads = 0, queued tasks = 0, completed tasks = 3], sockJsScheduler[pool size = 14, active threads = 1, queued tasks = 4, completed tasks = 17]
2025-04-23 10:44:04.798 [SpringApplicationShutdownHook] INFO  o.s.m.s.b.SimpleBrokerMessageHandler - Stopping...
2025-04-23 10:44:04.798 [SpringApplicationShutdownHook] INFO  o.s.m.s.b.SimpleBrokerMessageHandler - BrokerAvailabilityEvent[available=false, SimpleBrokerMessageHandler [org.springframework.messaging.simp.broker.DefaultSubscriptionRegistry@63662b68]]
2025-04-23 10:44:04.800 [SpringApplicationShutdownHook] INFO  o.s.m.s.b.SimpleBrokerMessageHandler - Stopped.
2025-04-23 10:44:07.953 [main] INFO  com.example.auth.AuthApplication - Starting AuthApplication using Java 17.0.12 with PID 34284 (C:\Users\37602\Desktop\项目\Manage_supervision\Manage_supervision\backend\target\classes started by 37602 in C:\Users\37602\Desktop\项目\Manage_supervision)
2025-04-23 10:44:07.955 [main] INFO  com.example.auth.AuthApplication - No active profile set, falling back to 1 default profile: "default"
2025-04-23 10:44:08.364 [main] INFO  o.s.d.r.c.RepositoryConfigurationDelegate - Bootstrapping Spring Data JPA repositories in DEFAULT mode.
2025-04-23 10:44:08.442 [main] INFO  o.s.d.r.c.RepositoryConfigurationDelegate - Finished Spring Data repository scanning in 73 ms. Found 18 JPA repository interfaces.
2025-04-23 10:44:08.730 [main] INFO  o.s.b.w.e.tomcat.TomcatWebServer - Tomcat initialized with port 8081 (http)
2025-04-23 10:44:08.773 [main] INFO  o.s.b.w.s.c.ServletWebServerApplicationContext - Root WebApplicationContext: initialization completed in 790 ms
2025-04-23 10:44:12.937 [main] INFO  o.s.d.j.r.query.QueryEnhancerFactory - Hibernate is in classpath; If applicable, HQL parser will be used.
2025-04-23 10:44:14.500 [main] INFO  c.e.auth.config.WebSocketConfig - 配置WebSocket客户端入站通道拦截器
2025-04-23 10:44:14.501 [main] INFO  c.e.auth.config.WebSocketConfig - WebSocket客户端入站通道拦截器配置完成
2025-04-23 10:44:14.506 [main] INFO  c.e.auth.config.WebSocketConfig - 配置WebSocket消息代理
2025-04-23 10:44:14.507 [main] INFO  c.e.auth.config.WebSocketConfig - WebSocket消息代理配置完成
2025-04-23 10:44:14.702 [main] INFO  c.e.auth.config.WebSocketConfig - 注册WebSocket端点: /ws
2025-04-23 10:44:14.744 [main] WARN  o.s.b.a.o.j.JpaBaseConfiguration$JpaWebConfiguration - spring.jpa.open-in-view is enabled by default. Therefore, database queries may be performed during view rendering. Explicitly configure spring.jpa.open-in-view to disable this warning
2025-04-23 10:44:14.801 [main] INFO  com.example.auth.config.WebConfig - 配置拦截器，验证用户权限
2025-04-23 10:44:14.804 [main] INFO  com.example.auth.config.WebConfig - 配置CORS，允许前端访问
2025-04-23 10:44:14.805 [main] INFO  com.example.auth.config.WebConfig - CORS配置完成，允许所有来源访问
2025-04-23 10:44:14.861 [main] INFO  com.example.auth.config.WebConfig - 配置资源映射: /uploads/** -> file:C:\Users\37602\Desktop\项目\Manage_supervision\uploads/
2025-04-23 10:44:14.983 [main] INFO  o.s.b.w.e.tomcat.TomcatWebServer - Tomcat started on port 8081 (http) with context path ''
2025-04-23 10:44:14.984 [main] INFO  o.s.m.s.b.SimpleBrokerMessageHandler - Starting...
2025-04-23 10:44:14.984 [main] INFO  o.s.m.s.b.SimpleBrokerMessageHandler - BrokerAvailabilityEvent[available=true, SimpleBrokerMessageHandler [org.springframework.messaging.simp.broker.DefaultSubscriptionRegistry@f74436a]]
2025-04-23 10:44:14.984 [main] INFO  o.s.m.s.b.SimpleBrokerMessageHandler - Started.
2025-04-23 10:44:14.988 [main] INFO  com.example.auth.AuthApplication - Started AuthApplication in 7.347 seconds (process running for 7.701)
2025-04-23 10:44:16.271 [http-nio-8081-exec-1] INFO  o.s.web.servlet.DispatcherServlet - Initializing Servlet 'dispatcherServlet'
2025-04-23 10:44:16.271 [http-nio-8081-exec-1] INFO  o.s.web.servlet.DispatcherServlet - Completed initialization in 0 ms
2025-04-23 10:44:16.666 [http-nio-8081-exec-3] INFO  c.e.auth.config.WebSocketConfig - 收到STOMP CONNECT命令
2025-04-23 10:44:16.667 [http-nio-8081-exec-3] INFO  c.e.auth.config.WebSocketConfig - 从WebSocket连接中提取到JWT Token: eyJhbGciOi...
2025-04-23 10:44:16.737 [http-nio-8081-exec-3] INFO  c.e.auth.config.WebSocketConfig - 从JWT Token提取的用户ID: 2
2025-04-23 10:44:16.738 [http-nio-8081-exec-3] INFO  c.e.auth.config.WebSocketConfig - WebSocket连接成功设置用户ID为Principal: 2
2025-04-23 10:44:18.028 [http-nio-8081-exec-1] INFO  c.e.auth.config.WebSocketConfig - 收到STOMP CONNECT命令
2025-04-23 10:44:18.028 [http-nio-8081-exec-1] INFO  c.e.auth.config.WebSocketConfig - 从WebSocket连接中提取到JWT Token: eyJhbGciOi...
2025-04-23 10:44:18.029 [http-nio-8081-exec-1] INFO  c.e.auth.config.WebSocketConfig - 从JWT Token提取的用户ID: 3
2025-04-23 10:44:18.029 [http-nio-8081-exec-1] INFO  c.e.auth.config.WebSocketConfig - WebSocket连接成功设置用户ID为Principal: 3
2025-04-23 10:44:20.884 [http-nio-8081-exec-10] INFO  c.e.auth.config.WebSocketConfig - 收到STOMP CONNECT命令
2025-04-23 10:44:20.884 [http-nio-8081-exec-10] INFO  c.e.auth.config.WebSocketConfig - 从WebSocket连接中提取到JWT Token: eyJhbGciOi...
2025-04-23 10:44:20.885 [http-nio-8081-exec-10] INFO  c.e.auth.config.WebSocketConfig - 从JWT Token提取的用户ID: 1
2025-04-23 10:44:20.885 [http-nio-8081-exec-10] INFO  c.e.auth.config.WebSocketConfig - WebSocket连接成功设置用户ID为Principal: 1
2025-04-23 10:45:14.981 [MessageBroker-10] INFO  o.s.w.s.c.WebSocketMessageBrokerStats - WebSocketSession[3 current WS(3)-HttpStream(0)-HttpPoll(0), 3 total, 0 closed abnormally (0 connect failure, 0 send limit, 0 transport error)], stompSubProtocol[processed CONNECT(3)-CONNECTED(3)-DISCONNECT(0)], stompBrokerRelay[null], inboundChannel[pool size = 28, active threads = 0, queued tasks = 0, completed tasks = 36], outboundChannel[pool size = 3, active threads = 0, queued tasks = 0, completed tasks = 3], sockJsScheduler[pool size = 14, active threads = 1, queued tasks = 4, completed tasks = 18]
2025-04-23 10:49:58.798 [http-nio-8081-exec-7] INFO  c.e.auth.config.WebSocketConfig - 收到STOMP CONNECT命令
2025-04-23 10:49:58.798 [http-nio-8081-exec-7] INFO  c.e.auth.config.WebSocketConfig - 从WebSocket连接中提取到JWT Token: eyJhbGciOi...
2025-04-23 10:49:58.799 [http-nio-8081-exec-7] INFO  c.e.auth.config.WebSocketConfig - 从JWT Token提取的用户ID: 2
2025-04-23 10:49:58.799 [http-nio-8081-exec-7] INFO  c.e.auth.config.WebSocketConfig - WebSocket连接成功设置用户ID为Principal: 2
2025-04-23 10:56:44.245 [http-nio-8081-exec-6] INFO  c.e.auth.config.WebSocketConfig - 收到STOMP CONNECT命令
2025-04-23 10:56:44.245 [http-nio-8081-exec-6] INFO  c.e.auth.config.WebSocketConfig - 从WebSocket连接中提取到JWT Token: eyJhbGciOi...
2025-04-23 10:56:44.245 [http-nio-8081-exec-6] INFO  c.e.auth.config.WebSocketConfig - 从JWT Token提取的用户ID: 1
2025-04-23 10:56:44.245 [http-nio-8081-exec-6] INFO  c.e.auth.config.WebSocketConfig - WebSocket连接成功设置用户ID为Principal: 1
2025-04-23 10:56:45.645 [http-nio-8081-exec-3] INFO  c.e.auth.config.WebSocketConfig - 收到STOMP CONNECT命令
2025-04-23 10:56:45.645 [http-nio-8081-exec-3] INFO  c.e.auth.config.WebSocketConfig - 从WebSocket连接中提取到JWT Token: eyJhbGciOi...
2025-04-23 10:56:45.646 [http-nio-8081-exec-3] INFO  c.e.auth.config.WebSocketConfig - 从JWT Token提取的用户ID: 1
2025-04-23 10:56:45.646 [http-nio-8081-exec-3] INFO  c.e.auth.config.WebSocketConfig - WebSocket连接成功设置用户ID为Principal: 1
2025-04-23 10:57:02.646 [http-nio-8081-exec-8] INFO  c.e.auth.config.WebSocketConfig - 收到STOMP CONNECT命令
2025-04-23 10:57:02.646 [http-nio-8081-exec-8] INFO  c.e.auth.config.WebSocketConfig - 从WebSocket连接中提取到JWT Token: eyJhbGciOi...
2025-04-23 10:57:02.647 [http-nio-8081-exec-8] INFO  c.e.auth.config.WebSocketConfig - 从JWT Token提取的用户ID: 1
2025-04-23 10:57:02.647 [http-nio-8081-exec-8] INFO  c.e.auth.config.WebSocketConfig - WebSocket连接成功设置用户ID为Principal: 1
2025-04-23 10:57:14.618 [http-nio-8081-exec-3] INFO  c.e.auth.config.WebSocketConfig - 收到STOMP CONNECT命令
2025-04-23 10:57:14.618 [http-nio-8081-exec-3] INFO  c.e.auth.config.WebSocketConfig - 从WebSocket连接中提取到JWT Token: eyJhbGciOi...
2025-04-23 10:57:14.619 [http-nio-8081-exec-3] INFO  c.e.auth.config.WebSocketConfig - 从JWT Token提取的用户ID: 1
2025-04-23 10:57:14.619 [http-nio-8081-exec-3] INFO  c.e.auth.config.WebSocketConfig - WebSocket连接成功设置用户ID为Principal: 1
2025-04-23 10:57:25.275 [http-nio-8081-exec-4] INFO  c.e.auth.config.WebSocketConfig - 收到STOMP CONNECT命令
2025-04-23 10:57:25.276 [http-nio-8081-exec-4] INFO  c.e.auth.config.WebSocketConfig - 从WebSocket连接中提取到JWT Token: eyJhbGciOi...
2025-04-23 10:57:25.276 [http-nio-8081-exec-4] INFO  c.e.auth.config.WebSocketConfig - 从JWT Token提取的用户ID: 2
2025-04-23 10:57:25.276 [http-nio-8081-exec-4] INFO  c.e.auth.config.WebSocketConfig - WebSocket连接成功设置用户ID为Principal: 2
2025-04-23 10:57:38.469 [http-nio-8081-exec-9] INFO  c.e.auth.config.WebSocketConfig - 收到STOMP CONNECT命令
2025-04-23 10:57:38.469 [http-nio-8081-exec-9] INFO  c.e.auth.config.WebSocketConfig - 从WebSocket连接中提取到JWT Token: eyJhbGciOi...
2025-04-23 10:57:38.469 [http-nio-8081-exec-9] INFO  c.e.auth.config.WebSocketConfig - 从JWT Token提取的用户ID: 2
2025-04-23 10:57:38.469 [http-nio-8081-exec-9] INFO  c.e.auth.config.WebSocketConfig - WebSocket连接成功设置用户ID为Principal: 2
2025-04-23 11:01:47.530 [http-nio-8081-exec-3] INFO  c.e.auth.config.WebSocketConfig - 收到STOMP CONNECT命令
2025-04-23 11:01:47.530 [http-nio-8081-exec-3] INFO  c.e.auth.config.WebSocketConfig - 从WebSocket连接中提取到JWT Token: eyJhbGciOi...
2025-04-23 11:01:47.530 [http-nio-8081-exec-3] INFO  c.e.auth.config.WebSocketConfig - 从JWT Token提取的用户ID: 2
2025-04-23 11:01:47.530 [http-nio-8081-exec-3] INFO  c.e.auth.config.WebSocketConfig - WebSocket连接成功设置用户ID为Principal: 2
2025-04-23 11:03:43.405 [SpringApplicationShutdownHook] INFO  o.s.m.s.b.SimpleBrokerMessageHandler - Stopping...
2025-04-23 11:03:43.405 [SpringApplicationShutdownHook] INFO  o.s.m.s.b.SimpleBrokerMessageHandler - BrokerAvailabilityEvent[available=false, SimpleBrokerMessageHandler [org.springframework.messaging.simp.broker.DefaultSubscriptionRegistry@f74436a]]
2025-04-23 11:03:43.405 [SpringApplicationShutdownHook] INFO  o.s.m.s.b.SimpleBrokerMessageHandler - Stopped.
2025-04-23 11:03:45.147 [main] INFO  com.example.auth.AuthApplication - Starting AuthApplication using Java 17.0.12 with PID 21836 (C:\Users\37602\Desktop\项目\Manage_supervision\Manage_supervision\backend\target\classes started by 37602 in C:\Users\37602\Desktop\项目\Manage_supervision)
2025-04-23 11:03:45.150 [main] INFO  com.example.auth.AuthApplication - No active profile set, falling back to 1 default profile: "default"
2025-04-23 11:03:45.574 [main] INFO  o.s.d.r.c.RepositoryConfigurationDelegate - Bootstrapping Spring Data JPA repositories in DEFAULT mode.
2025-04-23 11:03:45.664 [main] INFO  o.s.d.r.c.RepositoryConfigurationDelegate - Finished Spring Data repository scanning in 86 ms. Found 18 JPA repository interfaces.
2025-04-23 11:03:46.013 [main] INFO  o.s.b.w.e.tomcat.TomcatWebServer - Tomcat initialized with port 8081 (http)
2025-04-23 11:03:46.056 [main] INFO  o.s.b.w.s.c.ServletWebServerApplicationContext - Root WebApplicationContext: initialization completed in 883 ms
2025-04-23 11:03:49.959 [main] INFO  o.s.d.j.r.query.QueryEnhancerFactory - Hibernate is in classpath; If applicable, HQL parser will be used.
2025-04-23 11:03:51.231 [main] INFO  c.e.auth.config.WebSocketConfig - 配置WebSocket客户端入站通道拦截器
2025-04-23 11:03:51.232 [main] INFO  c.e.auth.config.WebSocketConfig - WebSocket客户端入站通道拦截器配置完成
2025-04-23 11:03:51.237 [main] INFO  c.e.auth.config.WebSocketConfig - 配置WebSocket消息代理
2025-04-23 11:03:51.238 [main] INFO  c.e.auth.config.WebSocketConfig - WebSocket消息代理配置完成
2025-04-23 11:03:51.438 [main] INFO  c.e.auth.config.WebSocketConfig - 注册WebSocket端点: /ws
2025-04-23 11:03:51.473 [main] WARN  o.s.b.a.o.j.JpaBaseConfiguration$JpaWebConfiguration - spring.jpa.open-in-view is enabled by default. Therefore, database queries may be performed during view rendering. Explicitly configure spring.jpa.open-in-view to disable this warning
2025-04-23 11:03:51.514 [main] INFO  com.example.auth.config.WebConfig - 配置拦截器，验证用户权限
2025-04-23 11:03:51.517 [main] INFO  com.example.auth.config.WebConfig - 配置CORS，允许前端访问
2025-04-23 11:03:51.518 [main] INFO  com.example.auth.config.WebConfig - CORS配置完成，允许所有来源访问
2025-04-23 11:03:51.574 [main] INFO  com.example.auth.config.WebConfig - 配置资源映射: /uploads/** -> file:C:\Users\37602\Desktop\项目\Manage_supervision\uploads/
2025-04-23 11:03:51.679 [main] INFO  o.s.b.w.e.tomcat.TomcatWebServer - Tomcat started on port 8081 (http) with context path ''
2025-04-23 11:03:51.680 [main] INFO  o.s.m.s.b.SimpleBrokerMessageHandler - Starting...
2025-04-23 11:03:51.680 [main] INFO  o.s.m.s.b.SimpleBrokerMessageHandler - BrokerAvailabilityEvent[available=true, SimpleBrokerMessageHandler [org.springframework.messaging.simp.broker.DefaultSubscriptionRegistry@541c9054]]
2025-04-23 11:03:51.680 [main] INFO  o.s.m.s.b.SimpleBrokerMessageHandler - Started.
2025-04-23 11:03:51.684 [main] INFO  com.example.auth.AuthApplication - Started AuthApplication in 6.866 seconds (process running for 7.381)
2025-04-23 11:03:53.163 [http-nio-8081-exec-1] INFO  o.s.web.servlet.DispatcherServlet - Initializing Servlet 'dispatcherServlet'
2025-04-23 11:03:53.164 [http-nio-8081-exec-1] INFO  o.s.web.servlet.DispatcherServlet - Completed initialization in 0 ms
2025-04-23 11:03:53.958 [http-nio-8081-exec-4] INFO  c.e.auth.config.WebSocketConfig - 收到STOMP CONNECT命令
2025-04-23 11:03:53.958 [http-nio-8081-exec-4] INFO  c.e.auth.config.WebSocketConfig - 从WebSocket连接中提取到JWT Token: eyJhbGciOi...
2025-04-23 11:03:53.960 [http-nio-8081-exec-4] INFO  c.e.auth.config.WebSocketConfig - 从JWT Token提取的用户ID: 2
2025-04-23 11:03:53.961 [http-nio-8081-exec-4] INFO  c.e.auth.config.WebSocketConfig - WebSocket连接成功设置用户ID为Principal: 2
2025-04-23 11:03:54.047 [http-nio-8081-exec-1] INFO  c.e.auth.config.WebSocketConfig - 收到STOMP CONNECT命令
2025-04-23 11:03:54.047 [http-nio-8081-exec-1] INFO  c.e.auth.config.WebSocketConfig - 从WebSocket连接中提取到JWT Token: eyJhbGciOi...
2025-04-23 11:03:54.049 [http-nio-8081-exec-1] INFO  c.e.auth.config.WebSocketConfig - 从JWT Token提取的用户ID: 3
2025-04-23 11:03:54.049 [http-nio-8081-exec-1] INFO  c.e.auth.config.WebSocketConfig - WebSocket连接成功设置用户ID为Principal: 3
2025-04-23 11:03:59.584 [http-nio-8081-exec-9] INFO  c.e.auth.config.WebSocketConfig - 收到STOMP CONNECT命令
2025-04-23 11:03:59.584 [http-nio-8081-exec-9] INFO  c.e.auth.config.WebSocketConfig - 从WebSocket连接中提取到JWT Token: eyJhbGciOi...
2025-04-23 11:03:59.586 [http-nio-8081-exec-9] INFO  c.e.auth.config.WebSocketConfig - 从JWT Token提取的用户ID: 1
2025-04-23 11:03:59.588 [http-nio-8081-exec-9] INFO  c.e.auth.config.WebSocketConfig - WebSocket连接成功设置用户ID为Principal: 1
2025-04-23 11:04:02.487 [http-nio-8081-exec-9] INFO  c.e.auth.config.WebSocketConfig - 收到STOMP CONNECT命令
2025-04-23 11:04:02.487 [http-nio-8081-exec-9] INFO  c.e.auth.config.WebSocketConfig - 从WebSocket连接中提取到JWT Token: eyJhbGciOi...
2025-04-23 11:04:02.488 [http-nio-8081-exec-9] INFO  c.e.auth.config.WebSocketConfig - 从JWT Token提取的用户ID: 2
2025-04-23 11:04:02.488 [http-nio-8081-exec-9] INFO  c.e.auth.config.WebSocketConfig - WebSocket连接成功设置用户ID为Principal: 2
2025-04-23 11:04:39.773 [http-nio-8081-exec-1] INFO  c.e.auth.config.WebSocketConfig - 收到STOMP CONNECT命令
2025-04-23 11:04:39.773 [http-nio-8081-exec-1] INFO  c.e.auth.config.WebSocketConfig - 从WebSocket连接中提取到JWT Token: eyJhbGciOi...
2025-04-23 11:04:39.774 [http-nio-8081-exec-1] INFO  c.e.auth.config.WebSocketConfig - 从JWT Token提取的用户ID: 2
2025-04-23 11:04:39.774 [http-nio-8081-exec-1] INFO  c.e.auth.config.WebSocketConfig - WebSocket连接成功设置用户ID为Principal: 2
2025-04-23 11:04:51.668 [MessageBroker-8] INFO  o.s.w.s.c.WebSocketMessageBrokerStats - WebSocketSession[3 current WS(3)-HttpStream(0)-HttpPoll(0), 5 total, 0 closed abnormally (0 connect failure, 0 send limit, 0 transport error)], stompSubProtocol[processed CONNECT(5)-CONNECTED(5)-DISCONNECT(0)], stompBrokerRelay[null], inboundChannel[pool size = 28, active threads = 0, queued tasks = 0, completed tasks = 66], outboundChannel[pool size = 7, active threads = 0, queued tasks = 0, completed tasks = 7], sockJsScheduler[pool size = 14, active threads = 1, queued tasks = 4, completed tasks = 17]
2025-04-23 11:07:07.554 [SpringApplicationShutdownHook] INFO  o.s.m.s.b.SimpleBrokerMessageHandler - Stopping...
2025-04-23 11:07:07.554 [SpringApplicationShutdownHook] INFO  o.s.m.s.b.SimpleBrokerMessageHandler - BrokerAvailabilityEvent[available=false, SimpleBrokerMessageHandler [org.springframework.messaging.simp.broker.DefaultSubscriptionRegistry@541c9054]]
2025-04-23 11:07:07.554 [SpringApplicationShutdownHook] INFO  o.s.m.s.b.SimpleBrokerMessageHandler - Stopped.
2025-04-23 11:07:10.442 [main] INFO  com.example.auth.AuthApplication - Starting AuthApplication using Java 17.0.12 with PID 32524 (C:\Users\37602\Desktop\项目\Manage_supervision\Manage_supervision\backend\target\classes started by 37602 in C:\Users\37602\Desktop\项目\Manage_supervision)
2025-04-23 11:07:10.444 [main] INFO  com.example.auth.AuthApplication - No active profile set, falling back to 1 default profile: "default"
2025-04-23 11:07:10.849 [main] INFO  o.s.d.r.c.RepositoryConfigurationDelegate - Bootstrapping Spring Data JPA repositories in DEFAULT mode.
2025-04-23 11:07:10.927 [main] INFO  o.s.d.r.c.RepositoryConfigurationDelegate - Finished Spring Data repository scanning in 73 ms. Found 18 JPA repository interfaces.
2025-04-23 11:07:11.230 [main] INFO  o.s.b.w.e.tomcat.TomcatWebServer - Tomcat initialized with port 8081 (http)
2025-04-23 11:07:11.269 [main] INFO  o.s.b.w.s.c.ServletWebServerApplicationContext - Root WebApplicationContext: initialization completed in 796 ms
2025-04-23 11:07:15.938 [main] INFO  o.s.d.j.r.query.QueryEnhancerFactory - Hibernate is in classpath; If applicable, HQL parser will be used.
2025-04-23 11:07:17.450 [main] INFO  c.e.auth.config.WebSocketConfig - 配置WebSocket客户端入站通道拦截器
2025-04-23 11:07:17.451 [main] INFO  c.e.auth.config.WebSocketConfig - WebSocket客户端入站通道拦截器配置完成
2025-04-23 11:07:17.456 [main] INFO  c.e.auth.config.WebSocketConfig - 配置WebSocket消息代理
2025-04-23 11:07:17.457 [main] INFO  c.e.auth.config.WebSocketConfig - WebSocket消息代理配置完成
2025-04-23 11:07:17.655 [main] INFO  c.e.auth.config.WebSocketConfig - 注册WebSocket端点: /ws
2025-04-23 11:07:17.701 [main] WARN  o.s.b.a.o.j.JpaBaseConfiguration$JpaWebConfiguration - spring.jpa.open-in-view is enabled by default. Therefore, database queries may be performed during view rendering. Explicitly configure spring.jpa.open-in-view to disable this warning
2025-04-23 11:07:17.739 [main] INFO  com.example.auth.config.WebConfig - 配置拦截器，验证用户权限
2025-04-23 11:07:17.741 [main] INFO  com.example.auth.config.WebConfig - 配置CORS，允许前端访问
2025-04-23 11:07:17.741 [main] INFO  com.example.auth.config.WebConfig - CORS配置完成，允许所有来源访问
2025-04-23 11:07:17.801 [main] INFO  com.example.auth.config.WebConfig - 配置资源映射: /uploads/** -> file:C:\Users\37602\Desktop\项目\Manage_supervision\uploads/
2025-04-23 11:07:17.904 [main] INFO  o.s.b.w.e.tomcat.TomcatWebServer - Tomcat started on port 8081 (http) with context path ''
2025-04-23 11:07:17.905 [main] INFO  o.s.m.s.b.SimpleBrokerMessageHandler - Starting...
2025-04-23 11:07:17.906 [main] INFO  o.s.m.s.b.SimpleBrokerMessageHandler - BrokerAvailabilityEvent[available=true, SimpleBrokerMessageHandler [org.springframework.messaging.simp.broker.DefaultSubscriptionRegistry@9907a55]]
2025-04-23 11:07:17.906 [main] INFO  o.s.m.s.b.SimpleBrokerMessageHandler - Started.
2025-04-23 11:07:17.910 [main] INFO  com.example.auth.AuthApplication - Started AuthApplication in 7.786 seconds (process running for 8.133)
2025-04-23 11:07:17.944 [http-nio-8081-exec-7] INFO  o.s.web.servlet.DispatcherServlet - Initializing Servlet 'dispatcherServlet'
2025-04-23 11:07:17.945 [http-nio-8081-exec-7] INFO  o.s.web.servlet.DispatcherServlet - Completed initialization in 1 ms
2025-04-23 11:07:18.320 [http-nio-8081-exec-1] INFO  c.e.auth.config.WebSocketConfig - 收到STOMP CONNECT命令
2025-04-23 11:07:18.320 [http-nio-8081-exec-1] INFO  c.e.auth.config.WebSocketConfig - 从WebSocket连接中提取到JWT Token: eyJhbGciOi...
2025-04-23 11:07:18.379 [http-nio-8081-exec-1] INFO  c.e.auth.config.WebSocketConfig - 从JWT Token提取的用户ID: 3
2025-04-23 11:07:18.379 [http-nio-8081-exec-1] INFO  c.e.auth.config.WebSocketConfig - WebSocket连接成功设置用户ID为Principal: 3
2025-04-23 11:07:21.640 [http-nio-8081-exec-7] INFO  c.e.auth.config.WebSocketConfig - 收到STOMP CONNECT命令
2025-04-23 11:07:21.640 [http-nio-8081-exec-7] INFO  c.e.auth.config.WebSocketConfig - 从WebSocket连接中提取到JWT Token: eyJhbGciOi...
2025-04-23 11:07:21.641 [http-nio-8081-exec-7] INFO  c.e.auth.config.WebSocketConfig - 从JWT Token提取的用户ID: 2
2025-04-23 11:07:21.641 [http-nio-8081-exec-7] INFO  c.e.auth.config.WebSocketConfig - WebSocket连接成功设置用户ID为Principal: 2
2025-04-23 11:07:23.750 [http-nio-8081-exec-5] INFO  c.e.auth.config.WebSocketConfig - 收到STOMP CONNECT命令
2025-04-23 11:07:23.750 [http-nio-8081-exec-5] INFO  c.e.auth.config.WebSocketConfig - 从WebSocket连接中提取到JWT Token: eyJhbGciOi...
2025-04-23 11:07:23.751 [http-nio-8081-exec-5] INFO  c.e.auth.config.WebSocketConfig - 从JWT Token提取的用户ID: 1
2025-04-23 11:07:23.751 [http-nio-8081-exec-5] INFO  c.e.auth.config.WebSocketConfig - WebSocket连接成功设置用户ID为Principal: 1
2025-04-23 11:08:17.900 [MessageBroker-8] INFO  o.s.w.s.c.WebSocketMessageBrokerStats - WebSocketSession[3 current WS(3)-HttpStream(0)-HttpPoll(0), 3 total, 0 closed abnormally (0 connect failure, 0 send limit, 0 transport error)], stompSubProtocol[processed CONNECT(3)-CONNECTED(3)-DISCONNECT(0)], stompBrokerRelay[null], inboundChannel[pool size = 28, active threads = 0, queued tasks = 0, completed tasks = 36], outboundChannel[pool size = 3, active threads = 0, queued tasks = 0, completed tasks = 3], sockJsScheduler[pool size = 14, active threads = 1, queued tasks = 4, completed tasks = 18]
2025-04-23 11:11:51.363 [SpringApplicationShutdownHook] INFO  o.s.m.s.b.SimpleBrokerMessageHandler - Stopping...
2025-04-23 11:11:51.363 [SpringApplicationShutdownHook] INFO  o.s.m.s.b.SimpleBrokerMessageHandler - BrokerAvailabilityEvent[available=false, SimpleBrokerMessageHandler [org.springframework.messaging.simp.broker.DefaultSubscriptionRegistry@9907a55]]
2025-04-23 11:11:51.363 [SpringApplicationShutdownHook] INFO  o.s.m.s.b.SimpleBrokerMessageHandler - Stopped.
2025-04-23 11:13:20.225 [main] INFO  com.example.auth.AuthApplication - Starting AuthApplication using Java 17.0.12 with PID 29020 (C:\Users\37602\Desktop\项目\Manage_supervision\Manage_supervision\backend\target\classes started by 37602 in C:\Users\37602\Desktop\项目\Manage_supervision)
2025-04-23 11:13:20.228 [main] INFO  com.example.auth.AuthApplication - No active profile set, falling back to 1 default profile: "default"
2025-04-23 11:13:20.679 [main] INFO  o.s.d.r.c.RepositoryConfigurationDelegate - Bootstrapping Spring Data JPA repositories in DEFAULT mode.
2025-04-23 11:13:20.765 [main] INFO  o.s.d.r.c.RepositoryConfigurationDelegate - Finished Spring Data repository scanning in 81 ms. Found 19 JPA repository interfaces.
2025-04-23 11:13:21.107 [main] INFO  o.s.b.w.e.tomcat.TomcatWebServer - Tomcat initialized with port 8081 (http)
2025-04-23 11:13:21.149 [main] INFO  o.s.b.w.s.c.ServletWebServerApplicationContext - Root WebApplicationContext: initialization completed in 890 ms
2025-04-23 11:13:25.604 [main] INFO  o.s.d.j.r.query.QueryEnhancerFactory - Hibernate is in classpath; If applicable, HQL parser will be used.
2025-04-23 11:13:26.945 [main] INFO  c.e.auth.config.WebSocketConfig - 配置WebSocket客户端入站通道拦截器
2025-04-23 11:13:26.946 [main] INFO  c.e.auth.config.WebSocketConfig - WebSocket客户端入站通道拦截器配置完成
2025-04-23 11:13:26.952 [main] INFO  c.e.auth.config.WebSocketConfig - 配置WebSocket消息代理
2025-04-23 11:13:26.953 [main] INFO  c.e.auth.config.WebSocketConfig - WebSocket消息代理配置完成
2025-04-23 11:13:27.184 [main] INFO  c.e.auth.config.WebSocketConfig - 注册WebSocket端点: /ws
2025-04-23 11:13:27.237 [main] WARN  o.s.b.a.o.j.JpaBaseConfiguration$JpaWebConfiguration - spring.jpa.open-in-view is enabled by default. Therefore, database queries may be performed during view rendering. Explicitly configure spring.jpa.open-in-view to disable this warning
2025-04-23 11:13:27.284 [main] INFO  com.example.auth.config.WebConfig - 配置拦截器，验证用户权限
2025-04-23 11:13:27.286 [main] INFO  com.example.auth.config.WebConfig - 配置CORS，允许前端访问
2025-04-23 11:13:27.287 [main] INFO  com.example.auth.config.WebConfig - CORS配置完成，允许所有来源访问
2025-04-23 11:13:27.343 [main] INFO  com.example.auth.config.WebConfig - 配置资源映射: /uploads/** -> file:C:\Users\37602\Desktop\项目\Manage_supervision\uploads/
2025-04-23 11:13:27.466 [main] INFO  o.s.b.w.e.tomcat.TomcatWebServer - Tomcat started on port 8081 (http) with context path ''
2025-04-23 11:13:27.467 [main] INFO  o.s.m.s.b.SimpleBrokerMessageHandler - Starting...
2025-04-23 11:13:27.468 [main] INFO  o.s.m.s.b.SimpleBrokerMessageHandler - BrokerAvailabilityEvent[available=true, SimpleBrokerMessageHandler [org.springframework.messaging.simp.broker.DefaultSubscriptionRegistry@c4078b6]]
2025-04-23 11:13:27.468 [main] INFO  o.s.m.s.b.SimpleBrokerMessageHandler - Started.
2025-04-23 11:13:27.472 [main] INFO  com.example.auth.AuthApplication - Started AuthApplication in 7.627 seconds (process running for 8.029)
2025-04-23 11:13:27.955 [http-nio-8081-exec-1] INFO  o.s.web.servlet.DispatcherServlet - Initializing Servlet 'dispatcherServlet'
2025-04-23 11:13:27.956 [http-nio-8081-exec-1] INFO  o.s.web.servlet.DispatcherServlet - Completed initialization in 1 ms
2025-04-23 11:13:28.033 [http-nio-8081-exec-2] INFO  c.e.auth.config.WebSocketConfig - 收到STOMP CONNECT命令
2025-04-23 11:13:28.034 [http-nio-8081-exec-2] INFO  c.e.auth.config.WebSocketConfig - 从WebSocket连接中提取到JWT Token: eyJhbGciOi...
2025-04-23 11:13:28.110 [http-nio-8081-exec-2] INFO  c.e.auth.config.WebSocketConfig - 从JWT Token提取的用户ID: 1
2025-04-23 11:13:28.110 [http-nio-8081-exec-2] INFO  c.e.auth.config.WebSocketConfig - WebSocket连接成功设置用户ID为Principal: 1
2025-04-23 11:13:28.556 [http-nio-8081-exec-7] INFO  c.e.auth.config.WebSocketConfig - 收到STOMP CONNECT命令
2025-04-23 11:13:28.557 [http-nio-8081-exec-7] INFO  c.e.auth.config.WebSocketConfig - 从WebSocket连接中提取到JWT Token: eyJhbGciOi...
2025-04-23 11:13:28.558 [http-nio-8081-exec-7] INFO  c.e.auth.config.WebSocketConfig - 从JWT Token提取的用户ID: 3
2025-04-23 11:13:28.558 [http-nio-8081-exec-7] INFO  c.e.auth.config.WebSocketConfig - WebSocket连接成功设置用户ID为Principal: 3
2025-04-23 11:13:33.537 [http-nio-8081-exec-10] INFO  c.e.auth.config.WebSocketConfig - 收到STOMP CONNECT命令
2025-04-23 11:13:33.537 [http-nio-8081-exec-10] INFO  c.e.auth.config.WebSocketConfig - 从WebSocket连接中提取到JWT Token: eyJhbGciOi...
2025-04-23 11:13:33.538 [http-nio-8081-exec-10] INFO  c.e.auth.config.WebSocketConfig - 从JWT Token提取的用户ID: 2
2025-04-23 11:13:33.538 [http-nio-8081-exec-10] INFO  c.e.auth.config.WebSocketConfig - WebSocket连接成功设置用户ID为Principal: 2
2025-04-23 11:13:40.199 [http-nio-8081-exec-3] INFO  c.e.auth.config.WebSocketConfig - 收到STOMP CONNECT命令
2025-04-23 11:13:40.199 [http-nio-8081-exec-3] INFO  c.e.auth.config.WebSocketConfig - 从WebSocket连接中提取到JWT Token: eyJhbGciOi...
2025-04-23 11:13:40.200 [http-nio-8081-exec-3] INFO  c.e.auth.config.WebSocketConfig - 从JWT Token提取的用户ID: 2
2025-04-23 11:13:40.201 [http-nio-8081-exec-3] INFO  c.e.auth.config.WebSocketConfig - WebSocket连接成功设置用户ID为Principal: 2
2025-04-23 11:13:54.746 [http-nio-8081-exec-8] INFO  c.e.auth.config.WebSocketConfig - 收到STOMP CONNECT命令
2025-04-23 11:13:54.746 [http-nio-8081-exec-8] INFO  c.e.auth.config.WebSocketConfig - 从WebSocket连接中提取到JWT Token: eyJhbGciOi...
2025-04-23 11:13:54.747 [http-nio-8081-exec-8] INFO  c.e.auth.config.WebSocketConfig - 从JWT Token提取的用户ID: 2
2025-04-23 11:13:54.747 [http-nio-8081-exec-8] INFO  c.e.auth.config.WebSocketConfig - WebSocket连接成功设置用户ID为Principal: 2
2025-04-23 11:14:27.455 [MessageBroker-6] INFO  o.s.w.s.c.WebSocketMessageBrokerStats - WebSocketSession[3 current WS(3)-HttpStream(0)-HttpPoll(0), 5 total, 0 closed abnormally (0 connect failure, 0 send limit, 0 transport error)], stompSubProtocol[processed CONNECT(5)-CONNECTED(5)-DISCONNECT(1)], stompBrokerRelay[null], inboundChannel[pool size = 28, active threads = 0, queued tasks = 0, completed tasks = 69], outboundChannel[pool size = 8, active threads = 0, queued tasks = 0, completed tasks = 8], sockJsScheduler[pool size = 14, active threads = 1, queued tasks = 4, completed tasks = 17]
2025-04-23 11:14:54.260 [http-nio-8081-exec-8] INFO  c.e.auth.config.WebSocketConfig - 收到STOMP CONNECT命令
2025-04-23 11:14:54.260 [http-nio-8081-exec-8] INFO  c.e.auth.config.WebSocketConfig - 从WebSocket连接中提取到JWT Token: eyJhbGciOi...
2025-04-23 11:14:54.260 [http-nio-8081-exec-8] INFO  c.e.auth.config.WebSocketConfig - 从JWT Token提取的用户ID: 2
2025-04-23 11:14:54.261 [http-nio-8081-exec-8] INFO  c.e.auth.config.WebSocketConfig - WebSocket连接成功设置用户ID为Principal: 2
2025-04-23 11:14:54.686 [http-nio-8081-exec-8] INFO  c.e.auth.config.WebSocketConfig - 收到STOMP CONNECT命令
2025-04-23 11:14:54.686 [http-nio-8081-exec-8] INFO  c.e.auth.config.WebSocketConfig - 从WebSocket连接中提取到JWT Token: eyJhbGciOi...
2025-04-23 11:14:54.687 [http-nio-8081-exec-8] INFO  c.e.auth.config.WebSocketConfig - 从JWT Token提取的用户ID: 3
2025-04-23 11:14:54.687 [http-nio-8081-exec-8] INFO  c.e.auth.config.WebSocketConfig - WebSocket连接成功设置用户ID为Principal: 3
2025-04-23 11:14:55.831 [http-nio-8081-exec-4] INFO  c.e.auth.config.WebSocketConfig - 收到STOMP CONNECT命令
2025-04-23 11:14:55.831 [http-nio-8081-exec-4] INFO  c.e.auth.config.WebSocketConfig - 从WebSocket连接中提取到JWT Token: eyJhbGciOi...
2025-04-23 11:14:55.831 [http-nio-8081-exec-4] INFO  c.e.auth.config.WebSocketConfig - 从JWT Token提取的用户ID: 1
2025-04-23 11:14:55.831 [http-nio-8081-exec-4] INFO  c.e.auth.config.WebSocketConfig - WebSocket连接成功设置用户ID为Principal: 1
2025-04-23 11:15:03.797 [http-nio-8081-exec-5] INFO  c.e.auth.config.WebSocketConfig - 收到STOMP CONNECT命令
2025-04-23 11:15:03.797 [http-nio-8081-exec-5] INFO  c.e.auth.config.WebSocketConfig - 从WebSocket连接中提取到JWT Token: eyJhbGciOi...
2025-04-23 11:15:03.798 [http-nio-8081-exec-5] INFO  c.e.auth.config.WebSocketConfig - 从JWT Token提取的用户ID: 2
2025-04-23 11:15:03.798 [http-nio-8081-exec-5] INFO  c.e.auth.config.WebSocketConfig - WebSocket连接成功设置用户ID为Principal: 2
2025-04-23 11:15:03.938 [http-nio-8081-exec-4] INFO  c.e.auth.config.WebSocketConfig - 收到STOMP CONNECT命令
2025-04-23 11:15:03.939 [http-nio-8081-exec-4] INFO  c.e.auth.config.WebSocketConfig - 从WebSocket连接中提取到JWT Token: eyJhbGciOi...
2025-04-23 11:15:03.939 [http-nio-8081-exec-4] INFO  c.e.auth.config.WebSocketConfig - 从JWT Token提取的用户ID: 3
2025-04-23 11:15:03.939 [http-nio-8081-exec-4] INFO  c.e.auth.config.WebSocketConfig - WebSocket连接成功设置用户ID为Principal: 3
2025-04-23 11:15:05.841 [http-nio-8081-exec-5] INFO  c.e.auth.config.WebSocketConfig - 收到STOMP CONNECT命令
2025-04-23 11:15:05.841 [http-nio-8081-exec-5] INFO  c.e.auth.config.WebSocketConfig - 从WebSocket连接中提取到JWT Token: eyJhbGciOi...
2025-04-23 11:15:05.843 [http-nio-8081-exec-5] INFO  c.e.auth.config.WebSocketConfig - 从JWT Token提取的用户ID: 1
2025-04-23 11:15:05.843 [http-nio-8081-exec-5] INFO  c.e.auth.config.WebSocketConfig - WebSocket连接成功设置用户ID为Principal: 1
2025-04-23 11:15:10.421 [http-nio-8081-exec-9] INFO  c.e.auth.config.WebSocketConfig - 收到STOMP CONNECT命令
2025-04-23 11:15:10.421 [http-nio-8081-exec-9] INFO  c.e.auth.config.WebSocketConfig - 从WebSocket连接中提取到JWT Token: eyJhbGciOi...
2025-04-23 11:15:10.422 [http-nio-8081-exec-9] INFO  c.e.auth.config.WebSocketConfig - 从JWT Token提取的用户ID: 2
2025-04-23 11:15:10.422 [http-nio-8081-exec-9] INFO  c.e.auth.config.WebSocketConfig - WebSocket连接成功设置用户ID为Principal: 2
2025-04-23 11:15:10.713 [http-nio-8081-exec-1] INFO  c.e.auth.config.WebSocketConfig - 收到STOMP CONNECT命令
2025-04-23 11:15:10.713 [http-nio-8081-exec-1] INFO  c.e.auth.config.WebSocketConfig - 从WebSocket连接中提取到JWT Token: eyJhbGciOi...
2025-04-23 11:15:10.713 [http-nio-8081-exec-1] INFO  c.e.auth.config.WebSocketConfig - 从JWT Token提取的用户ID: 3
2025-04-23 11:15:10.714 [http-nio-8081-exec-1] INFO  c.e.auth.config.WebSocketConfig - WebSocket连接成功设置用户ID为Principal: 3
2025-04-23 11:15:12.319 [http-nio-8081-exec-4] INFO  c.e.auth.config.WebSocketConfig - 收到STOMP CONNECT命令
2025-04-23 11:15:12.320 [http-nio-8081-exec-4] INFO  c.e.auth.config.WebSocketConfig - 从WebSocket连接中提取到JWT Token: eyJhbGciOi...
2025-04-23 11:15:12.320 [http-nio-8081-exec-4] INFO  c.e.auth.config.WebSocketConfig - 从JWT Token提取的用户ID: 1
2025-04-23 11:15:12.320 [http-nio-8081-exec-4] INFO  c.e.auth.config.WebSocketConfig - WebSocket连接成功设置用户ID为Principal: 1
2025-04-23 11:15:49.423 [http-nio-8081-exec-5] INFO  c.e.auth.config.WebSocketConfig - 收到STOMP CONNECT命令
2025-04-23 11:15:49.423 [http-nio-8081-exec-5] INFO  c.e.auth.config.WebSocketConfig - 从WebSocket连接中提取到JWT Token: eyJhbGciOi...
2025-04-23 11:15:49.424 [http-nio-8081-exec-5] INFO  c.e.auth.config.WebSocketConfig - 从JWT Token提取的用户ID: 2
2025-04-23 11:15:49.425 [http-nio-8081-exec-5] INFO  c.e.auth.config.WebSocketConfig - WebSocket连接成功设置用户ID为Principal: 2
2025-04-23 11:15:50.005 [http-nio-8081-exec-4] INFO  c.e.auth.config.WebSocketConfig - 收到STOMP CONNECT命令
2025-04-23 11:15:50.005 [http-nio-8081-exec-4] INFO  c.e.auth.config.WebSocketConfig - 从WebSocket连接中提取到JWT Token: eyJhbGciOi...
2025-04-23 11:15:50.006 [http-nio-8081-exec-4] INFO  c.e.auth.config.WebSocketConfig - 从JWT Token提取的用户ID: 3
2025-04-23 11:15:50.006 [http-nio-8081-exec-4] INFO  c.e.auth.config.WebSocketConfig - WebSocket连接成功设置用户ID为Principal: 3
2025-04-23 11:15:51.873 [http-nio-8081-exec-4] INFO  c.e.auth.config.WebSocketConfig - 收到STOMP CONNECT命令
2025-04-23 11:15:51.874 [http-nio-8081-exec-4] INFO  c.e.auth.config.WebSocketConfig - 从WebSocket连接中提取到JWT Token: eyJhbGciOi...
2025-04-23 11:15:51.874 [http-nio-8081-exec-4] INFO  c.e.auth.config.WebSocketConfig - 从JWT Token提取的用户ID: 1
2025-04-23 11:15:51.874 [http-nio-8081-exec-4] INFO  c.e.auth.config.WebSocketConfig - WebSocket连接成功设置用户ID为Principal: 1
2025-04-23 11:15:56.650 [SpringApplicationShutdownHook] INFO  o.s.m.s.b.SimpleBrokerMessageHandler - Stopping...
2025-04-23 11:15:56.651 [SpringApplicationShutdownHook] INFO  o.s.m.s.b.SimpleBrokerMessageHandler - BrokerAvailabilityEvent[available=false, SimpleBrokerMessageHandler [org.springframework.messaging.simp.broker.DefaultSubscriptionRegistry@c4078b6]]
2025-04-23 11:15:56.651 [SpringApplicationShutdownHook] INFO  o.s.m.s.b.SimpleBrokerMessageHandler - Stopped.
2025-04-23 11:15:59.603 [main] INFO  com.example.auth.AuthApplication - Starting AuthApplication using Java 17.0.12 with PID 36572 (C:\Users\37602\Desktop\项目\Manage_supervision\Manage_supervision\backend\target\classes started by 37602 in C:\Users\37602\Desktop\项目\Manage_supervision)
2025-04-23 11:15:59.604 [main] INFO  com.example.auth.AuthApplication - No active profile set, falling back to 1 default profile: "default"
2025-04-23 11:16:00.046 [main] INFO  o.s.d.r.c.RepositoryConfigurationDelegate - Bootstrapping Spring Data JPA repositories in DEFAULT mode.
2025-04-23 11:16:00.130 [main] INFO  o.s.d.r.c.RepositoryConfigurationDelegate - Finished Spring Data repository scanning in 78 ms. Found 19 JPA repository interfaces.
2025-04-23 11:16:00.468 [main] INFO  o.s.b.w.e.tomcat.TomcatWebServer - Tomcat initialized with port 8081 (http)
2025-04-23 11:16:00.511 [main] INFO  o.s.b.w.s.c.ServletWebServerApplicationContext - Root WebApplicationContext: initialization completed in 877 ms
2025-04-23 11:16:04.626 [main] INFO  o.s.d.j.r.query.QueryEnhancerFactory - Hibernate is in classpath; If applicable, HQL parser will be used.
2025-04-23 11:16:06.085 [main] INFO  c.e.auth.config.WebSocketConfig - 配置WebSocket客户端入站通道拦截器
2025-04-23 11:16:06.086 [main] INFO  c.e.auth.config.WebSocketConfig - WebSocket客户端入站通道拦截器配置完成
2025-04-23 11:16:06.091 [main] INFO  c.e.auth.config.WebSocketConfig - 配置WebSocket消息代理
2025-04-23 11:16:06.092 [main] INFO  c.e.auth.config.WebSocketConfig - WebSocket消息代理配置完成
2025-04-23 11:16:06.273 [main] INFO  c.e.auth.config.WebSocketConfig - 注册WebSocket端点: /ws
2025-04-23 11:16:06.313 [main] WARN  o.s.b.a.o.j.JpaBaseConfiguration$JpaWebConfiguration - spring.jpa.open-in-view is enabled by default. Therefore, database queries may be performed during view rendering. Explicitly configure spring.jpa.open-in-view to disable this warning
2025-04-23 11:16:06.353 [main] INFO  com.example.auth.config.WebConfig - 配置拦截器，验证用户权限
2025-04-23 11:16:06.355 [main] INFO  com.example.auth.config.WebConfig - 配置CORS，允许前端访问
2025-04-23 11:16:06.356 [main] INFO  com.example.auth.config.WebConfig - CORS配置完成，允许所有来源访问
2025-04-23 11:16:06.405 [main] INFO  com.example.auth.config.WebConfig - 配置资源映射: /uploads/** -> file:C:\Users\37602\Desktop\项目\Manage_supervision\uploads/
2025-04-23 11:16:06.503 [main] INFO  o.s.b.w.e.tomcat.TomcatWebServer - Tomcat started on port 8081 (http) with context path ''
2025-04-23 11:16:06.504 [main] INFO  o.s.m.s.b.SimpleBrokerMessageHandler - Starting...
2025-04-23 11:16:06.504 [main] INFO  o.s.m.s.b.SimpleBrokerMessageHandler - BrokerAvailabilityEvent[available=true, SimpleBrokerMessageHandler [org.springframework.messaging.simp.broker.DefaultSubscriptionRegistry@41a3bd2e]]
2025-04-23 11:16:06.505 [main] INFO  o.s.m.s.b.SimpleBrokerMessageHandler - Started.
2025-04-23 11:16:06.508 [main] INFO  com.example.auth.AuthApplication - Started AuthApplication in 7.253 seconds (process running for 7.663)
2025-04-23 11:16:07.032 [http-nio-8081-exec-2] INFO  o.s.web.servlet.DispatcherServlet - Initializing Servlet 'dispatcherServlet'
2025-04-23 11:16:07.034 [http-nio-8081-exec-2] INFO  o.s.web.servlet.DispatcherServlet - Completed initialization in 1 ms
2025-04-23 11:16:07.423 [http-nio-8081-exec-3] INFO  c.e.auth.config.WebSocketConfig - 收到STOMP CONNECT命令
2025-04-23 11:16:07.423 [http-nio-8081-exec-4] INFO  c.e.auth.config.WebSocketConfig - 收到STOMP CONNECT命令
2025-04-23 11:16:07.423 [http-nio-8081-exec-4] INFO  c.e.auth.config.WebSocketConfig - 从WebSocket连接中提取到JWT Token: eyJhbGciOi...
2025-04-23 11:16:07.423 [http-nio-8081-exec-3] INFO  c.e.auth.config.WebSocketConfig - 从WebSocket连接中提取到JWT Token: eyJhbGciOi...
2025-04-23 11:16:07.500 [http-nio-8081-exec-3] INFO  c.e.auth.config.WebSocketConfig - 从JWT Token提取的用户ID: 2
2025-04-23 11:16:07.500 [http-nio-8081-exec-4] INFO  c.e.auth.config.WebSocketConfig - 从JWT Token提取的用户ID: 3
2025-04-23 11:16:07.501 [http-nio-8081-exec-3] INFO  c.e.auth.config.WebSocketConfig - WebSocket连接成功设置用户ID为Principal: 2
2025-04-23 11:16:07.501 [http-nio-8081-exec-4] INFO  c.e.auth.config.WebSocketConfig - WebSocket连接成功设置用户ID为Principal: 3
2025-04-23 11:16:12.148 [http-nio-8081-exec-6] INFO  c.e.auth.config.WebSocketConfig - 收到STOMP CONNECT命令
2025-04-23 11:16:12.148 [http-nio-8081-exec-6] INFO  c.e.auth.config.WebSocketConfig - 从WebSocket连接中提取到JWT Token: eyJhbGciOi...
2025-04-23 11:16:12.150 [http-nio-8081-exec-6] INFO  c.e.auth.config.WebSocketConfig - 从JWT Token提取的用户ID: 2
2025-04-23 11:16:12.150 [http-nio-8081-exec-6] INFO  c.e.auth.config.WebSocketConfig - WebSocket连接成功设置用户ID为Principal: 2
2025-04-23 11:16:12.885 [http-nio-8081-exec-9] INFO  c.e.auth.config.WebSocketConfig - 收到STOMP CONNECT命令
2025-04-23 11:16:12.885 [http-nio-8081-exec-9] INFO  c.e.auth.config.WebSocketConfig - 从WebSocket连接中提取到JWT Token: eyJhbGciOi...
2025-04-23 11:16:12.886 [http-nio-8081-exec-9] INFO  c.e.auth.config.WebSocketConfig - 从JWT Token提取的用户ID: 1
2025-04-23 11:16:12.886 [http-nio-8081-exec-9] INFO  c.e.auth.config.WebSocketConfig - WebSocket连接成功设置用户ID为Principal: 1
2025-04-23 11:16:16.765 [http-nio-8081-exec-2] INFO  c.e.auth.config.WebSocketConfig - 收到STOMP CONNECT命令
2025-04-23 11:16:16.765 [http-nio-8081-exec-2] INFO  c.e.auth.config.WebSocketConfig - 从WebSocket连接中提取到JWT Token: eyJhbGciOi...
2025-04-23 11:16:16.766 [http-nio-8081-exec-2] INFO  c.e.auth.config.WebSocketConfig - 从JWT Token提取的用户ID: 2
2025-04-23 11:16:16.767 [http-nio-8081-exec-2] INFO  c.e.auth.config.WebSocketConfig - WebSocket连接成功设置用户ID为Principal: 2
2025-04-23 11:16:35.192 [http-nio-8081-exec-4] INFO  c.e.auth.config.WebSocketConfig - 收到STOMP CONNECT命令
2025-04-23 11:16:35.192 [http-nio-8081-exec-4] INFO  c.e.auth.config.WebSocketConfig - 从WebSocket连接中提取到JWT Token: eyJhbGciOi...
2025-04-23 11:16:35.193 [http-nio-8081-exec-4] INFO  c.e.auth.config.WebSocketConfig - 从JWT Token提取的用户ID: 2
2025-04-23 11:16:35.193 [http-nio-8081-exec-4] INFO  c.e.auth.config.WebSocketConfig - WebSocket连接成功设置用户ID为Principal: 2
2025-04-23 11:16:35.436 [http-nio-8081-exec-1] INFO  c.e.auth.config.WebSocketConfig - 收到STOMP CONNECT命令
2025-04-23 11:16:35.436 [http-nio-8081-exec-1] INFO  c.e.auth.config.WebSocketConfig - 从WebSocket连接中提取到JWT Token: eyJhbGciOi...
2025-04-23 11:16:35.436 [http-nio-8081-exec-1] INFO  c.e.auth.config.WebSocketConfig - 从JWT Token提取的用户ID: 3
2025-04-23 11:16:35.436 [http-nio-8081-exec-1] INFO  c.e.auth.config.WebSocketConfig - WebSocket连接成功设置用户ID为Principal: 3
2025-04-23 11:16:37.404 [http-nio-8081-exec-7] INFO  c.e.auth.config.WebSocketConfig - 收到STOMP CONNECT命令
2025-04-23 11:16:37.405 [http-nio-8081-exec-7] INFO  c.e.auth.config.WebSocketConfig - 从WebSocket连接中提取到JWT Token: eyJhbGciOi...
2025-04-23 11:16:37.405 [http-nio-8081-exec-7] INFO  c.e.auth.config.WebSocketConfig - 从JWT Token提取的用户ID: 1
2025-04-23 11:16:37.405 [http-nio-8081-exec-7] INFO  c.e.auth.config.WebSocketConfig - WebSocket连接成功设置用户ID为Principal: 1
2025-04-23 11:17:06.502 [MessageBroker-5] INFO  o.s.w.s.c.WebSocketMessageBrokerStats - WebSocketSession[3 current WS(3)-HttpStream(0)-HttpPoll(0), 8 total, 0 closed abnormally (0 connect failure, 0 send limit, 0 transport error)], stompSubProtocol[processed CONNECT(8)-CONNECTED(8)-DISCONNECT(0)], stompBrokerRelay[null], inboundChannel[pool size = 28, active threads = 0, queued tasks = 0, completed tasks = 111], outboundChannel[pool size = 13, active threads = 0, queued tasks = 0, completed tasks = 13], sockJsScheduler[pool size = 14, active threads = 1, queued tasks = 4, completed tasks = 16]
2025-04-23 11:17:50.985 [SpringApplicationShutdownHook] INFO  o.s.m.s.b.SimpleBrokerMessageHandler - Stopping...
2025-04-23 11:17:50.985 [SpringApplicationShutdownHook] INFO  o.s.m.s.b.SimpleBrokerMessageHandler - BrokerAvailabilityEvent[available=false, SimpleBrokerMessageHandler [org.springframework.messaging.simp.broker.DefaultSubscriptionRegistry@41a3bd2e]]
2025-04-23 11:17:50.985 [SpringApplicationShutdownHook] INFO  o.s.m.s.b.SimpleBrokerMessageHandler - Stopped.
2025-04-23 11:17:54.555 [main] INFO  com.example.auth.AuthApplication - Starting AuthApplication using Java 17.0.12 with PID 12032 (C:\Users\37602\Desktop\项目\Manage_supervision\Manage_supervision\backend\target\classes started by 37602 in C:\Users\37602\Desktop\项目\Manage_supervision)
2025-04-23 11:17:54.556 [main] INFO  com.example.auth.AuthApplication - No active profile set, falling back to 1 default profile: "default"
2025-04-23 11:17:54.951 [main] INFO  o.s.d.r.c.RepositoryConfigurationDelegate - Bootstrapping Spring Data JPA repositories in DEFAULT mode.
2025-04-23 11:17:55.036 [main] INFO  o.s.d.r.c.RepositoryConfigurationDelegate - Finished Spring Data repository scanning in 80 ms. Found 19 JPA repository interfaces.
2025-04-23 11:17:55.331 [main] INFO  o.s.b.w.e.tomcat.TomcatWebServer - Tomcat initialized with port 8081 (http)
2025-04-23 11:17:55.371 [main] INFO  o.s.b.w.s.c.ServletWebServerApplicationContext - Root WebApplicationContext: initialization completed in 787 ms
2025-04-23 11:17:59.782 [main] INFO  o.s.d.j.r.query.QueryEnhancerFactory - Hibernate is in classpath; If applicable, HQL parser will be used.
2025-04-23 11:18:01.275 [main] INFO  c.e.auth.config.WebSocketConfig - 配置WebSocket客户端入站通道拦截器
2025-04-23 11:18:01.276 [main] INFO  c.e.auth.config.WebSocketConfig - WebSocket客户端入站通道拦截器配置完成
2025-04-23 11:18:01.281 [main] INFO  c.e.auth.config.WebSocketConfig - 配置WebSocket消息代理
2025-04-23 11:18:01.282 [main] INFO  c.e.auth.config.WebSocketConfig - WebSocket消息代理配置完成
2025-04-23 11:18:01.506 [main] INFO  c.e.auth.config.WebSocketConfig - 注册WebSocket端点: /ws
2025-04-23 11:18:01.546 [main] WARN  o.s.b.a.o.j.JpaBaseConfiguration$JpaWebConfiguration - spring.jpa.open-in-view is enabled by default. Therefore, database queries may be performed during view rendering. Explicitly configure spring.jpa.open-in-view to disable this warning
2025-04-23 11:18:01.588 [main] INFO  com.example.auth.config.WebConfig - 配置拦截器，验证用户权限
2025-04-23 11:18:01.592 [main] INFO  com.example.auth.config.WebConfig - 配置CORS，允许前端访问
2025-04-23 11:18:01.593 [main] INFO  com.example.auth.config.WebConfig - CORS配置完成，允许所有来源访问
2025-04-23 11:18:01.650 [main] INFO  com.example.auth.config.WebConfig - 配置资源映射: /uploads/** -> file:C:\Users\37602\Desktop\项目\Manage_supervision\uploads/
2025-04-23 11:18:01.805 [main] INFO  o.s.b.w.e.tomcat.TomcatWebServer - Tomcat started on port 8081 (http) with context path ''
2025-04-23 11:18:01.807 [main] INFO  o.s.m.s.b.SimpleBrokerMessageHandler - Starting...
2025-04-23 11:18:01.807 [main] INFO  o.s.m.s.b.SimpleBrokerMessageHandler - BrokerAvailabilityEvent[available=true, SimpleBrokerMessageHandler [org.springframework.messaging.simp.broker.DefaultSubscriptionRegistry@3f29d13d]]
2025-04-23 11:18:01.807 [main] INFO  o.s.m.s.b.SimpleBrokerMessageHandler - Started.
2025-04-23 11:18:01.812 [main] INFO  com.example.auth.AuthApplication - Started AuthApplication in 7.581 seconds (process running for 7.944)
2025-04-23 11:18:03.829 [http-nio-8081-exec-1] INFO  o.s.web.servlet.DispatcherServlet - Initializing Servlet 'dispatcherServlet'
2025-04-23 11:18:03.831 [http-nio-8081-exec-1] INFO  o.s.web.servlet.DispatcherServlet - Completed initialization in 1 ms
2025-04-23 11:18:04.737 [http-nio-8081-exec-7] INFO  c.e.auth.config.WebSocketConfig - 收到STOMP CONNECT命令
2025-04-23 11:18:04.737 [http-nio-8081-exec-7] INFO  c.e.auth.config.WebSocketConfig - 从WebSocket连接中提取到JWT Token: eyJhbGciOi...
2025-04-23 11:18:04.739 [http-nio-8081-exec-7] INFO  c.e.auth.config.WebSocketConfig - 从JWT Token提取的用户ID: 2
2025-04-23 11:18:04.739 [http-nio-8081-exec-7] INFO  c.e.auth.config.WebSocketConfig - WebSocket连接成功设置用户ID为Principal: 2
2025-04-23 11:18:06.654 [http-nio-8081-exec-1] INFO  c.e.auth.config.WebSocketConfig - 收到STOMP CONNECT命令
2025-04-23 11:18:06.654 [http-nio-8081-exec-1] INFO  c.e.auth.config.WebSocketConfig - 从WebSocket连接中提取到JWT Token: eyJhbGciOi...
2025-04-23 11:18:06.654 [http-nio-8081-exec-1] INFO  c.e.auth.config.WebSocketConfig - 从JWT Token提取的用户ID: 3
2025-04-23 11:18:06.654 [http-nio-8081-exec-1] INFO  c.e.auth.config.WebSocketConfig - WebSocket连接成功设置用户ID为Principal: 3
2025-04-23 11:18:07.078 [http-nio-8081-exec-7] INFO  c.e.auth.config.WebSocketConfig - 收到STOMP CONNECT命令
2025-04-23 11:18:07.078 [http-nio-8081-exec-7] INFO  c.e.auth.config.WebSocketConfig - 从WebSocket连接中提取到JWT Token: eyJhbGciOi...
2025-04-23 11:18:07.078 [http-nio-8081-exec-7] INFO  c.e.auth.config.WebSocketConfig - 从JWT Token提取的用户ID: 1
2025-04-23 11:18:07.078 [http-nio-8081-exec-7] INFO  c.e.auth.config.WebSocketConfig - WebSocket连接成功设置用户ID为Principal: 1
2025-04-23 11:19:01.798 [MessageBroker-8] INFO  o.s.w.s.c.WebSocketMessageBrokerStats - WebSocketSession[3 current WS(3)-HttpStream(0)-HttpPoll(0), 3 total, 0 closed abnormally (0 connect failure, 0 send limit, 0 transport error)], stompSubProtocol[processed CONNECT(3)-CONNECTED(3)-DISCONNECT(0)], stompBrokerRelay[null], inboundChannel[pool size = 28, active threads = 0, queued tasks = 0, completed tasks = 36], outboundChannel[pool size = 3, active threads = 0, queued tasks = 0, completed tasks = 3], sockJsScheduler[pool size = 14, active threads = 1, queued tasks = 4, completed tasks = 18]
2025-04-23 11:20:53.327 [SpringApplicationShutdownHook] INFO  o.s.m.s.b.SimpleBrokerMessageHandler - Stopping...
2025-04-23 11:20:53.327 [SpringApplicationShutdownHook] INFO  o.s.m.s.b.SimpleBrokerMessageHandler - BrokerAvailabilityEvent[available=false, SimpleBrokerMessageHandler [org.springframework.messaging.simp.broker.DefaultSubscriptionRegistry@3f29d13d]]
2025-04-23 11:20:53.327 [SpringApplicationShutdownHook] INFO  o.s.m.s.b.SimpleBrokerMessageHandler - Stopped.
2025-04-23 11:20:56.730 [main] INFO  com.example.auth.AuthApplication - Starting AuthApplication using Java 17.0.12 with PID 29172 (C:\Users\37602\Desktop\项目\Manage_supervision\Manage_supervision\backend\target\classes started by 37602 in C:\Users\37602\Desktop\项目\Manage_supervision)
2025-04-23 11:20:56.732 [main] INFO  com.example.auth.AuthApplication - No active profile set, falling back to 1 default profile: "default"
2025-04-23 11:20:57.174 [main] INFO  o.s.d.r.c.RepositoryConfigurationDelegate - Bootstrapping Spring Data JPA repositories in DEFAULT mode.
2025-04-23 11:20:57.275 [main] INFO  o.s.d.r.c.RepositoryConfigurationDelegate - Finished Spring Data repository scanning in 95 ms. Found 19 JPA repository interfaces.
2025-04-23 11:20:57.587 [main] INFO  o.s.b.w.e.tomcat.TomcatWebServer - Tomcat initialized with port 8081 (http)
2025-04-23 11:20:57.634 [main] INFO  o.s.b.w.s.c.ServletWebServerApplicationContext - Root WebApplicationContext: initialization completed in 875 ms
2025-04-23 11:21:02.255 [main] INFO  o.s.d.j.r.query.QueryEnhancerFactory - Hibernate is in classpath; If applicable, HQL parser will be used.
2025-04-23 11:21:03.803 [main] INFO  c.e.auth.config.WebSocketConfig - 配置WebSocket客户端入站通道拦截器
2025-04-23 11:21:03.804 [main] INFO  c.e.auth.config.WebSocketConfig - WebSocket客户端入站通道拦截器配置完成
2025-04-23 11:21:03.809 [main] INFO  c.e.auth.config.WebSocketConfig - 配置WebSocket消息代理
2025-04-23 11:21:03.809 [main] INFO  c.e.auth.config.WebSocketConfig - WebSocket消息代理配置完成
2025-04-23 11:21:03.997 [main] INFO  c.e.auth.config.WebSocketConfig - 注册WebSocket端点: /ws
2025-04-23 11:21:04.041 [main] WARN  o.s.b.a.o.j.JpaBaseConfiguration$JpaWebConfiguration - spring.jpa.open-in-view is enabled by default. Therefore, database queries may be performed during view rendering. Explicitly configure spring.jpa.open-in-view to disable this warning
2025-04-23 11:21:04.082 [main] INFO  com.example.auth.config.WebConfig - 配置拦截器，验证用户权限
2025-04-23 11:21:04.084 [main] INFO  com.example.auth.config.WebConfig - 配置CORS，允许前端访问
2025-04-23 11:21:04.085 [main] INFO  com.example.auth.config.WebConfig - CORS配置完成，允许所有来源访问
2025-04-23 11:21:04.136 [main] INFO  com.example.auth.config.WebConfig - 配置资源映射: /uploads/** -> file:C:\Users\37602\Desktop\项目\Manage_supervision\uploads/
2025-04-23 11:21:04.234 [main] INFO  o.s.b.w.e.tomcat.TomcatWebServer - Tomcat started on port 8081 (http) with context path ''
2025-04-23 11:21:04.235 [main] INFO  o.s.m.s.b.SimpleBrokerMessageHandler - Starting...
2025-04-23 11:21:04.235 [main] INFO  o.s.m.s.b.SimpleBrokerMessageHandler - BrokerAvailabilityEvent[available=true, SimpleBrokerMessageHandler [org.springframework.messaging.simp.broker.DefaultSubscriptionRegistry@3f29d13d]]
2025-04-23 11:21:04.235 [main] INFO  o.s.m.s.b.SimpleBrokerMessageHandler - Started.
2025-04-23 11:21:04.239 [main] INFO  com.example.auth.AuthApplication - Started AuthApplication in 7.872 seconds (process running for 8.255)
2025-04-23 11:21:05.270 [http-nio-8081-exec-1] INFO  o.s.web.servlet.DispatcherServlet - Initializing Servlet 'dispatcherServlet'
2025-04-23 11:21:05.271 [http-nio-8081-exec-1] INFO  o.s.web.servlet.DispatcherServlet - Completed initialization in 1 ms
2025-04-23 11:21:05.679 [http-nio-8081-exec-7] INFO  c.e.auth.config.WebSocketConfig - 收到STOMP CONNECT命令
2025-04-23 11:21:05.679 [http-nio-8081-exec-7] INFO  c.e.auth.config.WebSocketConfig - 从WebSocket连接中提取到JWT Token: eyJhbGciOi...
2025-04-23 11:21:05.752 [http-nio-8081-exec-7] INFO  c.e.auth.config.WebSocketConfig - 从JWT Token提取的用户ID: 2
2025-04-23 11:21:05.752 [http-nio-8081-exec-7] INFO  c.e.auth.config.WebSocketConfig - WebSocket连接成功设置用户ID为Principal: 2
2025-04-23 11:21:08.982 [http-nio-8081-exec-2] INFO  c.e.auth.config.WebSocketConfig - 收到STOMP CONNECT命令
2025-04-23 11:21:08.982 [http-nio-8081-exec-2] INFO  c.e.auth.config.WebSocketConfig - 从WebSocket连接中提取到JWT Token: eyJhbGciOi...
2025-04-23 11:21:08.983 [http-nio-8081-exec-2] INFO  c.e.auth.config.WebSocketConfig - 从JWT Token提取的用户ID: 3
2025-04-23 11:21:08.984 [http-nio-8081-exec-2] INFO  c.e.auth.config.WebSocketConfig - WebSocket连接成功设置用户ID为Principal: 3
2025-04-23 11:21:09.412 [http-nio-8081-exec-4] INFO  c.e.auth.config.WebSocketConfig - 收到STOMP CONNECT命令
2025-04-23 11:21:09.412 [http-nio-8081-exec-4] INFO  c.e.auth.config.WebSocketConfig - 从WebSocket连接中提取到JWT Token: eyJhbGciOi...
2025-04-23 11:21:09.413 [http-nio-8081-exec-4] INFO  c.e.auth.config.WebSocketConfig - 从JWT Token提取的用户ID: 1
2025-04-23 11:21:09.413 [http-nio-8081-exec-4] INFO  c.e.auth.config.WebSocketConfig - WebSocket连接成功设置用户ID为Principal: 1
2025-04-23 11:21:49.731 [http-nio-8081-exec-6] INFO  c.e.auth.config.WebSocketConfig - 收到STOMP CONNECT命令
2025-04-23 11:21:49.732 [http-nio-8081-exec-6] INFO  c.e.auth.config.WebSocketConfig - 从WebSocket连接中提取到JWT Token: eyJhbGciOi...
2025-04-23 11:21:49.734 [http-nio-8081-exec-6] INFO  c.e.auth.config.WebSocketConfig - 从JWT Token提取的用户ID: 1
2025-04-23 11:21:49.734 [http-nio-8081-exec-6] INFO  c.e.auth.config.WebSocketConfig - WebSocket连接成功设置用户ID为Principal: 1
2025-04-23 11:22:04.224 [MessageBroker-6] INFO  o.s.w.s.c.WebSocketMessageBrokerStats - WebSocketSession[3 current WS(3)-HttpStream(0)-HttpPoll(0), 4 total, 0 closed abnormally (0 connect failure, 0 send limit, 0 transport error)], stompSubProtocol[processed CONNECT(4)-CONNECTED(4)-DISCONNECT(0)], stompBrokerRelay[null], inboundChannel[pool size = 28, active threads = 0, queued tasks = 0, completed tasks = 51], outboundChannel[pool size = 5, active threads = 0, queued tasks = 0, completed tasks = 5], sockJsScheduler[pool size = 14, active threads = 1, queued tasks = 4, completed tasks = 17]
2025-04-23 14:33:17.766 [main] INFO  com.example.auth.AuthApplication - Starting AuthApplication using Java 17.0.12 with PID 32340 (C:\Users\37602\Desktop\s_m\Manage_supervision\backend\target\classes started by 37602 in C:\Users\37602\Desktop\s_m)
2025-04-23 14:33:17.768 [main] INFO  com.example.auth.AuthApplication - No active profile set, falling back to 1 default profile: "default"
2025-04-23 14:33:18.318 [main] INFO  o.s.d.r.c.RepositoryConfigurationDelegate - Bootstrapping Spring Data JPA repositories in DEFAULT mode.
2025-04-23 14:33:18.404 [main] INFO  o.s.d.r.c.RepositoryConfigurationDelegate - Finished Spring Data repository scanning in 82 ms. Found 19 JPA repository interfaces.
2025-04-23 14:33:18.730 [main] INFO  o.s.b.w.e.tomcat.TomcatWebServer - Tomcat initialized with port 8081 (http)
2025-04-23 14:33:18.792 [main] INFO  o.s.b.w.s.c.ServletWebServerApplicationContext - Root WebApplicationContext: initialization completed in 988 ms
2025-04-23 14:33:24.108 [main] INFO  o.s.d.j.r.query.QueryEnhancerFactory - Hibernate is in classpath; If applicable, HQL parser will be used.
2025-04-23 14:33:26.036 [main] INFO  c.e.auth.config.WebSocketConfig - 配置WebSocket客户端入站通道拦截器
2025-04-23 14:33:26.036 [main] INFO  c.e.auth.config.WebSocketConfig - WebSocket客户端入站通道拦截器配置完成
2025-04-23 14:33:26.042 [main] INFO  c.e.auth.config.WebSocketConfig - 配置WebSocket消息代理
2025-04-23 14:33:26.043 [main] INFO  c.e.auth.config.WebSocketConfig - WebSocket消息代理配置完成
2025-04-23 14:33:26.343 [main] INFO  c.e.auth.config.WebSocketConfig - 注册WebSocket端点: /ws
2025-04-23 14:33:26.430 [main] WARN  o.s.b.a.o.j.JpaBaseConfiguration$JpaWebConfiguration - spring.jpa.open-in-view is enabled by default. Therefore, database queries may be performed during view rendering. Explicitly configure spring.jpa.open-in-view to disable this warning
2025-04-23 14:33:26.509 [main] INFO  com.example.auth.config.WebConfig - 配置拦截器，验证用户权限
2025-04-23 14:33:26.512 [main] INFO  com.example.auth.config.WebConfig - 配置CORS，允许前端访问
2025-04-23 14:33:26.514 [main] INFO  com.example.auth.config.WebConfig - CORS配置完成，允许所有来源访问
2025-04-23 14:33:26.678 [main] INFO  com.example.auth.config.WebConfig - 配置资源映射: /uploads/** -> file:C:\Users\37602\Desktop\s_m\uploads/
2025-04-23 14:33:26.881 [main] INFO  o.s.b.w.e.tomcat.TomcatWebServer - Tomcat started on port 8081 (http) with context path ''
2025-04-23 14:33:26.882 [main] INFO  o.s.m.s.b.SimpleBrokerMessageHandler - Starting...
2025-04-23 14:33:26.883 [main] INFO  o.s.m.s.b.SimpleBrokerMessageHandler - BrokerAvailabilityEvent[available=true, SimpleBrokerMessageHandler [org.springframework.messaging.simp.broker.DefaultSubscriptionRegistry@7e80a98c]]
2025-04-23 14:33:26.883 [main] INFO  o.s.m.s.b.SimpleBrokerMessageHandler - Started.
2025-04-23 14:33:26.889 [main] INFO  com.example.auth.AuthApplication - Started AuthApplication in 9.522 seconds (process running for 10.005)
2025-04-23 14:33:44.149 [http-nio-8081-exec-1] INFO  o.s.web.servlet.DispatcherServlet - Initializing Servlet 'dispatcherServlet'
2025-04-23 14:33:44.150 [http-nio-8081-exec-1] INFO  o.s.web.servlet.DispatcherServlet - Completed initialization in 1 ms
2025-04-23 14:33:44.621 [http-nio-8081-exec-5] INFO  c.e.auth.config.WebSocketConfig - 收到STOMP CONNECT命令
2025-04-23 14:33:44.621 [http-nio-8081-exec-5] INFO  c.e.auth.config.WebSocketConfig - 从WebSocket连接中提取到JWT Token: eyJhbGciOi...
2025-04-23 14:33:44.622 [http-nio-8081-exec-5] INFO  c.e.auth.config.WebSocketConfig - 从JWT Token提取的用户ID: 1
2025-04-23 14:33:44.622 [http-nio-8081-exec-5] INFO  c.e.auth.config.WebSocketConfig - WebSocket连接成功设置用户ID为Principal: 1
2025-04-23 14:33:45.281 [http-nio-8081-exec-1] INFO  c.e.auth.config.WebSocketConfig - 收到STOMP CONNECT命令
2025-04-23 14:33:45.282 [http-nio-8081-exec-1] INFO  c.e.auth.config.WebSocketConfig - 从WebSocket连接中提取到JWT Token: eyJhbGciOi...
2025-04-23 14:33:45.283 [http-nio-8081-exec-1] INFO  c.e.auth.config.WebSocketConfig - 从JWT Token提取的用户ID: 1
2025-04-23 14:33:45.283 [http-nio-8081-exec-1] INFO  c.e.auth.config.WebSocketConfig - WebSocket连接成功设置用户ID为Principal: 1
2025-04-23 14:33:46.854 [http-nio-8081-exec-3] INFO  c.e.auth.config.WebSocketConfig - 收到STOMP CONNECT命令
2025-04-23 14:33:46.854 [http-nio-8081-exec-3] INFO  c.e.auth.config.WebSocketConfig - 从WebSocket连接中提取到JWT Token: eyJhbGciOi...
2025-04-23 14:33:46.855 [http-nio-8081-exec-3] INFO  c.e.auth.config.WebSocketConfig - 从JWT Token提取的用户ID: 2
2025-04-23 14:33:46.855 [http-nio-8081-exec-3] INFO  c.e.auth.config.WebSocketConfig - WebSocket连接成功设置用户ID为Principal: 2
2025-04-23 14:33:49.725 [http-nio-8081-exec-3] INFO  c.e.auth.config.WebSocketConfig - 收到STOMP CONNECT命令
2025-04-23 14:33:49.725 [http-nio-8081-exec-3] INFO  c.e.auth.config.WebSocketConfig - 从WebSocket连接中提取到JWT Token: eyJhbGciOi...
2025-04-23 14:33:49.726 [http-nio-8081-exec-3] INFO  c.e.auth.config.WebSocketConfig - 从JWT Token提取的用户ID: 1
2025-04-23 14:33:49.726 [http-nio-8081-exec-3] INFO  c.e.auth.config.WebSocketConfig - WebSocket连接成功设置用户ID为Principal: 1
2025-04-23 14:34:26.866 [MessageBroker-3] INFO  o.s.w.s.c.WebSocketMessageBrokerStats - WebSocketSession[2 current WS(2)-HttpStream(0)-HttpPoll(0), 4 total, 0 closed abnormally (0 connect failure, 0 send limit, 0 transport error)], stompSubProtocol[processed CONNECT(4)-CONNECTED(4)-DISCONNECT(0)], stompBrokerRelay[null], inboundChannel[pool size = 28, active threads = 0, queued tasks = 0, completed tasks = 54], outboundChannel[pool size = 6, active threads = 0, queued tasks = 0, completed tasks = 6], sockJsScheduler[pool size = 14, active threads = 1, queued tasks = 3, completed tasks = 11]
2025-04-23 14:57:35.076 [http-nio-8081-exec-5] INFO  c.e.auth.config.WebSocketConfig - 收到STOMP CONNECT命令
2025-04-23 14:57:35.077 [http-nio-8081-exec-5] INFO  c.e.auth.config.WebSocketConfig - 从WebSocket连接中提取到JWT Token: eyJhbGciOi...
2025-04-23 14:57:35.078 [http-nio-8081-exec-5] INFO  c.e.auth.config.WebSocketConfig - 从JWT Token提取的用户ID: 1
2025-04-23 14:57:35.078 [http-nio-8081-exec-5] INFO  c.e.auth.config.WebSocketConfig - WebSocket连接成功设置用户ID为Principal: 1
2025-04-23 14:58:17.209 [SpringApplicationShutdownHook] INFO  o.s.m.s.b.SimpleBrokerMessageHandler - Stopping...
2025-04-23 14:58:17.210 [SpringApplicationShutdownHook] INFO  o.s.m.s.b.SimpleBrokerMessageHandler - BrokerAvailabilityEvent[available=false, SimpleBrokerMessageHandler [org.springframework.messaging.simp.broker.DefaultSubscriptionRegistry@7e80a98c]]
2025-04-23 14:58:17.210 [SpringApplicationShutdownHook] INFO  o.s.m.s.b.SimpleBrokerMessageHandler - Stopped.
2025-04-23 15:01:00.811 [main] INFO  com.example.auth.AuthApplication - Starting AuthApplication using Java 17.0.12 with PID 11516 (C:\Users\37602\Desktop\s_m\Manage_supervision\backend\target\classes started by 37602 in C:\Users\37602\Desktop\s_m)
2025-04-23 15:01:00.813 [main] INFO  com.example.auth.AuthApplication - No active profile set, falling back to 1 default profile: "default"
2025-04-23 15:01:01.248 [main] INFO  o.s.d.r.c.RepositoryConfigurationDelegate - Bootstrapping Spring Data JPA repositories in DEFAULT mode.
2025-04-23 15:01:01.331 [main] INFO  o.s.d.r.c.RepositoryConfigurationDelegate - Finished Spring Data repository scanning in 78 ms. Found 21 JPA repository interfaces.
2025-04-23 15:01:01.641 [main] INFO  o.s.b.w.e.tomcat.TomcatWebServer - Tomcat initialized with port 8081 (http)
2025-04-23 15:01:01.689 [main] INFO  o.s.b.w.s.c.ServletWebServerApplicationContext - Root WebApplicationContext: initialization completed in 848 ms
2025-04-23 15:01:07.102 [main] INFO  o.s.d.j.r.query.QueryEnhancerFactory - Hibernate is in classpath; If applicable, HQL parser will be used.
2025-04-23 15:01:08.829 [main] INFO  c.e.auth.config.WebSocketConfig - 配置WebSocket客户端入站通道拦截器
2025-04-23 15:01:08.830 [main] INFO  c.e.auth.config.WebSocketConfig - WebSocket客户端入站通道拦截器配置完成
2025-04-23 15:01:08.835 [main] INFO  c.e.auth.config.WebSocketConfig - 配置WebSocket消息代理
2025-04-23 15:01:08.836 [main] INFO  c.e.auth.config.WebSocketConfig - WebSocket消息代理配置完成
2025-04-23 15:01:09.028 [main] INFO  c.e.auth.config.WebSocketConfig - 注册WebSocket端点: /ws
2025-04-23 15:01:09.085 [main] WARN  o.s.b.a.o.j.JpaBaseConfiguration$JpaWebConfiguration - spring.jpa.open-in-view is enabled by default. Therefore, database queries may be performed during view rendering. Explicitly configure spring.jpa.open-in-view to disable this warning
2025-04-23 15:01:09.131 [main] INFO  com.example.auth.config.WebConfig - 配置拦截器，验证用户权限
2025-04-23 15:01:09.134 [main] INFO  com.example.auth.config.WebConfig - 配置CORS，允许前端访问
2025-04-23 15:01:09.136 [main] INFO  com.example.auth.config.WebConfig - CORS配置完成，允许所有来源访问
2025-04-23 15:01:09.198 [main] INFO  com.example.auth.config.WebConfig - 配置资源映射: /uploads/** -> file:C:\Users\37602\Desktop\s_m\uploads/
2025-04-23 15:01:09.345 [main] INFO  o.s.b.w.e.tomcat.TomcatWebServer - Tomcat started on port 8081 (http) with context path ''
2025-04-23 15:01:09.346 [main] INFO  o.s.m.s.b.SimpleBrokerMessageHandler - Starting...
2025-04-23 15:01:09.347 [main] INFO  o.s.m.s.b.SimpleBrokerMessageHandler - BrokerAvailabilityEvent[available=true, SimpleBrokerMessageHandler [org.springframework.messaging.simp.broker.DefaultSubscriptionRegistry@111698ac]]
2025-04-23 15:01:09.347 [main] INFO  o.s.m.s.b.SimpleBrokerMessageHandler - Started.
2025-04-23 15:01:09.350 [main] INFO  com.example.auth.AuthApplication - Started AuthApplication in 8.869 seconds (process running for 9.264)
2025-04-23 15:01:10.685 [http-nio-8081-exec-1] INFO  o.s.web.servlet.DispatcherServlet - Initializing Servlet 'dispatcherServlet'
2025-04-23 15:01:10.687 [http-nio-8081-exec-1] INFO  o.s.web.servlet.DispatcherServlet - Completed initialization in 2 ms
2025-04-23 15:01:11.584 [http-nio-8081-exec-6] INFO  c.e.auth.config.WebSocketConfig - 收到STOMP CONNECT命令
2025-04-23 15:01:11.584 [http-nio-8081-exec-6] INFO  c.e.auth.config.WebSocketConfig - 从WebSocket连接中提取到JWT Token: eyJhbGciOi...
2025-04-23 15:01:11.585 [http-nio-8081-exec-6] INFO  c.e.auth.config.WebSocketConfig - 从JWT Token提取的用户ID: 2
2025-04-23 15:01:11.586 [http-nio-8081-exec-6] INFO  c.e.auth.config.WebSocketConfig - WebSocket连接成功设置用户ID为Principal: 2
2025-04-23 15:01:11.677 [http-nio-8081-exec-10] INFO  c.e.auth.config.WebSocketConfig - 收到STOMP CONNECT命令
2025-04-23 15:01:11.677 [http-nio-8081-exec-10] INFO  c.e.auth.config.WebSocketConfig - 从WebSocket连接中提取到JWT Token: eyJhbGciOi...
2025-04-23 15:01:11.678 [http-nio-8081-exec-10] INFO  c.e.auth.config.WebSocketConfig - 从JWT Token提取的用户ID: 2
2025-04-23 15:01:11.679 [http-nio-8081-exec-10] INFO  c.e.auth.config.WebSocketConfig - WebSocket连接成功设置用户ID为Principal: 2
2025-04-23 15:02:09.326 [MessageBroker-13] INFO  o.s.w.s.c.WebSocketMessageBrokerStats - WebSocketSession[2 current WS(2)-HttpStream(0)-HttpPoll(0), 2 total, 0 closed abnormally (0 connect failure, 0 send limit, 0 transport error)], stompSubProtocol[processed CONNECT(2)-CONNECTED(2)-DISCONNECT(0)], stompBrokerRelay[null], inboundChannel[pool size = 24, active threads = 0, queued tasks = 0, completed tasks = 24], outboundChannel[pool size = 2, active threads = 0, queued tasks = 0, completed tasks = 2], sockJsScheduler[pool size = 14, active threads = 1, queued tasks = 3, completed tasks = 16]
2025-04-23 15:02:55.388 [http-nio-8081-exec-2] INFO  c.e.auth.config.WebSocketConfig - 收到STOMP CONNECT命令
2025-04-23 15:02:55.388 [http-nio-8081-exec-2] INFO  c.e.auth.config.WebSocketConfig - 从WebSocket连接中提取到JWT Token: eyJhbGciOi...
2025-04-23 15:02:55.389 [http-nio-8081-exec-2] INFO  c.e.auth.config.WebSocketConfig - 从JWT Token提取的用户ID: 2
2025-04-23 15:02:55.389 [http-nio-8081-exec-2] INFO  c.e.auth.config.WebSocketConfig - WebSocket连接成功设置用户ID为Principal: 2
2025-04-23 15:09:44.925 [http-nio-8081-exec-5] INFO  c.e.auth.config.WebSocketConfig - 收到STOMP CONNECT命令
2025-04-23 15:09:44.925 [http-nio-8081-exec-5] INFO  c.e.auth.config.WebSocketConfig - 从WebSocket连接中提取到JWT Token: eyJhbGciOi...
2025-04-23 15:09:44.926 [http-nio-8081-exec-5] INFO  c.e.auth.config.WebSocketConfig - 从JWT Token提取的用户ID: 2
2025-04-23 15:09:44.926 [http-nio-8081-exec-5] INFO  c.e.auth.config.WebSocketConfig - WebSocket连接成功设置用户ID为Principal: 2
2025-04-23 15:12:44.523 [http-nio-8081-exec-2] INFO  c.e.auth.config.WebSocketConfig - 收到STOMP CONNECT命令
2025-04-23 15:12:44.523 [http-nio-8081-exec-2] INFO  c.e.auth.config.WebSocketConfig - 从WebSocket连接中提取到JWT Token: eyJhbGciOi...
2025-04-23 15:12:44.524 [http-nio-8081-exec-2] INFO  c.e.auth.config.WebSocketConfig - 从JWT Token提取的用户ID: 2
2025-04-23 15:12:44.524 [http-nio-8081-exec-2] INFO  c.e.auth.config.WebSocketConfig - WebSocket连接成功设置用户ID为Principal: 2
2025-04-23 15:12:53.693 [http-nio-8081-exec-4] INFO  c.e.auth.config.WebSocketConfig - 收到STOMP CONNECT命令
2025-04-23 15:12:53.693 [http-nio-8081-exec-4] INFO  c.e.auth.config.WebSocketConfig - 从WebSocket连接中提取到JWT Token: eyJhbGciOi...
2025-04-23 15:12:53.694 [http-nio-8081-exec-4] INFO  c.e.auth.config.WebSocketConfig - 从JWT Token提取的用户ID: 2
2025-04-23 15:12:53.694 [http-nio-8081-exec-4] INFO  c.e.auth.config.WebSocketConfig - WebSocket连接成功设置用户ID为Principal: 2
2025-04-23 15:14:39.729 [http-nio-8081-exec-3] INFO  c.e.auth.config.WebSocketConfig - 收到STOMP CONNECT命令
2025-04-23 15:14:39.729 [http-nio-8081-exec-3] INFO  c.e.auth.config.WebSocketConfig - 从WebSocket连接中提取到JWT Token: eyJhbGciOi...
2025-04-23 15:14:39.730 [http-nio-8081-exec-3] INFO  c.e.auth.config.WebSocketConfig - 从JWT Token提取的用户ID: 2
2025-04-23 15:14:39.730 [http-nio-8081-exec-3] INFO  c.e.auth.config.WebSocketConfig - WebSocket连接成功设置用户ID为Principal: 2
2025-04-23 15:18:56.313 [SpringApplicationShutdownHook] INFO  o.s.m.s.b.SimpleBrokerMessageHandler - Stopping...
2025-04-23 15:18:56.314 [SpringApplicationShutdownHook] INFO  o.s.m.s.b.SimpleBrokerMessageHandler - BrokerAvailabilityEvent[available=false, SimpleBrokerMessageHandler [org.springframework.messaging.simp.broker.DefaultSubscriptionRegistry@111698ac]]
2025-04-23 15:18:56.314 [SpringApplicationShutdownHook] INFO  o.s.m.s.b.SimpleBrokerMessageHandler - Stopped.
2025-04-23 15:18:59.981 [main] INFO  com.example.auth.AuthApplication - Starting AuthApplication using Java 17.0.12 with PID 41540 (C:\Users\37602\Desktop\s_m\Manage_supervision\backend\target\classes started by 37602 in C:\Users\37602\Desktop\s_m)
2025-04-23 15:18:59.983 [main] INFO  com.example.auth.AuthApplication - No active profile set, falling back to 1 default profile: "default"
2025-04-23 15:19:00.440 [main] INFO  o.s.d.r.c.RepositoryConfigurationDelegate - Bootstrapping Spring Data JPA repositories in DEFAULT mode.
2025-04-23 15:19:00.529 [main] INFO  o.s.d.r.c.RepositoryConfigurationDelegate - Finished Spring Data repository scanning in 83 ms. Found 21 JPA repository interfaces.
2025-04-23 15:19:00.889 [main] INFO  o.s.b.w.e.tomcat.TomcatWebServer - Tomcat initialized with port 8081 (http)
2025-04-23 15:19:00.950 [main] INFO  o.s.b.w.s.c.ServletWebServerApplicationContext - Root WebApplicationContext: initialization completed in 941 ms
2025-04-23 15:19:06.266 [main] INFO  o.s.d.j.r.query.QueryEnhancerFactory - Hibernate is in classpath; If applicable, HQL parser will be used.
2025-04-23 15:19:08.005 [main] INFO  c.e.auth.config.WebSocketConfig - 配置WebSocket客户端入站通道拦截器
2025-04-23 15:19:08.006 [main] INFO  c.e.auth.config.WebSocketConfig - WebSocket客户端入站通道拦截器配置完成
2025-04-23 15:19:08.011 [main] INFO  c.e.auth.config.WebSocketConfig - 配置WebSocket消息代理
2025-04-23 15:19:08.012 [main] INFO  c.e.auth.config.WebSocketConfig - WebSocket消息代理配置完成
2025-04-23 15:19:08.205 [main] INFO  c.e.auth.config.WebSocketConfig - 注册WebSocket端点: /ws
2025-04-23 15:19:08.257 [main] WARN  o.s.b.a.o.j.JpaBaseConfiguration$JpaWebConfiguration - spring.jpa.open-in-view is enabled by default. Therefore, database queries may be performed during view rendering. Explicitly configure spring.jpa.open-in-view to disable this warning
2025-04-23 15:19:08.295 [main] INFO  com.example.auth.config.WebConfig - 配置拦截器，验证用户权限
2025-04-23 15:19:08.297 [main] INFO  com.example.auth.config.WebConfig - 配置CORS，允许前端访问
2025-04-23 15:19:08.298 [main] INFO  com.example.auth.config.WebConfig - CORS配置完成，允许所有来源访问
2025-04-23 15:19:08.351 [main] INFO  com.example.auth.config.WebConfig - 配置资源映射: /uploads/** -> file:C:\Users\37602\Desktop\s_m\uploads/
2025-04-23 15:19:08.460 [main] INFO  o.s.b.w.e.tomcat.TomcatWebServer - Tomcat started on port 8081 (http) with context path ''
2025-04-23 15:19:08.461 [main] INFO  o.s.m.s.b.SimpleBrokerMessageHandler - Starting...
2025-04-23 15:19:08.462 [main] INFO  o.s.m.s.b.SimpleBrokerMessageHandler - BrokerAvailabilityEvent[available=true, SimpleBrokerMessageHandler [org.springframework.messaging.simp.broker.DefaultSubscriptionRegistry@21ef2655]]
2025-04-23 15:19:08.462 [main] INFO  o.s.m.s.b.SimpleBrokerMessageHandler - Started.
2025-04-23 15:19:08.466 [main] INFO  com.example.auth.AuthApplication - Started AuthApplication in 8.838 seconds (process running for 9.248)
2025-04-23 15:19:11.717 [http-nio-8081-exec-2] INFO  o.s.web.servlet.DispatcherServlet - Initializing Servlet 'dispatcherServlet'
2025-04-23 15:19:11.718 [http-nio-8081-exec-2] INFO  o.s.web.servlet.DispatcherServlet - Completed initialization in 1 ms
2025-04-23 15:19:12.130 [http-nio-8081-exec-10] INFO  c.e.auth.config.WebSocketConfig - 收到STOMP CONNECT命令
2025-04-23 15:19:12.130 [http-nio-8081-exec-3] INFO  c.e.auth.config.WebSocketConfig - 收到STOMP CONNECT命令
2025-04-23 15:19:12.130 [http-nio-8081-exec-3] INFO  c.e.auth.config.WebSocketConfig - 从WebSocket连接中提取到JWT Token: eyJhbGciOi...
2025-04-23 15:19:12.130 [http-nio-8081-exec-10] INFO  c.e.auth.config.WebSocketConfig - 从WebSocket连接中提取到JWT Token: eyJhbGciOi...
2025-04-23 15:19:12.201 [http-nio-8081-exec-3] INFO  c.e.auth.config.WebSocketConfig - 从JWT Token提取的用户ID: 2
2025-04-23 15:19:12.202 [http-nio-8081-exec-10] INFO  c.e.auth.config.WebSocketConfig - 从JWT Token提取的用户ID: 2
2025-04-23 15:19:12.202 [http-nio-8081-exec-3] INFO  c.e.auth.config.WebSocketConfig - WebSocket连接成功设置用户ID为Principal: 2
2025-04-23 15:19:12.202 [http-nio-8081-exec-10] INFO  c.e.auth.config.WebSocketConfig - WebSocket连接成功设置用户ID为Principal: 2
2025-04-23 15:19:23.116 [http-nio-8081-exec-5] INFO  c.e.auth.config.WebSocketConfig - 收到STOMP CONNECT命令
2025-04-23 15:19:23.117 [http-nio-8081-exec-5] INFO  c.e.auth.config.WebSocketConfig - 从WebSocket连接中提取到JWT Token: eyJhbGciOi...
2025-04-23 15:19:23.119 [http-nio-8081-exec-5] INFO  c.e.auth.config.WebSocketConfig - 从JWT Token提取的用户ID: 2
2025-04-23 15:19:23.119 [http-nio-8081-exec-5] INFO  c.e.auth.config.WebSocketConfig - WebSocket连接成功设置用户ID为Principal: 2
2025-04-23 15:20:08.454 [MessageBroker-1] INFO  o.s.w.s.c.WebSocketMessageBrokerStats - WebSocketSession[2 current WS(2)-HttpStream(0)-HttpPoll(0), 3 total, 0 closed abnormally (0 connect failure, 0 send limit, 0 transport error)], stompSubProtocol[processed CONNECT(3)-CONNECTED(3)-DISCONNECT(0)], stompBrokerRelay[null], inboundChannel[pool size = 28, active threads = 0, queued tasks = 0, completed tasks = 39], outboundChannel[pool size = 4, active threads = 0, queued tasks = 0, completed tasks = 4], sockJsScheduler[pool size = 14, active threads = 1, queued tasks = 3, completed tasks = 15]
2025-04-23 15:20:14.739 [http-nio-8081-exec-4] INFO  c.e.auth.config.WebSocketConfig - 收到STOMP CONNECT命令
2025-04-23 15:20:14.739 [http-nio-8081-exec-4] INFO  c.e.auth.config.WebSocketConfig - 从WebSocket连接中提取到JWT Token: eyJhbGciOi...
2025-04-23 15:20:14.740 [http-nio-8081-exec-4] INFO  c.e.auth.config.WebSocketConfig - 从JWT Token提取的用户ID: 4
2025-04-23 15:20:14.740 [http-nio-8081-exec-4] INFO  c.e.auth.config.WebSocketConfig - WebSocket连接成功设置用户ID为Principal: 4
2025-04-23 15:23:07.886 [SpringApplicationShutdownHook] INFO  o.s.m.s.b.SimpleBrokerMessageHandler - Stopping...
2025-04-23 15:23:07.886 [SpringApplicationShutdownHook] INFO  o.s.m.s.b.SimpleBrokerMessageHandler - BrokerAvailabilityEvent[available=false, SimpleBrokerMessageHandler [org.springframework.messaging.simp.broker.DefaultSubscriptionRegistry@21ef2655]]
2025-04-23 15:23:07.886 [SpringApplicationShutdownHook] INFO  o.s.m.s.b.SimpleBrokerMessageHandler - Stopped.
2025-04-23 15:23:11.227 [main] INFO  com.example.auth.AuthApplication - Starting AuthApplication using Java 17.0.12 with PID 30648 (C:\Users\37602\Desktop\s_m\Manage_supervision\backend\target\classes started by 37602 in C:\Users\37602\Desktop\s_m)
2025-04-23 15:23:11.228 [main] INFO  com.example.auth.AuthApplication - No active profile set, falling back to 1 default profile: "default"
2025-04-23 15:23:11.685 [main] INFO  o.s.d.r.c.RepositoryConfigurationDelegate - Bootstrapping Spring Data JPA repositories in DEFAULT mode.
2025-04-23 15:23:11.768 [main] INFO  o.s.d.r.c.RepositoryConfigurationDelegate - Finished Spring Data repository scanning in 77 ms. Found 21 JPA repository interfaces.
2025-04-23 15:23:12.094 [main] INFO  o.s.b.w.e.tomcat.TomcatWebServer - Tomcat initialized with port 8081 (http)
2025-04-23 15:23:12.141 [main] INFO  o.s.b.w.s.c.ServletWebServerApplicationContext - Root WebApplicationContext: initialization completed in 881 ms
2025-04-23 15:23:17.321 [main] INFO  o.s.d.j.r.query.QueryEnhancerFactory - Hibernate is in classpath; If applicable, HQL parser will be used.
2025-04-23 15:23:19.029 [main] INFO  c.e.auth.config.WebSocketConfig - 配置WebSocket客户端入站通道拦截器
2025-04-23 15:23:19.030 [main] INFO  c.e.auth.config.WebSocketConfig - WebSocket客户端入站通道拦截器配置完成
2025-04-23 15:23:19.035 [main] INFO  c.e.auth.config.WebSocketConfig - 配置WebSocket消息代理
2025-04-23 15:23:19.036 [main] INFO  c.e.auth.config.WebSocketConfig - WebSocket消息代理配置完成
2025-04-23 15:23:19.289 [main] INFO  c.e.auth.config.WebSocketConfig - 注册WebSocket端点: /ws
2025-04-23 15:23:19.355 [main] WARN  o.s.b.a.o.j.JpaBaseConfiguration$JpaWebConfiguration - spring.jpa.open-in-view is enabled by default. Therefore, database queries may be performed during view rendering. Explicitly configure spring.jpa.open-in-view to disable this warning
2025-04-23 15:23:19.405 [main] INFO  com.example.auth.config.WebConfig - 配置拦截器，验证用户权限
2025-04-23 15:23:19.405 [main] INFO  com.example.auth.config.WebConfig - 配置CORS，允许前端访问
2025-04-23 15:23:19.405 [main] INFO  com.example.auth.config.WebConfig - CORS配置完成，允许所有来源访问
2025-04-23 15:23:19.476 [main] INFO  com.example.auth.config.WebConfig - 配置资源映射: /uploads/** -> file:C:\Users\37602\Desktop\s_m\uploads/
2025-04-23 15:23:19.602 [main] INFO  o.s.b.w.e.tomcat.TomcatWebServer - Tomcat started on port 8081 (http) with context path ''
2025-04-23 15:23:19.606 [main] INFO  o.s.m.s.b.SimpleBrokerMessageHandler - Starting...
2025-04-23 15:23:19.606 [main] INFO  o.s.m.s.b.SimpleBrokerMessageHandler - BrokerAvailabilityEvent[available=true, SimpleBrokerMessageHandler [org.springframework.messaging.simp.broker.DefaultSubscriptionRegistry@7589fc89]]
2025-04-23 15:23:19.606 [main] INFO  o.s.m.s.b.SimpleBrokerMessageHandler - Started.
2025-04-23 15:23:19.611 [main] INFO  com.example.auth.AuthApplication - Started AuthApplication in 8.733 seconds (process running for 9.121)
2025-04-23 15:23:22.611 [http-nio-8081-exec-1] INFO  o.s.web.servlet.DispatcherServlet - Initializing Servlet 'dispatcherServlet'
2025-04-23 15:23:22.611 [http-nio-8081-exec-1] INFO  o.s.web.servlet.DispatcherServlet - Completed initialization in 0 ms
2025-04-23 15:23:23.025 [http-nio-8081-exec-5] INFO  c.e.auth.config.WebSocketConfig - 收到STOMP CONNECT命令
2025-04-23 15:23:23.025 [http-nio-8081-exec-5] INFO  c.e.auth.config.WebSocketConfig - 从WebSocket连接中提取到JWT Token: eyJhbGciOi...
2025-04-23 15:23:23.027 [http-nio-8081-exec-5] INFO  c.e.auth.config.WebSocketConfig - 从JWT Token提取的用户ID: 4
2025-04-23 15:23:23.027 [http-nio-8081-exec-5] INFO  c.e.auth.config.WebSocketConfig - WebSocket连接成功设置用户ID为Principal: 4
2025-04-23 15:23:23.570 [http-nio-8081-exec-1] INFO  c.e.auth.config.WebSocketConfig - 收到STOMP CONNECT命令
2025-04-23 15:23:23.570 [http-nio-8081-exec-1] INFO  c.e.auth.config.WebSocketConfig - 从WebSocket连接中提取到JWT Token: eyJhbGciOi...
2025-04-23 15:23:23.573 [http-nio-8081-exec-1] INFO  c.e.auth.config.WebSocketConfig - 从JWT Token提取的用户ID: 2
2025-04-23 15:23:23.573 [http-nio-8081-exec-1] INFO  c.e.auth.config.WebSocketConfig - WebSocket连接成功设置用户ID为Principal: 2
2025-04-23 15:23:23.719 [http-nio-8081-exec-4] INFO  c.e.auth.config.WebSocketConfig - 收到STOMP CONNECT命令
2025-04-23 15:23:23.719 [http-nio-8081-exec-4] INFO  c.e.auth.config.WebSocketConfig - 从WebSocket连接中提取到JWT Token: eyJhbGciOi...
2025-04-23 15:23:23.721 [http-nio-8081-exec-4] INFO  c.e.auth.config.WebSocketConfig - 从JWT Token提取的用户ID: 2
2025-04-23 15:23:23.721 [http-nio-8081-exec-4] INFO  c.e.auth.config.WebSocketConfig - WebSocket连接成功设置用户ID为Principal: 2
2025-04-23 15:24:17.341 [http-nio-8081-exec-5] INFO  c.e.auth.config.WebSocketConfig - 收到STOMP CONNECT命令
2025-04-23 15:24:17.341 [http-nio-8081-exec-5] INFO  c.e.auth.config.WebSocketConfig - 从WebSocket连接中提取到JWT Token: eyJhbGciOi...
2025-04-23 15:24:17.342 [http-nio-8081-exec-5] INFO  c.e.auth.config.WebSocketConfig - 从JWT Token提取的用户ID: 4
2025-04-23 15:24:17.342 [http-nio-8081-exec-5] INFO  c.e.auth.config.WebSocketConfig - WebSocket连接成功设置用户ID为Principal: 4
2025-04-23 15:24:19.587 [MessageBroker-1] INFO  o.s.w.s.c.WebSocketMessageBrokerStats - WebSocketSession[3 current WS(3)-HttpStream(0)-HttpPoll(0), 4 total, 0 closed abnormally (0 connect failure, 0 send limit, 0 transport error)], stompSubProtocol[processed CONNECT(4)-CONNECTED(4)-DISCONNECT(0)], stompBrokerRelay[null], inboundChannel[pool size = 28, active threads = 0, queued tasks = 0, completed tasks = 51], outboundChannel[pool size = 5, active threads = 0, queued tasks = 0, completed tasks = 5], sockJsScheduler[pool size = 14, active threads = 1, queued tasks = 4, completed tasks = 18]
2025-04-23 15:27:25.418 [SpringApplicationShutdownHook] INFO  o.s.m.s.b.SimpleBrokerMessageHandler - Stopping...
2025-04-23 15:27:25.418 [SpringApplicationShutdownHook] INFO  o.s.m.s.b.SimpleBrokerMessageHandler - BrokerAvailabilityEvent[available=false, SimpleBrokerMessageHandler [org.springframework.messaging.simp.broker.DefaultSubscriptionRegistry@7589fc89]]
2025-04-23 15:27:25.418 [SpringApplicationShutdownHook] INFO  o.s.m.s.b.SimpleBrokerMessageHandler - Stopped.
2025-04-23 15:27:28.869 [main] INFO  com.example.auth.AuthApplication - Starting AuthApplication using Java 17.0.12 with PID 41180 (C:\Users\37602\Desktop\s_m\Manage_supervision\backend\target\classes started by 37602 in C:\Users\37602\Desktop\s_m)
2025-04-23 15:27:28.872 [main] INFO  com.example.auth.AuthApplication - No active profile set, falling back to 1 default profile: "default"
2025-04-23 15:27:29.343 [main] INFO  o.s.d.r.c.RepositoryConfigurationDelegate - Bootstrapping Spring Data JPA repositories in DEFAULT mode.
2025-04-23 15:27:29.422 [main] INFO  o.s.d.r.c.RepositoryConfigurationDelegate - Finished Spring Data repository scanning in 75 ms. Found 21 JPA repository interfaces.
2025-04-23 15:27:29.760 [main] INFO  o.s.b.w.e.tomcat.TomcatWebServer - Tomcat initialized with port 8081 (http)
2025-04-23 15:27:29.810 [main] INFO  o.s.b.w.s.c.ServletWebServerApplicationContext - Root WebApplicationContext: initialization completed in 908 ms
2025-04-23 15:27:34.785 [main] INFO  o.s.d.j.r.query.QueryEnhancerFactory - Hibernate is in classpath; If applicable, HQL parser will be used.
2025-04-23 15:27:36.425 [main] INFO  c.e.auth.config.WebSocketConfig - 配置WebSocket客户端入站通道拦截器
2025-04-23 15:27:36.426 [main] INFO  c.e.auth.config.WebSocketConfig - WebSocket客户端入站通道拦截器配置完成
2025-04-23 15:27:36.430 [main] INFO  c.e.auth.config.WebSocketConfig - 配置WebSocket消息代理
2025-04-23 15:27:36.431 [main] INFO  c.e.auth.config.WebSocketConfig - WebSocket消息代理配置完成
2025-04-23 15:27:36.603 [main] INFO  c.e.auth.config.WebSocketConfig - 注册WebSocket端点: /ws
2025-04-23 15:27:36.642 [main] WARN  o.s.b.a.o.j.JpaBaseConfiguration$JpaWebConfiguration - spring.jpa.open-in-view is enabled by default. Therefore, database queries may be performed during view rendering. Explicitly configure spring.jpa.open-in-view to disable this warning
2025-04-23 15:27:36.686 [main] INFO  com.example.auth.config.WebConfig - 配置拦截器，验证用户权限
2025-04-23 15:27:36.689 [main] INFO  com.example.auth.config.WebConfig - 配置CORS，允许前端访问
2025-04-23 15:27:36.689 [main] INFO  com.example.auth.config.WebConfig - CORS配置完成，允许所有来源访问
2025-04-23 15:27:36.743 [main] INFO  com.example.auth.config.WebConfig - 配置资源映射: /uploads/** -> file:C:\Users\37602\Desktop\s_m\uploads/
2025-04-23 15:27:36.843 [main] INFO  o.s.b.w.e.tomcat.TomcatWebServer - Tomcat started on port 8081 (http) with context path ''
2025-04-23 15:27:36.844 [main] INFO  o.s.m.s.b.SimpleBrokerMessageHandler - Starting...
2025-04-23 15:27:36.845 [main] INFO  o.s.m.s.b.SimpleBrokerMessageHandler - BrokerAvailabilityEvent[available=true, SimpleBrokerMessageHandler [org.springframework.messaging.simp.broker.DefaultSubscriptionRegistry@6a26271b]]
2025-04-23 15:27:36.845 [main] INFO  o.s.m.s.b.SimpleBrokerMessageHandler - Started.
2025-04-23 15:27:36.849 [main] INFO  com.example.auth.AuthApplication - Started AuthApplication in 8.312 seconds (process running for 8.734)
2025-04-23 15:27:40.495 [http-nio-8081-exec-1] INFO  o.s.web.servlet.DispatcherServlet - Initializing Servlet 'dispatcherServlet'
2025-04-23 15:27:40.496 [http-nio-8081-exec-1] INFO  o.s.web.servlet.DispatcherServlet - Completed initialization in 1 ms
2025-04-23 15:27:40.570 [http-nio-8081-exec-8] INFO  c.e.auth.config.WebSocketConfig - 收到STOMP CONNECT命令
2025-04-23 15:27:40.570 [http-nio-8081-exec-8] INFO  c.e.auth.config.WebSocketConfig - 从WebSocket连接中提取到JWT Token: eyJhbGciOi...
2025-04-23 15:27:40.642 [http-nio-8081-exec-8] INFO  c.e.auth.config.WebSocketConfig - 从JWT Token提取的用户ID: 4
2025-04-23 15:27:40.642 [http-nio-8081-exec-8] INFO  c.e.auth.config.WebSocketConfig - WebSocket连接成功设置用户ID为Principal: 4
2025-04-23 15:27:41.099 [http-nio-8081-exec-7] INFO  c.e.auth.config.WebSocketConfig - 收到STOMP CONNECT命令
2025-04-23 15:27:41.099 [http-nio-8081-exec-7] INFO  c.e.auth.config.WebSocketConfig - 从WebSocket连接中提取到JWT Token: eyJhbGciOi...
2025-04-23 15:27:41.099 [http-nio-8081-exec-10] INFO  c.e.auth.config.WebSocketConfig - 收到STOMP CONNECT命令
2025-04-23 15:27:41.099 [http-nio-8081-exec-10] INFO  c.e.auth.config.WebSocketConfig - 从WebSocket连接中提取到JWT Token: eyJhbGciOi...
2025-04-23 15:27:41.100 [http-nio-8081-exec-7] INFO  c.e.auth.config.WebSocketConfig - 从JWT Token提取的用户ID: 2
2025-04-23 15:27:41.100 [http-nio-8081-exec-10] INFO  c.e.auth.config.WebSocketConfig - 从JWT Token提取的用户ID: 2
2025-04-23 15:27:41.100 [http-nio-8081-exec-7] INFO  c.e.auth.config.WebSocketConfig - WebSocket连接成功设置用户ID为Principal: 2
2025-04-23 15:27:41.100 [http-nio-8081-exec-10] INFO  c.e.auth.config.WebSocketConfig - WebSocket连接成功设置用户ID为Principal: 2
2025-04-23 15:28:36.831 [MessageBroker-10] INFO  o.s.w.s.c.WebSocketMessageBrokerStats - WebSocketSession[3 current WS(3)-HttpStream(0)-HttpPoll(0), 3 total, 0 closed abnormally (0 connect failure, 0 send limit, 0 transport error)], stompSubProtocol[processed CONNECT(3)-CONNECTED(3)-DISCONNECT(0)], stompBrokerRelay[null], inboundChannel[pool size = 28, active threads = 0, queued tasks = 0, completed tasks = 36], outboundChannel[pool size = 3, active threads = 0, queued tasks = 0, completed tasks = 3], sockJsScheduler[pool size = 14, active threads = 1, queued tasks = 4, completed tasks = 18]
2025-04-23 15:30:29.108 [SpringApplicationShutdownHook] INFO  o.s.m.s.b.SimpleBrokerMessageHandler - Stopping...
2025-04-23 15:30:29.108 [SpringApplicationShutdownHook] INFO  o.s.m.s.b.SimpleBrokerMessageHandler - BrokerAvailabilityEvent[available=false, SimpleBrokerMessageHandler [org.springframework.messaging.simp.broker.DefaultSubscriptionRegistry@6a26271b]]
2025-04-23 15:30:29.108 [SpringApplicationShutdownHook] INFO  o.s.m.s.b.SimpleBrokerMessageHandler - Stopped.
2025-04-23 15:30:32.303 [main] INFO  com.example.auth.AuthApplication - Starting AuthApplication using Java 17.0.12 with PID 44180 (C:\Users\37602\Desktop\s_m\Manage_supervision\backend\target\classes started by 37602 in C:\Users\37602\Desktop\s_m)
2025-04-23 15:30:32.305 [main] INFO  com.example.auth.AuthApplication - No active profile set, falling back to 1 default profile: "default"
2025-04-23 15:30:32.727 [main] INFO  o.s.d.r.c.RepositoryConfigurationDelegate - Bootstrapping Spring Data JPA repositories in DEFAULT mode.
2025-04-23 15:30:32.804 [main] INFO  o.s.d.r.c.RepositoryConfigurationDelegate - Finished Spring Data repository scanning in 72 ms. Found 21 JPA repository interfaces.
2025-04-23 15:30:33.121 [main] INFO  o.s.b.w.e.tomcat.TomcatWebServer - Tomcat initialized with port 8081 (http)
2025-04-23 15:30:33.174 [main] INFO  o.s.b.w.s.c.ServletWebServerApplicationContext - Root WebApplicationContext: initialization completed in 842 ms
2025-04-23 15:30:39.885 [main] INFO  o.s.d.j.r.query.QueryEnhancerFactory - Hibernate is in classpath; If applicable, HQL parser will be used.
2025-04-23 15:30:41.531 [main] INFO  c.e.auth.config.WebSocketConfig - 配置WebSocket客户端入站通道拦截器
2025-04-23 15:30:41.532 [main] INFO  c.e.auth.config.WebSocketConfig - WebSocket客户端入站通道拦截器配置完成
2025-04-23 15:30:41.537 [main] INFO  c.e.auth.config.WebSocketConfig - 配置WebSocket消息代理
2025-04-23 15:30:41.537 [main] INFO  c.e.auth.config.WebSocketConfig - WebSocket消息代理配置完成
2025-04-23 15:30:41.711 [main] INFO  c.e.auth.config.WebSocketConfig - 注册WebSocket端点: /ws
2025-04-23 15:30:41.757 [main] WARN  o.s.b.a.o.j.JpaBaseConfiguration$JpaWebConfiguration - spring.jpa.open-in-view is enabled by default. Therefore, database queries may be performed during view rendering. Explicitly configure spring.jpa.open-in-view to disable this warning
2025-04-23 15:30:41.795 [main] INFO  com.example.auth.config.WebConfig - 配置拦截器，验证用户权限
2025-04-23 15:30:41.797 [main] INFO  com.example.auth.config.WebConfig - 配置CORS，允许前端访问
2025-04-23 15:30:41.798 [main] INFO  com.example.auth.config.WebConfig - CORS配置完成，允许所有来源访问
2025-04-23 15:30:41.848 [main] INFO  com.example.auth.config.WebConfig - 配置资源映射: /uploads/** -> file:C:\Users\37602\Desktop\s_m\uploads/
2025-04-23 15:30:41.943 [main] INFO  o.s.b.w.e.tomcat.TomcatWebServer - Tomcat started on port 8081 (http) with context path ''
2025-04-23 15:30:41.944 [main] INFO  o.s.m.s.b.SimpleBrokerMessageHandler - Starting...
2025-04-23 15:30:41.945 [main] INFO  o.s.m.s.b.SimpleBrokerMessageHandler - BrokerAvailabilityEvent[available=true, SimpleBrokerMessageHandler [org.springframework.messaging.simp.broker.DefaultSubscriptionRegistry@7589fc89]]
2025-04-23 15:30:41.945 [main] INFO  o.s.m.s.b.SimpleBrokerMessageHandler - Started.
2025-04-23 15:30:41.948 [main] INFO  com.example.auth.AuthApplication - Started AuthApplication in 9.978 seconds (process running for 10.352)
2025-04-23 15:30:44.191 [http-nio-8081-exec-1] INFO  o.s.web.servlet.DispatcherServlet - Initializing Servlet 'dispatcherServlet'
2025-04-23 15:30:44.192 [http-nio-8081-exec-1] INFO  o.s.web.servlet.DispatcherServlet - Completed initialization in 1 ms
2025-04-23 15:30:44.261 [http-nio-8081-exec-7] INFO  c.e.auth.config.WebSocketConfig - 收到STOMP CONNECT命令
2025-04-23 15:30:44.262 [http-nio-8081-exec-7] INFO  c.e.auth.config.WebSocketConfig - 从WebSocket连接中提取到JWT Token: eyJhbGciOi...
2025-04-23 15:30:44.320 [http-nio-8081-exec-7] INFO  c.e.auth.config.WebSocketConfig - 从JWT Token提取的用户ID: 4
2025-04-23 15:30:44.320 [http-nio-8081-exec-7] INFO  c.e.auth.config.WebSocketConfig - WebSocket连接成功设置用户ID为Principal: 4
2025-04-23 15:30:44.796 [http-nio-8081-exec-8] INFO  c.e.auth.config.WebSocketConfig - 收到STOMP CONNECT命令
2025-04-23 15:30:44.797 [http-nio-8081-exec-10] INFO  c.e.auth.config.WebSocketConfig - 收到STOMP CONNECT命令
2025-04-23 15:30:44.797 [http-nio-8081-exec-8] INFO  c.e.auth.config.WebSocketConfig - 从WebSocket连接中提取到JWT Token: eyJhbGciOi...
2025-04-23 15:30:44.797 [http-nio-8081-exec-10] INFO  c.e.auth.config.WebSocketConfig - 从WebSocket连接中提取到JWT Token: eyJhbGciOi...
2025-04-23 15:30:44.798 [http-nio-8081-exec-10] INFO  c.e.auth.config.WebSocketConfig - 从JWT Token提取的用户ID: 2
2025-04-23 15:30:44.798 [http-nio-8081-exec-8] INFO  c.e.auth.config.WebSocketConfig - 从JWT Token提取的用户ID: 2
2025-04-23 15:30:44.798 [http-nio-8081-exec-10] INFO  c.e.auth.config.WebSocketConfig - WebSocket连接成功设置用户ID为Principal: 2
2025-04-23 15:30:44.798 [http-nio-8081-exec-8] INFO  c.e.auth.config.WebSocketConfig - WebSocket连接成功设置用户ID为Principal: 2
2025-04-23 15:31:27.042 [http-nio-8081-exec-1] INFO  c.e.auth.config.WebSocketConfig - 收到STOMP CONNECT命令
2025-04-23 15:31:27.042 [http-nio-8081-exec-1] INFO  c.e.auth.config.WebSocketConfig - 从WebSocket连接中提取到JWT Token: eyJhbGciOi...
2025-04-23 15:31:27.043 [http-nio-8081-exec-1] INFO  c.e.auth.config.WebSocketConfig - 从JWT Token提取的用户ID: 2
2025-04-23 15:31:27.043 [http-nio-8081-exec-1] INFO  c.e.auth.config.WebSocketConfig - WebSocket连接成功设置用户ID为Principal: 2
2025-04-23 15:31:41.939 [MessageBroker-6] INFO  o.s.w.s.c.WebSocketMessageBrokerStats - WebSocketSession[3 current WS(3)-HttpStream(0)-HttpPoll(0), 4 total, 0 closed abnormally (0 connect failure, 0 send limit, 0 transport error)], stompSubProtocol[processed CONNECT(4)-CONNECTED(4)-DISCONNECT(0)], stompBrokerRelay[null], inboundChannel[pool size = 28, active threads = 0, queued tasks = 0, completed tasks = 51], outboundChannel[pool size = 5, active threads = 0, queued tasks = 0, completed tasks = 5], sockJsScheduler[pool size = 14, active threads = 1, queued tasks = 4, completed tasks = 17]
2025-04-23 15:35:28.336 [SpringApplicationShutdownHook] INFO  o.s.m.s.b.SimpleBrokerMessageHandler - Stopping...
2025-04-23 15:35:28.336 [SpringApplicationShutdownHook] INFO  o.s.m.s.b.SimpleBrokerMessageHandler - BrokerAvailabilityEvent[available=false, SimpleBrokerMessageHandler [org.springframework.messaging.simp.broker.DefaultSubscriptionRegistry@7589fc89]]
2025-04-23 15:35:28.336 [SpringApplicationShutdownHook] INFO  o.s.m.s.b.SimpleBrokerMessageHandler - Stopped.
2025-04-23 15:35:31.574 [main] INFO  com.example.auth.AuthApplication - Starting AuthApplication using Java 17.0.12 with PID 37160 (C:\Users\37602\Desktop\s_m\Manage_supervision\backend\target\classes started by 37602 in C:\Users\37602\Desktop\s_m)
2025-04-23 15:35:31.576 [main] INFO  com.example.auth.AuthApplication - No active profile set, falling back to 1 default profile: "default"
2025-04-23 15:35:32.015 [main] INFO  o.s.d.r.c.RepositoryConfigurationDelegate - Bootstrapping Spring Data JPA repositories in DEFAULT mode.
2025-04-23 15:35:32.097 [main] INFO  o.s.d.r.c.RepositoryConfigurationDelegate - Finished Spring Data repository scanning in 77 ms. Found 21 JPA repository interfaces.
2025-04-23 15:35:32.401 [main] INFO  o.s.b.w.e.tomcat.TomcatWebServer - Tomcat initialized with port 8081 (http)
2025-04-23 15:35:32.448 [main] INFO  o.s.b.w.s.c.ServletWebServerApplicationContext - Root WebApplicationContext: initialization completed in 844 ms
2025-04-23 15:35:37.694 [main] INFO  o.s.d.j.r.query.QueryEnhancerFactory - Hibernate is in classpath; If applicable, HQL parser will be used.
2025-04-23 15:35:39.308 [main] INFO  c.e.auth.config.WebSocketConfig - 配置WebSocket客户端入站通道拦截器
2025-04-23 15:35:39.309 [main] INFO  c.e.auth.config.WebSocketConfig - WebSocket客户端入站通道拦截器配置完成
2025-04-23 15:35:39.314 [main] INFO  c.e.auth.config.WebSocketConfig - 配置WebSocket消息代理
2025-04-23 15:35:39.314 [main] INFO  c.e.auth.config.WebSocketConfig - WebSocket消息代理配置完成
2025-04-23 15:35:39.487 [main] INFO  c.e.auth.config.WebSocketConfig - 注册WebSocket端点: /ws
2025-04-23 15:35:39.532 [main] WARN  o.s.b.a.o.j.JpaBaseConfiguration$JpaWebConfiguration - spring.jpa.open-in-view is enabled by default. Therefore, database queries may be performed during view rendering. Explicitly configure spring.jpa.open-in-view to disable this warning
2025-04-23 15:35:39.573 [main] INFO  com.example.auth.config.WebConfig - 配置拦截器，验证用户权限
2025-04-23 15:35:39.575 [main] INFO  com.example.auth.config.WebConfig - 配置CORS，允许前端访问
2025-04-23 15:35:39.576 [main] INFO  com.example.auth.config.WebConfig - CORS配置完成，允许所有来源访问
2025-04-23 15:35:39.625 [main] INFO  com.example.auth.config.WebConfig - 配置资源映射: /uploads/** -> file:C:\Users\37602\Desktop\s_m\uploads/
2025-04-23 15:35:39.716 [main] INFO  o.s.b.w.e.tomcat.TomcatWebServer - Tomcat started on port 8081 (http) with context path ''
2025-04-23 15:35:39.717 [main] INFO  o.s.m.s.b.SimpleBrokerMessageHandler - Starting...
2025-04-23 15:35:39.718 [main] INFO  o.s.m.s.b.SimpleBrokerMessageHandler - BrokerAvailabilityEvent[available=true, SimpleBrokerMessageHandler [org.springframework.messaging.simp.broker.DefaultSubscriptionRegistry@35f15782]]
2025-04-23 15:35:39.718 [main] INFO  o.s.m.s.b.SimpleBrokerMessageHandler - Started.
2025-04-23 15:35:39.721 [main] INFO  com.example.auth.AuthApplication - Started AuthApplication in 8.474 seconds (process running for 8.856)
2025-04-23 15:35:40.255 [http-nio-8081-exec-1] INFO  o.s.web.servlet.DispatcherServlet - Initializing Servlet 'dispatcherServlet'
2025-04-23 15:35:40.256 [http-nio-8081-exec-1] INFO  o.s.web.servlet.DispatcherServlet - Completed initialization in 0 ms
2025-04-23 15:35:40.635 [http-nio-8081-exec-3] INFO  c.e.auth.config.WebSocketConfig - 收到STOMP CONNECT命令
2025-04-23 15:35:40.636 [http-nio-8081-exec-3] INFO  c.e.auth.config.WebSocketConfig - 从WebSocket连接中提取到JWT Token: eyJhbGciOi...
2025-04-23 15:35:40.696 [http-nio-8081-exec-3] INFO  c.e.auth.config.WebSocketConfig - 从JWT Token提取的用户ID: 2
2025-04-23 15:35:40.696 [http-nio-8081-exec-3] INFO  c.e.auth.config.WebSocketConfig - WebSocket连接成功设置用户ID为Principal: 2
2025-04-23 15:35:43.384 [http-nio-8081-exec-9] INFO  c.e.auth.config.WebSocketConfig - 收到STOMP CONNECT命令
2025-04-23 15:35:43.384 [http-nio-8081-exec-9] INFO  c.e.auth.config.WebSocketConfig - 从WebSocket连接中提取到JWT Token: eyJhbGciOi...
2025-04-23 15:35:43.385 [http-nio-8081-exec-9] INFO  c.e.auth.config.WebSocketConfig - 从JWT Token提取的用户ID: 4
2025-04-23 15:35:43.385 [http-nio-8081-exec-9] INFO  c.e.auth.config.WebSocketConfig - WebSocket连接成功设置用户ID为Principal: 4
2025-04-23 15:35:44.013 [http-nio-8081-exec-6] INFO  c.e.auth.config.WebSocketConfig - 收到STOMP CONNECT命令
2025-04-23 15:35:44.013 [http-nio-8081-exec-6] INFO  c.e.auth.config.WebSocketConfig - 从WebSocket连接中提取到JWT Token: eyJhbGciOi...
2025-04-23 15:35:44.014 [http-nio-8081-exec-6] INFO  c.e.auth.config.WebSocketConfig - 从JWT Token提取的用户ID: 2
2025-04-23 15:35:44.015 [http-nio-8081-exec-6] INFO  c.e.auth.config.WebSocketConfig - WebSocket连接成功设置用户ID为Principal: 2
2025-04-23 15:35:51.038 [http-nio-8081-exec-3] INFO  c.e.auth.config.WebSocketConfig - 收到STOMP CONNECT命令
2025-04-23 15:35:51.038 [http-nio-8081-exec-3] INFO  c.e.auth.config.WebSocketConfig - 从WebSocket连接中提取到JWT Token: eyJhbGciOi...
2025-04-23 15:35:51.039 [http-nio-8081-exec-3] INFO  c.e.auth.config.WebSocketConfig - 从JWT Token提取的用户ID: 2
2025-04-23 15:35:51.039 [http-nio-8081-exec-3] INFO  c.e.auth.config.WebSocketConfig - WebSocket连接成功设置用户ID为Principal: 2
2025-04-23 15:36:39.714 [MessageBroker-8] INFO  o.s.w.s.c.WebSocketMessageBrokerStats - WebSocketSession[3 current WS(3)-HttpStream(0)-HttpPoll(0), 4 total, 0 closed abnormally (0 connect failure, 0 send limit, 0 transport error)], stompSubProtocol[processed CONNECT(4)-CONNECTED(4)-DISCONNECT(0)], stompBrokerRelay[null], inboundChannel[pool size = 28, active threads = 0, queued tasks = 0, completed tasks = 51], outboundChannel[pool size = 5, active threads = 0, queued tasks = 0, completed tasks = 5], sockJsScheduler[pool size = 14, active threads = 1, queued tasks = 4, completed tasks = 17]
2025-04-23 15:39:41.340 [SpringApplicationShutdownHook] INFO  o.s.m.s.b.SimpleBrokerMessageHandler - Stopping...
2025-04-23 15:39:41.340 [SpringApplicationShutdownHook] INFO  o.s.m.s.b.SimpleBrokerMessageHandler - BrokerAvailabilityEvent[available=false, SimpleBrokerMessageHandler [org.springframework.messaging.simp.broker.DefaultSubscriptionRegistry@35f15782]]
2025-04-23 15:39:41.340 [SpringApplicationShutdownHook] INFO  o.s.m.s.b.SimpleBrokerMessageHandler - Stopped.
2025-04-23 15:39:44.690 [main] INFO  com.example.auth.AuthApplication - Starting AuthApplication using Java 17.0.12 with PID 34340 (C:\Users\37602\Desktop\s_m\Manage_supervision\backend\target\classes started by 37602 in C:\Users\37602\Desktop\s_m)
2025-04-23 15:39:44.692 [main] INFO  com.example.auth.AuthApplication - No active profile set, falling back to 1 default profile: "default"
2025-04-23 15:39:45.112 [main] INFO  o.s.d.r.c.RepositoryConfigurationDelegate - Bootstrapping Spring Data JPA repositories in DEFAULT mode.
2025-04-23 15:39:45.192 [main] INFO  o.s.d.r.c.RepositoryConfigurationDelegate - Finished Spring Data repository scanning in 76 ms. Found 21 JPA repository interfaces.
2025-04-23 15:39:45.558 [main] INFO  o.s.b.w.e.tomcat.TomcatWebServer - Tomcat initialized with port 8081 (http)
2025-04-23 15:39:45.606 [main] INFO  o.s.b.w.s.c.ServletWebServerApplicationContext - Root WebApplicationContext: initialization completed in 886 ms
2025-04-23 15:39:50.587 [main] INFO  o.s.d.j.r.query.QueryEnhancerFactory - Hibernate is in classpath; If applicable, HQL parser will be used.
2025-04-23 15:39:52.268 [main] INFO  c.e.auth.config.WebSocketConfig - 配置WebSocket客户端入站通道拦截器
2025-04-23 15:39:52.269 [main] INFO  c.e.auth.config.WebSocketConfig - WebSocket客户端入站通道拦截器配置完成
2025-04-23 15:39:52.274 [main] INFO  c.e.auth.config.WebSocketConfig - 配置WebSocket消息代理
2025-04-23 15:39:52.275 [main] INFO  c.e.auth.config.WebSocketConfig - WebSocket消息代理配置完成
2025-04-23 15:39:52.452 [main] INFO  c.e.auth.config.WebSocketConfig - 注册WebSocket端点: /ws
2025-04-23 15:39:52.500 [main] WARN  o.s.b.a.o.j.JpaBaseConfiguration$JpaWebConfiguration - spring.jpa.open-in-view is enabled by default. Therefore, database queries may be performed during view rendering. Explicitly configure spring.jpa.open-in-view to disable this warning
2025-04-23 15:39:52.543 [main] INFO  com.example.auth.config.WebConfig - 配置拦截器，验证用户权限
2025-04-23 15:39:52.546 [main] INFO  com.example.auth.config.WebConfig - 配置CORS，允许前端访问
2025-04-23 15:39:52.546 [main] INFO  com.example.auth.config.WebConfig - CORS配置完成，允许所有来源访问
2025-04-23 15:39:52.612 [main] INFO  com.example.auth.config.WebConfig - 配置资源映射: /uploads/** -> file:C:\Users\37602\Desktop\s_m\uploads/
2025-04-23 15:39:52.783 [main] INFO  o.s.b.w.e.tomcat.TomcatWebServer - Tomcat started on port 8081 (http) with context path ''
2025-04-23 15:39:52.785 [main] INFO  o.s.m.s.b.SimpleBrokerMessageHandler - Starting...
2025-04-23 15:39:52.785 [main] INFO  o.s.m.s.b.SimpleBrokerMessageHandler - BrokerAvailabilityEvent[available=true, SimpleBrokerMessageHandler [org.springframework.messaging.simp.broker.DefaultSubscriptionRegistry@4efd93ee]]
2025-04-23 15:39:52.786 [main] INFO  o.s.m.s.b.SimpleBrokerMessageHandler - Started.
2025-04-23 15:39:52.790 [main] INFO  com.example.auth.AuthApplication - Started AuthApplication in 8.423 seconds (process running for 8.805)
2025-04-23 15:39:53.272 [http-nio-8081-exec-1] INFO  o.s.web.servlet.DispatcherServlet - Initializing Servlet 'dispatcherServlet'
2025-04-23 15:39:53.273 [http-nio-8081-exec-1] INFO  o.s.web.servlet.DispatcherServlet - Completed initialization in 1 ms
2025-04-23 15:39:53.668 [http-nio-8081-exec-6] INFO  c.e.auth.config.WebSocketConfig - 收到STOMP CONNECT命令
2025-04-23 15:39:53.669 [http-nio-8081-exec-6] INFO  c.e.auth.config.WebSocketConfig - 从WebSocket连接中提取到JWT Token: eyJhbGciOi...
2025-04-23 15:39:53.742 [http-nio-8081-exec-6] INFO  c.e.auth.config.WebSocketConfig - 从JWT Token提取的用户ID: 2
2025-04-23 15:39:53.743 [http-nio-8081-exec-6] INFO  c.e.auth.config.WebSocketConfig - WebSocket连接成功设置用户ID为Principal: 2
2025-04-23 15:39:56.403 [http-nio-8081-exec-9] INFO  c.e.auth.config.WebSocketConfig - 收到STOMP CONNECT命令
2025-04-23 15:39:56.404 [http-nio-8081-exec-9] INFO  c.e.auth.config.WebSocketConfig - 从WebSocket连接中提取到JWT Token: eyJhbGciOi...
2025-04-23 15:39:56.405 [http-nio-8081-exec-9] INFO  c.e.auth.config.WebSocketConfig - 从JWT Token提取的用户ID: 4
2025-04-23 15:39:56.405 [http-nio-8081-exec-9] INFO  c.e.auth.config.WebSocketConfig - WebSocket连接成功设置用户ID为Principal: 4
2025-04-23 15:39:56.786 [http-nio-8081-exec-2] INFO  c.e.auth.config.WebSocketConfig - 收到STOMP CONNECT命令
2025-04-23 15:39:56.786 [http-nio-8081-exec-2] INFO  c.e.auth.config.WebSocketConfig - 从WebSocket连接中提取到JWT Token: eyJhbGciOi...
2025-04-23 15:39:56.787 [http-nio-8081-exec-2] INFO  c.e.auth.config.WebSocketConfig - 从JWT Token提取的用户ID: 2
2025-04-23 15:39:56.787 [http-nio-8081-exec-2] INFO  c.e.auth.config.WebSocketConfig - WebSocket连接成功设置用户ID为Principal: 2
2025-04-23 15:40:13.017 [http-nio-8081-exec-8] INFO  c.e.auth.config.WebSocketConfig - 收到STOMP CONNECT命令
2025-04-23 15:40:13.017 [http-nio-8081-exec-8] INFO  c.e.auth.config.WebSocketConfig - 从WebSocket连接中提取到JWT Token: eyJhbGciOi...
2025-04-23 15:40:13.018 [http-nio-8081-exec-8] INFO  c.e.auth.config.WebSocketConfig - 从JWT Token提取的用户ID: 4
2025-04-23 15:40:13.018 [http-nio-8081-exec-8] INFO  c.e.auth.config.WebSocketConfig - WebSocket连接成功设置用户ID为Principal: 4
2025-04-23 15:40:31.938 [http-nio-8081-exec-1] INFO  c.e.auth.config.WebSocketConfig - 收到STOMP CONNECT命令
2025-04-23 15:40:31.938 [http-nio-8081-exec-1] INFO  c.e.auth.config.WebSocketConfig - 从WebSocket连接中提取到JWT Token: eyJhbGciOi...
2025-04-23 15:40:31.939 [http-nio-8081-exec-1] INFO  c.e.auth.config.WebSocketConfig - 从JWT Token提取的用户ID: 2
2025-04-23 15:40:31.939 [http-nio-8081-exec-1] INFO  c.e.auth.config.WebSocketConfig - WebSocket连接成功设置用户ID为Principal: 2
2025-04-23 15:40:52.768 [MessageBroker-4] INFO  o.s.w.s.c.WebSocketMessageBrokerStats - WebSocketSession[3 current WS(3)-HttpStream(0)-HttpPoll(0), 5 total, 0 closed abnormally (0 connect failure, 0 send limit, 0 transport error)], stompSubProtocol[processed CONNECT(5)-CONNECTED(5)-DISCONNECT(0)], stompBrokerRelay[null], inboundChannel[pool size = 28, active threads = 0, queued tasks = 0, completed tasks = 66], outboundChannel[pool size = 7, active threads = 0, queued tasks = 0, completed tasks = 7], sockJsScheduler[pool size = 14, active threads = 1, queued tasks = 4, completed tasks = 16]
2025-04-23 15:42:51.780 [SpringApplicationShutdownHook] INFO  o.s.m.s.b.SimpleBrokerMessageHandler - Stopping...
2025-04-23 15:42:51.780 [SpringApplicationShutdownHook] INFO  o.s.m.s.b.SimpleBrokerMessageHandler - BrokerAvailabilityEvent[available=false, SimpleBrokerMessageHandler [org.springframework.messaging.simp.broker.DefaultSubscriptionRegistry@4efd93ee]]
2025-04-23 15:42:51.780 [SpringApplicationShutdownHook] INFO  o.s.m.s.b.SimpleBrokerMessageHandler - Stopped.
2025-04-23 15:42:55.372 [main] INFO  com.example.auth.AuthApplication - Starting AuthApplication using Java 17.0.12 with PID 41488 (C:\Users\37602\Desktop\s_m\Manage_supervision\backend\target\classes started by 37602 in C:\Users\37602\Desktop\s_m)
2025-04-23 15:42:55.374 [main] INFO  com.example.auth.AuthApplication - No active profile set, falling back to 1 default profile: "default"
2025-04-23 15:42:55.832 [main] INFO  o.s.d.r.c.RepositoryConfigurationDelegate - Bootstrapping Spring Data JPA repositories in DEFAULT mode.
2025-04-23 15:42:55.923 [main] INFO  o.s.d.r.c.RepositoryConfigurationDelegate - Finished Spring Data repository scanning in 86 ms. Found 21 JPA repository interfaces.
2025-04-23 15:42:56.251 [main] INFO  o.s.b.w.e.tomcat.TomcatWebServer - Tomcat initialized with port 8081 (http)
2025-04-23 15:42:56.303 [main] INFO  o.s.b.w.s.c.ServletWebServerApplicationContext - Root WebApplicationContext: initialization completed in 900 ms
2025-04-23 15:43:01.787 [main] INFO  o.s.d.j.r.query.QueryEnhancerFactory - Hibernate is in classpath; If applicable, HQL parser will be used.
2025-04-23 15:43:03.447 [main] INFO  c.e.auth.config.WebSocketConfig - 配置WebSocket客户端入站通道拦截器
2025-04-23 15:43:03.448 [main] INFO  c.e.auth.config.WebSocketConfig - WebSocket客户端入站通道拦截器配置完成
2025-04-23 15:43:03.453 [main] INFO  c.e.auth.config.WebSocketConfig - 配置WebSocket消息代理
2025-04-23 15:43:03.453 [main] INFO  c.e.auth.config.WebSocketConfig - WebSocket消息代理配置完成
2025-04-23 15:43:03.638 [main] INFO  c.e.auth.config.WebSocketConfig - 注册WebSocket端点: /ws
2025-04-23 15:43:03.688 [main] WARN  o.s.b.a.o.j.JpaBaseConfiguration$JpaWebConfiguration - spring.jpa.open-in-view is enabled by default. Therefore, database queries may be performed during view rendering. Explicitly configure spring.jpa.open-in-view to disable this warning
2025-04-23 15:43:03.728 [main] INFO  com.example.auth.config.WebConfig - 配置拦截器，验证用户权限
2025-04-23 15:43:03.729 [main] INFO  com.example.auth.config.WebConfig - 配置CORS，允许前端访问
2025-04-23 15:43:03.731 [main] INFO  com.example.auth.config.WebConfig - CORS配置完成，允许所有来源访问
2025-04-23 15:43:03.790 [main] INFO  com.example.auth.config.WebConfig - 配置资源映射: /uploads/** -> file:C:\Users\37602\Desktop\s_m\uploads/
2025-04-23 15:43:03.886 [main] INFO  o.s.b.w.e.tomcat.TomcatWebServer - Tomcat started on port 8081 (http) with context path ''
2025-04-23 15:43:03.887 [main] INFO  o.s.m.s.b.SimpleBrokerMessageHandler - Starting...
2025-04-23 15:43:03.888 [main] INFO  o.s.m.s.b.SimpleBrokerMessageHandler - BrokerAvailabilityEvent[available=true, SimpleBrokerMessageHandler [org.springframework.messaging.simp.broker.DefaultSubscriptionRegistry@6f319f62]]
2025-04-23 15:43:03.888 [main] INFO  o.s.m.s.b.SimpleBrokerMessageHandler - Started.
2025-04-23 15:43:03.891 [main] INFO  com.example.auth.AuthApplication - Started AuthApplication in 8.847 seconds (process running for 9.229)
2025-04-23 15:43:06.967 [http-nio-8081-exec-1] INFO  o.s.web.servlet.DispatcherServlet - Initializing Servlet 'dispatcherServlet'
2025-04-23 15:43:06.967 [http-nio-8081-exec-1] INFO  o.s.web.servlet.DispatcherServlet - Completed initialization in 0 ms
2025-04-23 15:43:07.042 [http-nio-8081-exec-3] INFO  c.e.auth.config.WebSocketConfig - 收到STOMP CONNECT命令
2025-04-23 15:43:07.042 [http-nio-8081-exec-3] INFO  c.e.auth.config.WebSocketConfig - 从WebSocket连接中提取到JWT Token: eyJhbGciOi...
2025-04-23 15:43:07.114 [http-nio-8081-exec-3] INFO  c.e.auth.config.WebSocketConfig - 从JWT Token提取的用户ID: 4
2025-04-23 15:43:07.114 [http-nio-8081-exec-3] INFO  c.e.auth.config.WebSocketConfig - WebSocket连接成功设置用户ID为Principal: 4
2025-04-23 15:43:08.494 [http-nio-8081-exec-2] INFO  c.e.auth.config.WebSocketConfig - 收到STOMP CONNECT命令
2025-04-23 15:43:08.494 [http-nio-8081-exec-2] INFO  c.e.auth.config.WebSocketConfig - 从WebSocket连接中提取到JWT Token: eyJhbGciOi...
2025-04-23 15:43:08.495 [http-nio-8081-exec-2] INFO  c.e.auth.config.WebSocketConfig - 从JWT Token提取的用户ID: 2
2025-04-23 15:43:08.496 [http-nio-8081-exec-2] INFO  c.e.auth.config.WebSocketConfig - WebSocket连接成功设置用户ID为Principal: 2
2025-04-23 15:43:09.538 [http-nio-8081-exec-7] INFO  c.e.auth.config.WebSocketConfig - 收到STOMP CONNECT命令
2025-04-23 15:43:09.538 [http-nio-8081-exec-7] INFO  c.e.auth.config.WebSocketConfig - 从WebSocket连接中提取到JWT Token: eyJhbGciOi...
2025-04-23 15:43:09.539 [http-nio-8081-exec-7] INFO  c.e.auth.config.WebSocketConfig - 从JWT Token提取的用户ID: 2
2025-04-23 15:43:09.539 [http-nio-8081-exec-7] INFO  c.e.auth.config.WebSocketConfig - WebSocket连接成功设置用户ID为Principal: 2
2025-04-23 15:44:03.875 [MessageBroker-1] INFO  o.s.w.s.c.WebSocketMessageBrokerStats - WebSocketSession[3 current WS(3)-HttpStream(0)-HttpPoll(0), 3 total, 0 closed abnormally (0 connect failure, 0 send limit, 0 transport error)], stompSubProtocol[processed CONNECT(3)-CONNECTED(3)-DISCONNECT(0)], stompBrokerRelay[null], inboundChannel[pool size = 28, active threads = 0, queued tasks = 0, completed tasks = 36], outboundChannel[pool size = 3, active threads = 0, queued tasks = 0, completed tasks = 3], sockJsScheduler[pool size = 14, active threads = 1, queued tasks = 4, completed tasks = 18]
2025-04-23 15:56:26.581 [SpringApplicationShutdownHook] INFO  o.s.m.s.b.SimpleBrokerMessageHandler - Stopping...
2025-04-23 15:56:26.581 [SpringApplicationShutdownHook] INFO  o.s.m.s.b.SimpleBrokerMessageHandler - BrokerAvailabilityEvent[available=false, SimpleBrokerMessageHandler [org.springframework.messaging.simp.broker.DefaultSubscriptionRegistry@6f319f62]]
2025-04-23 15:56:26.581 [SpringApplicationShutdownHook] INFO  o.s.m.s.b.SimpleBrokerMessageHandler - Stopped.
2025-04-23 15:57:26.163 [main] INFO  com.example.auth.AuthApplication - Starting AuthApplication using Java 17.0.12 with PID 40616 (C:\Users\37602\Desktop\s_m\Manage_supervision\backend\target\classes started by 37602 in C:\Users\37602\Desktop\s_m)
2025-04-23 15:57:26.165 [main] INFO  com.example.auth.AuthApplication - No active profile set, falling back to 1 default profile: "default"
2025-04-23 15:57:26.589 [main] INFO  o.s.d.r.c.RepositoryConfigurationDelegate - Bootstrapping Spring Data JPA repositories in DEFAULT mode.
2025-04-23 15:57:26.660 [main] INFO  o.s.d.r.c.RepositoryConfigurationDelegate - Finished Spring Data repository scanning in 67 ms. Found 21 JPA repository interfaces.
2025-04-23 15:57:26.976 [main] INFO  o.s.b.w.e.tomcat.TomcatWebServer - Tomcat initialized with port 8081 (http)
2025-04-23 15:57:27.021 [main] INFO  o.s.b.w.s.c.ServletWebServerApplicationContext - Root WebApplicationContext: initialization completed in 825 ms
2025-04-23 15:57:32.087 [main] INFO  o.s.d.j.r.query.QueryEnhancerFactory - Hibernate is in classpath; If applicable, HQL parser will be used.
2025-04-23 15:57:33.784 [main] INFO  c.e.auth.config.WebSocketConfig - 配置WebSocket客户端入站通道拦截器
2025-04-23 15:57:33.785 [main] INFO  c.e.auth.config.WebSocketConfig - WebSocket客户端入站通道拦截器配置完成
2025-04-23 15:57:33.791 [main] INFO  c.e.auth.config.WebSocketConfig - 配置WebSocket消息代理
2025-04-23 15:57:33.791 [main] INFO  c.e.auth.config.WebSocketConfig - WebSocket消息代理配置完成
2025-04-23 15:57:33.977 [main] INFO  c.e.auth.config.WebSocketConfig - 注册WebSocket端点: /ws
2025-04-23 15:57:34.028 [main] WARN  o.s.b.a.o.j.JpaBaseConfiguration$JpaWebConfiguration - spring.jpa.open-in-view is enabled by default. Therefore, database queries may be performed during view rendering. Explicitly configure spring.jpa.open-in-view to disable this warning
2025-04-23 15:57:34.076 [main] INFO  com.example.auth.config.WebConfig - 配置拦截器，验证用户权限
2025-04-23 15:57:34.078 [main] INFO  com.example.auth.config.WebConfig - 配置CORS，允许前端访问
2025-04-23 15:57:34.079 [main] INFO  com.example.auth.config.WebConfig - CORS配置完成，允许所有来源访问
2025-04-23 15:57:34.140 [main] INFO  com.example.auth.config.WebConfig - 配置资源映射: /uploads/** -> file:C:\Users\37602\Desktop\s_m\uploads/
2025-04-23 15:57:34.250 [main] INFO  o.s.b.w.e.tomcat.TomcatWebServer - Tomcat started on port 8081 (http) with context path ''
2025-04-23 15:57:34.252 [main] INFO  o.s.m.s.b.SimpleBrokerMessageHandler - Starting...
2025-04-23 15:57:34.252 [main] INFO  o.s.m.s.b.SimpleBrokerMessageHandler - BrokerAvailabilityEvent[available=true, SimpleBrokerMessageHandler [org.springframework.messaging.simp.broker.DefaultSubscriptionRegistry@735887b6]]
2025-04-23 15:57:34.252 [main] INFO  o.s.m.s.b.SimpleBrokerMessageHandler - Started.
2025-04-23 15:57:34.256 [main] INFO  com.example.auth.AuthApplication - Started AuthApplication in 8.431 seconds (process running for 8.801)
2025-04-23 15:57:36.093 [http-nio-8081-exec-1] INFO  o.s.web.servlet.DispatcherServlet - Initializing Servlet 'dispatcherServlet'
2025-04-23 15:57:36.094 [http-nio-8081-exec-1] INFO  o.s.web.servlet.DispatcherServlet - Completed initialization in 0 ms
2025-04-23 15:57:36.758 [http-nio-8081-exec-4] INFO  c.e.auth.config.WebSocketConfig - 收到STOMP CONNECT命令
2025-04-23 15:57:36.758 [http-nio-8081-exec-4] INFO  c.e.auth.config.WebSocketConfig - 从WebSocket连接中提取到JWT Token: eyJhbGciOi...
2025-04-23 15:57:36.759 [http-nio-8081-exec-4] INFO  c.e.auth.config.WebSocketConfig - 从JWT Token提取的用户ID: 4
2025-04-23 15:57:36.760 [http-nio-8081-exec-4] INFO  c.e.auth.config.WebSocketConfig - WebSocket连接成功设置用户ID为Principal: 4
2025-04-23 15:57:37.206 [http-nio-8081-exec-3] INFO  c.e.auth.config.WebSocketConfig - 收到STOMP CONNECT命令
2025-04-23 15:57:37.206 [http-nio-8081-exec-3] INFO  c.e.auth.config.WebSocketConfig - 从WebSocket连接中提取到JWT Token: eyJhbGciOi...
2025-04-23 15:57:37.207 [http-nio-8081-exec-3] INFO  c.e.auth.config.WebSocketConfig - 从JWT Token提取的用户ID: 2
2025-04-23 15:57:37.207 [http-nio-8081-exec-3] INFO  c.e.auth.config.WebSocketConfig - WebSocket连接成功设置用户ID为Principal: 2
2025-04-23 15:57:39.539 [http-nio-8081-exec-9] INFO  c.e.auth.config.WebSocketConfig - 收到STOMP CONNECT命令
2025-04-23 15:57:39.539 [http-nio-8081-exec-9] INFO  c.e.auth.config.WebSocketConfig - 从WebSocket连接中提取到JWT Token: eyJhbGciOi...
2025-04-23 15:57:39.540 [http-nio-8081-exec-9] INFO  c.e.auth.config.WebSocketConfig - 从JWT Token提取的用户ID: 2
2025-04-23 15:57:39.540 [http-nio-8081-exec-9] INFO  c.e.auth.config.WebSocketConfig - WebSocket连接成功设置用户ID为Principal: 2
2025-04-23 15:58:34.239 [MessageBroker-2] INFO  o.s.w.s.c.WebSocketMessageBrokerStats - WebSocketSession[3 current WS(3)-HttpStream(0)-HttpPoll(0), 3 total, 0 closed abnormally (0 connect failure, 0 send limit, 0 transport error)], stompSubProtocol[processed CONNECT(3)-CONNECTED(3)-DISCONNECT(0)], stompBrokerRelay[null], inboundChannel[pool size = 28, active threads = 0, queued tasks = 0, completed tasks = 36], outboundChannel[pool size = 3, active threads = 0, queued tasks = 0, completed tasks = 3], sockJsScheduler[pool size = 14, active threads = 1, queued tasks = 4, completed tasks = 18]
2025-04-23 16:01:41.352 [SpringApplicationShutdownHook] INFO  o.s.m.s.b.SimpleBrokerMessageHandler - Stopping...
2025-04-23 16:01:41.353 [SpringApplicationShutdownHook] INFO  o.s.m.s.b.SimpleBrokerMessageHandler - BrokerAvailabilityEvent[available=false, SimpleBrokerMessageHandler [org.springframework.messaging.simp.broker.DefaultSubscriptionRegistry@735887b6]]
2025-04-23 16:01:41.353 [SpringApplicationShutdownHook] INFO  o.s.m.s.b.SimpleBrokerMessageHandler - Stopped.
2025-04-23 16:01:44.803 [main] INFO  com.example.auth.AuthApplication - Starting AuthApplication using Java 17.0.12 with PID 26148 (C:\Users\37602\Desktop\s_m\Manage_supervision\backend\target\classes started by 37602 in C:\Users\37602\Desktop\s_m)
2025-04-23 16:01:44.805 [main] INFO  com.example.auth.AuthApplication - No active profile set, falling back to 1 default profile: "default"
2025-04-23 16:01:45.237 [main] INFO  o.s.d.r.c.RepositoryConfigurationDelegate - Bootstrapping Spring Data JPA repositories in DEFAULT mode.
2025-04-23 16:01:45.322 [main] INFO  o.s.d.r.c.RepositoryConfigurationDelegate - Finished Spring Data repository scanning in 80 ms. Found 21 JPA repository interfaces.
2025-04-23 16:01:45.628 [main] INFO  o.s.b.w.e.tomcat.TomcatWebServer - Tomcat initialized with port 8081 (http)
2025-04-23 16:01:45.675 [main] INFO  o.s.b.w.s.c.ServletWebServerApplicationContext - Root WebApplicationContext: initialization completed in 842 ms
2025-04-23 16:01:50.607 [main] INFO  o.s.d.j.r.query.QueryEnhancerFactory - Hibernate is in classpath; If applicable, HQL parser will be used.
2025-04-23 16:01:52.304 [main] INFO  c.e.auth.config.WebSocketConfig - 配置WebSocket客户端入站通道拦截器
2025-04-23 16:01:52.305 [main] INFO  c.e.auth.config.WebSocketConfig - WebSocket客户端入站通道拦截器配置完成
2025-04-23 16:01:52.310 [main] INFO  c.e.auth.config.WebSocketConfig - 配置WebSocket消息代理
2025-04-23 16:01:52.310 [main] INFO  c.e.auth.config.WebSocketConfig - WebSocket消息代理配置完成
2025-04-23 16:01:52.495 [main] INFO  c.e.auth.config.WebSocketConfig - 注册WebSocket端点: /ws
2025-04-23 16:01:52.533 [main] WARN  o.s.b.a.o.j.JpaBaseConfiguration$JpaWebConfiguration - spring.jpa.open-in-view is enabled by default. Therefore, database queries may be performed during view rendering. Explicitly configure spring.jpa.open-in-view to disable this warning
2025-04-23 16:01:52.573 [main] INFO  com.example.auth.config.WebConfig - 配置拦截器，验证用户权限
2025-04-23 16:01:52.575 [main] INFO  com.example.auth.config.WebConfig - 配置CORS，允许前端访问
2025-04-23 16:01:52.576 [main] INFO  com.example.auth.config.WebConfig - CORS配置完成，允许所有来源访问
2025-04-23 16:01:52.627 [main] INFO  com.example.auth.config.WebConfig - 配置资源映射: /uploads/** -> file:C:\Users\37602\Desktop\s_m\uploads/
2025-04-23 16:01:52.718 [main] INFO  o.s.b.w.e.tomcat.TomcatWebServer - Tomcat started on port 8081 (http) with context path ''
2025-04-23 16:01:52.719 [main] INFO  o.s.m.s.b.SimpleBrokerMessageHandler - Starting...
2025-04-23 16:01:52.720 [main] INFO  o.s.m.s.b.SimpleBrokerMessageHandler - BrokerAvailabilityEvent[available=true, SimpleBrokerMessageHandler [org.springframework.messaging.simp.broker.DefaultSubscriptionRegistry@3ed5e17c]]
2025-04-23 16:01:52.720 [main] INFO  o.s.m.s.b.SimpleBrokerMessageHandler - Started.
2025-04-23 16:01:52.723 [main] INFO  com.example.auth.AuthApplication - Started AuthApplication in 8.262 seconds (process running for 8.642)
2025-04-23 16:01:53.271 [http-nio-8081-exec-2] INFO  o.s.web.servlet.DispatcherServlet - Initializing Servlet 'dispatcherServlet'
2025-04-23 16:01:53.273 [http-nio-8081-exec-2] INFO  o.s.web.servlet.DispatcherServlet - Completed initialization in 1 ms
2025-04-23 16:01:53.659 [http-nio-8081-exec-4] INFO  c.e.auth.config.WebSocketConfig - 收到STOMP CONNECT命令
2025-04-23 16:01:53.659 [http-nio-8081-exec-3] INFO  c.e.auth.config.WebSocketConfig - 收到STOMP CONNECT命令
2025-04-23 16:01:53.659 [http-nio-8081-exec-4] INFO  c.e.auth.config.WebSocketConfig - 从WebSocket连接中提取到JWT Token: eyJhbGciOi...
2025-04-23 16:01:53.659 [http-nio-8081-exec-3] INFO  c.e.auth.config.WebSocketConfig - 从WebSocket连接中提取到JWT Token: eyJhbGciOi...
2025-04-23 16:01:53.719 [http-nio-8081-exec-4] INFO  c.e.auth.config.WebSocketConfig - 从JWT Token提取的用户ID: 2
2025-04-23 16:01:53.719 [http-nio-8081-exec-3] INFO  c.e.auth.config.WebSocketConfig - 从JWT Token提取的用户ID: 2
2025-04-23 16:01:53.720 [http-nio-8081-exec-3] INFO  c.e.auth.config.WebSocketConfig - WebSocket连接成功设置用户ID为Principal: 2
2025-04-23 16:01:53.720 [http-nio-8081-exec-4] INFO  c.e.auth.config.WebSocketConfig - WebSocket连接成功设置用户ID为Principal: 2
2025-04-23 16:01:56.396 [http-nio-8081-exec-9] INFO  c.e.auth.config.WebSocketConfig - 收到STOMP CONNECT命令
2025-04-23 16:01:56.396 [http-nio-8081-exec-9] INFO  c.e.auth.config.WebSocketConfig - 从WebSocket连接中提取到JWT Token: eyJhbGciOi...
2025-04-23 16:01:56.397 [http-nio-8081-exec-9] INFO  c.e.auth.config.WebSocketConfig - 从JWT Token提取的用户ID: 4
2025-04-23 16:01:56.397 [http-nio-8081-exec-9] INFO  c.e.auth.config.WebSocketConfig - WebSocket连接成功设置用户ID为Principal: 4
2025-04-23 16:02:01.054 [http-nio-8081-exec-1] INFO  c.e.auth.config.WebSocketConfig - 收到STOMP CONNECT命令
2025-04-23 16:02:01.055 [http-nio-8081-exec-1] INFO  c.e.auth.config.WebSocketConfig - 从WebSocket连接中提取到JWT Token: eyJhbGciOi...
2025-04-23 16:02:01.055 [http-nio-8081-exec-1] INFO  c.e.auth.config.WebSocketConfig - 从JWT Token提取的用户ID: 2
2025-04-23 16:02:01.056 [http-nio-8081-exec-1] INFO  c.e.auth.config.WebSocketConfig - WebSocket连接成功设置用户ID为Principal: 2
2025-04-23 16:02:06.319 [http-nio-8081-exec-3] INFO  c.e.auth.controller.BillController - 开始生成账单: BillGenerateDTO(feeStandardId=2, studentIds=null, classId=null, dueDate=2025-04-22T16:00)
2025-04-23 16:02:06.671 [http-nio-8081-exec-3] INFO  c.e.auth.controller.BillController - 没有新账单需要生成，可能账单已存在或没有符合条件的学生
2025-04-23 16:02:10.003 [http-nio-8081-exec-6] INFO  c.e.auth.config.WebSocketConfig - 收到STOMP CONNECT命令
2025-04-23 16:02:10.003 [http-nio-8081-exec-6] INFO  c.e.auth.config.WebSocketConfig - 从WebSocket连接中提取到JWT Token: eyJhbGciOi...
2025-04-23 16:02:10.004 [http-nio-8081-exec-6] INFO  c.e.auth.config.WebSocketConfig - 从JWT Token提取的用户ID: 2
2025-04-23 16:02:10.004 [http-nio-8081-exec-6] INFO  c.e.auth.config.WebSocketConfig - WebSocket连接成功设置用户ID为Principal: 2
2025-04-23 16:02:24.827 [http-nio-8081-exec-7] INFO  c.e.auth.controller.BillController - 开始生成账单: BillGenerateDTO(feeStandardId=1, studentIds=null, classId=null, dueDate=2025-04-27T16:00)
2025-04-23 16:02:25.284 [http-nio-8081-exec-7] INFO  c.e.auth.controller.BillController - 没有新账单需要生成，可能账单已存在或没有符合条件的学生
2025-04-23 16:02:52.717 [MessageBroker-8] INFO  o.s.w.s.c.WebSocketMessageBrokerStats - WebSocketSession[3 current WS(3)-HttpStream(0)-HttpPoll(0), 5 total, 0 closed abnormally (0 connect failure, 0 send limit, 0 transport error)], stompSubProtocol[processed CONNECT(5)-CONNECTED(5)-DISCONNECT(0)], stompBrokerRelay[null], inboundChannel[pool size = 28, active threads = 0, queued tasks = 0, completed tasks = 66], outboundChannel[pool size = 7, active threads = 0, queued tasks = 0, completed tasks = 7], sockJsScheduler[pool size = 14, active threads = 1, queued tasks = 4, completed tasks = 17]
2025-04-23 16:05:29.021 [SpringApplicationShutdownHook] INFO  o.s.m.s.b.SimpleBrokerMessageHandler - Stopping...
2025-04-23 16:05:29.021 [SpringApplicationShutdownHook] INFO  o.s.m.s.b.SimpleBrokerMessageHandler - BrokerAvailabilityEvent[available=false, SimpleBrokerMessageHandler [org.springframework.messaging.simp.broker.DefaultSubscriptionRegistry@3ed5e17c]]
2025-04-23 16:05:29.022 [SpringApplicationShutdownHook] INFO  o.s.m.s.b.SimpleBrokerMessageHandler - Stopped.
2025-04-23 16:05:32.480 [main] INFO  com.example.auth.AuthApplication - Starting AuthApplication using Java 17.0.12 with PID 33840 (C:\Users\37602\Desktop\s_m\Manage_supervision\backend\target\classes started by 37602 in C:\Users\37602\Desktop\s_m)
2025-04-23 16:05:32.482 [main] INFO  com.example.auth.AuthApplication - No active profile set, falling back to 1 default profile: "default"
2025-04-23 16:05:32.990 [main] INFO  o.s.d.r.c.RepositoryConfigurationDelegate - Bootstrapping Spring Data JPA repositories in DEFAULT mode.
2025-04-23 16:05:33.084 [main] INFO  o.s.d.r.c.RepositoryConfigurationDelegate - Finished Spring Data repository scanning in 88 ms. Found 21 JPA repository interfaces.
2025-04-23 16:05:33.446 [main] INFO  o.s.b.w.e.tomcat.TomcatWebServer - Tomcat initialized with port 8081 (http)
2025-04-23 16:05:33.500 [main] INFO  o.s.b.w.s.c.ServletWebServerApplicationContext - Root WebApplicationContext: initialization completed in 989 ms
2025-04-23 16:05:38.803 [main] INFO  o.s.d.j.r.query.QueryEnhancerFactory - Hibernate is in classpath; If applicable, HQL parser will be used.
2025-04-23 16:05:40.476 [main] INFO  c.e.auth.config.WebSocketConfig - 配置WebSocket客户端入站通道拦截器
2025-04-23 16:05:40.477 [main] INFO  c.e.auth.config.WebSocketConfig - WebSocket客户端入站通道拦截器配置完成
2025-04-23 16:05:40.483 [main] INFO  c.e.auth.config.WebSocketConfig - 配置WebSocket消息代理
2025-04-23 16:05:40.484 [main] INFO  c.e.auth.config.WebSocketConfig - WebSocket消息代理配置完成
2025-04-23 16:05:40.735 [main] INFO  c.e.auth.config.WebSocketConfig - 注册WebSocket端点: /ws
2025-04-23 16:05:40.825 [main] WARN  o.s.b.a.o.j.JpaBaseConfiguration$JpaWebConfiguration - spring.jpa.open-in-view is enabled by default. Therefore, database queries may be performed during view rendering. Explicitly configure spring.jpa.open-in-view to disable this warning
2025-04-23 16:05:40.892 [main] INFO  com.example.auth.config.WebConfig - 配置拦截器，验证用户权限
2025-04-23 16:05:40.895 [main] INFO  com.example.auth.config.WebConfig - 配置CORS，允许前端访问
2025-04-23 16:05:40.897 [main] INFO  com.example.auth.config.WebConfig - CORS配置完成，允许所有来源访问
2025-04-23 16:05:40.986 [main] INFO  com.example.auth.config.WebConfig - 配置资源映射: /uploads/** -> file:C:\Users\37602\Desktop\s_m\uploads/
2025-04-23 16:05:41.168 [main] INFO  o.s.b.w.e.tomcat.TomcatWebServer - Tomcat started on port 8081 (http) with context path ''
2025-04-23 16:05:41.170 [main] INFO  o.s.m.s.b.SimpleBrokerMessageHandler - Starting...
2025-04-23 16:05:41.170 [main] INFO  o.s.m.s.b.SimpleBrokerMessageHandler - BrokerAvailabilityEvent[available=true, SimpleBrokerMessageHandler [org.springframework.messaging.simp.broker.DefaultSubscriptionRegistry@365d1cbf]]
2025-04-23 16:05:41.170 [main] INFO  o.s.m.s.b.SimpleBrokerMessageHandler - Started.
2025-04-23 16:05:41.175 [main] INFO  com.example.auth.AuthApplication - Started AuthApplication in 9.053 seconds (process running for 9.449)
2025-04-23 16:05:44.119 [http-nio-8081-exec-1] INFO  o.s.web.servlet.DispatcherServlet - Initializing Servlet 'dispatcherServlet'
2025-04-23 16:05:44.120 [http-nio-8081-exec-1] INFO  o.s.web.servlet.DispatcherServlet - Completed initialization in 1 ms
2025-04-23 16:05:44.218 [http-nio-8081-exec-3] INFO  c.e.auth.config.WebSocketConfig - 收到STOMP CONNECT命令
2025-04-23 16:05:44.219 [http-nio-8081-exec-3] INFO  c.e.auth.config.WebSocketConfig - 从WebSocket连接中提取到JWT Token: eyJhbGciOi...
2025-04-23 16:05:44.304 [http-nio-8081-exec-3] INFO  c.e.auth.config.WebSocketConfig - 从JWT Token提取的用户ID: 4
2025-04-23 16:05:44.304 [http-nio-8081-exec-3] INFO  c.e.auth.config.WebSocketConfig - WebSocket连接成功设置用户ID为Principal: 4
2025-04-23 16:05:46.553 [http-nio-8081-exec-2] INFO  c.e.auth.config.WebSocketConfig - 收到STOMP CONNECT命令
2025-04-23 16:05:46.553 [http-nio-8081-exec-2] INFO  c.e.auth.config.WebSocketConfig - 从WebSocket连接中提取到JWT Token: eyJhbGciOi...
2025-04-23 16:05:46.554 [http-nio-8081-exec-10] INFO  c.e.auth.config.WebSocketConfig - 收到STOMP CONNECT命令
2025-04-23 16:05:46.554 [http-nio-8081-exec-10] INFO  c.e.auth.config.WebSocketConfig - 从WebSocket连接中提取到JWT Token: eyJhbGciOi...
2025-04-23 16:05:46.554 [http-nio-8081-exec-10] INFO  c.e.auth.config.WebSocketConfig - 从JWT Token提取的用户ID: 2
2025-04-23 16:05:46.554 [http-nio-8081-exec-10] INFO  c.e.auth.config.WebSocketConfig - WebSocket连接成功设置用户ID为Principal: 2
2025-04-23 16:05:46.554 [http-nio-8081-exec-2] INFO  c.e.auth.config.WebSocketConfig - 从JWT Token提取的用户ID: 2
2025-04-23 16:05:46.555 [http-nio-8081-exec-2] INFO  c.e.auth.config.WebSocketConfig - WebSocket连接成功设置用户ID为Principal: 2
2025-04-23 16:06:41.147 [MessageBroker-8] INFO  o.s.w.s.c.WebSocketMessageBrokerStats - WebSocketSession[3 current WS(3)-HttpStream(0)-HttpPoll(0), 3 total, 0 closed abnormally (0 connect failure, 0 send limit, 0 transport error)], stompSubProtocol[processed CONNECT(3)-CONNECTED(3)-DISCONNECT(0)], stompBrokerRelay[null], inboundChannel[pool size = 28, active threads = 0, queued tasks = 0, completed tasks = 36], outboundChannel[pool size = 3, active threads = 0, queued tasks = 0, completed tasks = 3], sockJsScheduler[pool size = 14, active threads = 1, queued tasks = 4, completed tasks = 18]
2025-04-23 16:07:25.039 [http-nio-8081-exec-8] INFO  c.e.auth.controller.BillController - 开始生成账单: BillGenerateDTO(feeStandardId=1, studentIds=null, classId=null, dueDate=2025-04-27T16:00)
2025-04-23 16:07:25.142 [http-nio-8081-exec-8] INFO  c.e.a.service.impl.BillServiceImpl - 开始生成账单，参数: BillGenerateDTO(feeStandardId=1, studentIds=null, classId=null, dueDate=2025-04-27T16:00)
2025-04-23 16:07:25.205 [http-nio-8081-exec-8] INFO  c.e.a.service.impl.BillServiceImpl - 获取已有该费用标准账单的学生ID
2025-04-23 16:07:25.263 [http-nio-8081-exec-8] INFO  c.e.a.service.impl.BillServiceImpl - 已有账单的学生数量: 0
2025-04-23 16:07:25.263 [http-nio-8081-exec-8] INFO  c.e.a.service.impl.BillServiceImpl - 为所有学生生成账单
2025-04-23 16:07:25.313 [http-nio-8081-exec-8] INFO  c.e.a.service.impl.BillServiceImpl - 通过userType查询到 0 个学生
2025-04-23 16:07:25.360 [http-nio-8081-exec-8] INFO  c.e.a.service.impl.BillServiceImpl - 通过ROLE_STUDENT角色查询到 0 个学生
2025-04-23 16:07:25.360 [http-nio-8081-exec-8] INFO  c.e.a.service.impl.BillServiceImpl - ROLE_STUDENT角色未找到学生，尝试使用'学生'角色查询
2025-04-23 16:07:25.410 [http-nio-8081-exec-8] INFO  c.e.a.service.impl.BillServiceImpl - 通过'学生'角色查询到 0 个学生
2025-04-23 16:07:25.410 [http-nio-8081-exec-8] INFO  c.e.a.service.impl.BillServiceImpl - 通过所有方式查询未找到学生，尝试直接查询所有非管理员用户作为学生
2025-04-23 16:07:25.768 [http-nio-8081-exec-8] INFO  c.e.a.service.impl.BillServiceImpl - 通过过滤管理员查询到 6 个用户作为学生
2025-04-23 16:07:25.768 [http-nio-8081-exec-8] INFO  c.e.a.service.impl.BillServiceImpl - 最终查询到学生数量: 6
2025-04-23 16:07:25.768 [http-nio-8081-exec-8] INFO  c.e.a.service.impl.BillServiceImpl - 移除已有账单的学生后，目标学生数量从 6 减少到 6
2025-04-23 16:07:25.768 [http-nio-8081-exec-8] INFO  c.e.a.service.impl.BillServiceImpl - 开始保存 6 个账单
2025-04-23 16:07:26.080 [http-nio-8081-exec-8] INFO  c.e.a.service.impl.BillServiceImpl - 成功保存 6 个账单
2025-04-23 16:07:26.181 [http-nio-8081-exec-8] INFO  c.e.auth.controller.BillController - 成功生成 6 个账单
2025-04-23 16:07:44.414 [SpringApplicationShutdownHook] INFO  o.s.m.s.b.SimpleBrokerMessageHandler - Stopping...
2025-04-23 16:07:44.414 [SpringApplicationShutdownHook] INFO  o.s.m.s.b.SimpleBrokerMessageHandler - BrokerAvailabilityEvent[available=false, SimpleBrokerMessageHandler [org.springframework.messaging.simp.broker.DefaultSubscriptionRegistry@365d1cbf]]
2025-04-23 16:07:44.414 [SpringApplicationShutdownHook] INFO  o.s.m.s.b.SimpleBrokerMessageHandler - Stopped.
2025-04-23 16:07:48.772 [main] INFO  com.example.auth.AuthApplication - Starting AuthApplication using Java 17.0.12 with PID 47140 (C:\Users\37602\Desktop\s_m\Manage_supervision\backend\target\classes started by 37602 in C:\Users\37602\Desktop\s_m)
2025-04-23 16:07:48.773 [main] INFO  com.example.auth.AuthApplication - No active profile set, falling back to 1 default profile: "default"
2025-04-23 16:07:49.262 [main] INFO  o.s.d.r.c.RepositoryConfigurationDelegate - Bootstrapping Spring Data JPA repositories in DEFAULT mode.
2025-04-23 16:07:49.355 [main] INFO  o.s.d.r.c.RepositoryConfigurationDelegate - Finished Spring Data repository scanning in 87 ms. Found 21 JPA repository interfaces.
2025-04-23 16:07:49.704 [main] INFO  o.s.b.w.e.tomcat.TomcatWebServer - Tomcat initialized with port 8081 (http)
2025-04-23 16:07:49.769 [main] INFO  o.s.b.w.s.c.ServletWebServerApplicationContext - Root WebApplicationContext: initialization completed in 967 ms
2025-04-23 16:07:54.952 [main] INFO  o.s.d.j.r.query.QueryEnhancerFactory - Hibernate is in classpath; If applicable, HQL parser will be used.
2025-04-23 16:07:56.663 [main] INFO  c.e.auth.config.WebSocketConfig - 配置WebSocket客户端入站通道拦截器
2025-04-23 16:07:56.664 [main] INFO  c.e.auth.config.WebSocketConfig - WebSocket客户端入站通道拦截器配置完成
2025-04-23 16:07:56.670 [main] INFO  c.e.auth.config.WebSocketConfig - 配置WebSocket消息代理
2025-04-23 16:07:56.671 [main] INFO  c.e.auth.config.WebSocketConfig - WebSocket消息代理配置完成
2025-04-23 16:07:56.868 [main] INFO  c.e.auth.config.WebSocketConfig - 注册WebSocket端点: /ws
2025-04-23 16:07:56.931 [main] WARN  o.s.b.a.o.j.JpaBaseConfiguration$JpaWebConfiguration - spring.jpa.open-in-view is enabled by default. Therefore, database queries may be performed during view rendering. Explicitly configure spring.jpa.open-in-view to disable this warning
2025-04-23 16:07:56.977 [main] INFO  com.example.auth.config.WebConfig - 配置拦截器，验证用户权限
2025-04-23 16:07:56.980 [main] INFO  com.example.auth.config.WebConfig - 配置CORS，允许前端访问
2025-04-23 16:07:56.981 [main] INFO  com.example.auth.config.WebConfig - CORS配置完成，允许所有来源访问
2025-04-23 16:07:57.041 [main] INFO  com.example.auth.config.WebConfig - 配置资源映射: /uploads/** -> file:C:\Users\37602\Desktop\s_m\uploads/
2025-04-23 16:07:57.165 [main] INFO  o.s.b.w.e.tomcat.TomcatWebServer - Tomcat started on port 8081 (http) with context path ''
2025-04-23 16:07:57.166 [main] INFO  o.s.m.s.b.SimpleBrokerMessageHandler - Starting...
2025-04-23 16:07:57.166 [main] INFO  o.s.m.s.b.SimpleBrokerMessageHandler - BrokerAvailabilityEvent[available=true, SimpleBrokerMessageHandler [org.springframework.messaging.simp.broker.DefaultSubscriptionRegistry@54d6c1e6]]
2025-04-23 16:07:57.166 [main] INFO  o.s.m.s.b.SimpleBrokerMessageHandler - Started.
2025-04-23 16:07:57.171 [main] INFO  com.example.auth.AuthApplication - Started AuthApplication in 8.734 seconds (process running for 9.123)
2025-04-23 16:07:57.452 [http-nio-8081-exec-1] INFO  o.s.web.servlet.DispatcherServlet - Initializing Servlet 'dispatcherServlet'
2025-04-23 16:07:57.453 [http-nio-8081-exec-1] INFO  o.s.web.servlet.DispatcherServlet - Completed initialization in 1 ms
2025-04-23 16:07:58.666 [http-nio-8081-exec-7] INFO  c.e.auth.config.WebSocketConfig - 收到STOMP CONNECT命令
2025-04-23 16:07:58.666 [http-nio-8081-exec-7] INFO  c.e.auth.config.WebSocketConfig - 从WebSocket连接中提取到JWT Token: eyJhbGciOi...
2025-04-23 16:07:58.667 [http-nio-8081-exec-7] INFO  c.e.auth.config.WebSocketConfig - 从JWT Token提取的用户ID: 2
2025-04-23 16:07:58.667 [http-nio-8081-exec-7] INFO  c.e.auth.config.WebSocketConfig - WebSocket连接成功设置用户ID为Principal: 2
2025-04-23 16:07:59.479 [http-nio-8081-exec-2] INFO  c.e.auth.config.WebSocketConfig - 收到STOMP CONNECT命令
2025-04-23 16:07:59.479 [http-nio-8081-exec-2] INFO  c.e.auth.config.WebSocketConfig - 从WebSocket连接中提取到JWT Token: eyJhbGciOi...
2025-04-23 16:07:59.480 [http-nio-8081-exec-2] INFO  c.e.auth.config.WebSocketConfig - 从JWT Token提取的用户ID: 4
2025-04-23 16:07:59.480 [http-nio-8081-exec-2] INFO  c.e.auth.config.WebSocketConfig - WebSocket连接成功设置用户ID为Principal: 4
2025-04-23 16:08:02.532 [http-nio-8081-exec-10] INFO  c.e.auth.config.WebSocketConfig - 收到STOMP CONNECT命令
2025-04-23 16:08:02.532 [http-nio-8081-exec-10] INFO  c.e.auth.config.WebSocketConfig - 从WebSocket连接中提取到JWT Token: eyJhbGciOi...
2025-04-23 16:08:02.533 [http-nio-8081-exec-10] INFO  c.e.auth.config.WebSocketConfig - 从JWT Token提取的用户ID: 2
2025-04-23 16:08:02.533 [http-nio-8081-exec-10] INFO  c.e.auth.config.WebSocketConfig - WebSocket连接成功设置用户ID为Principal: 2
2025-04-23 16:08:57.152 [MessageBroker-1] INFO  o.s.w.s.c.WebSocketMessageBrokerStats - WebSocketSession[3 current WS(3)-HttpStream(0)-HttpPoll(0), 3 total, 0 closed abnormally (0 connect failure, 0 send limit, 0 transport error)], stompSubProtocol[processed CONNECT(3)-CONNECTED(3)-DISCONNECT(0)], stompBrokerRelay[null], inboundChannel[pool size = 28, active threads = 0, queued tasks = 0, completed tasks = 36], outboundChannel[pool size = 3, active threads = 0, queued tasks = 0, completed tasks = 3], sockJsScheduler[pool size = 14, active threads = 1, queued tasks = 4, completed tasks = 18]
2025-04-23 16:18:40.903 [SpringApplicationShutdownHook] INFO  o.s.m.s.b.SimpleBrokerMessageHandler - Stopping...
2025-04-23 16:18:40.903 [SpringApplicationShutdownHook] INFO  o.s.m.s.b.SimpleBrokerMessageHandler - BrokerAvailabilityEvent[available=false, SimpleBrokerMessageHandler [org.springframework.messaging.simp.broker.DefaultSubscriptionRegistry@54d6c1e6]]
2025-04-23 16:18:40.903 [SpringApplicationShutdownHook] INFO  o.s.m.s.b.SimpleBrokerMessageHandler - Stopped.
2025-04-23 16:18:44.030 [main] INFO  com.example.auth.AuthApplication - Starting AuthApplication using Java 17.0.12 with PID 10264 (C:\Users\37602\Desktop\s_m\Manage_supervision\backend\target\classes started by 37602 in C:\Users\37602\Desktop\s_m)
2025-04-23 16:18:44.032 [main] INFO  com.example.auth.AuthApplication - No active profile set, falling back to 1 default profile: "default"
2025-04-23 16:18:44.496 [main] INFO  o.s.d.r.c.RepositoryConfigurationDelegate - Bootstrapping Spring Data JPA repositories in DEFAULT mode.
2025-04-23 16:18:44.582 [main] INFO  o.s.d.r.c.RepositoryConfigurationDelegate - Finished Spring Data repository scanning in 81 ms. Found 21 JPA repository interfaces.
2025-04-23 16:18:44.895 [main] INFO  o.s.b.w.e.tomcat.TomcatWebServer - Tomcat initialized with port 8081 (http)
2025-04-23 16:18:44.942 [main] INFO  o.s.b.w.s.c.ServletWebServerApplicationContext - Root WebApplicationContext: initialization completed in 880 ms
2025-04-23 16:18:49.963 [main] INFO  o.s.d.j.r.query.QueryEnhancerFactory - Hibernate is in classpath; If applicable, HQL parser will be used.
2025-04-23 16:18:51.602 [main] INFO  c.e.auth.config.WebSocketConfig - 配置WebSocket客户端入站通道拦截器
2025-04-23 16:18:51.606 [main] INFO  c.e.auth.config.WebSocketConfig - WebSocket客户端入站通道拦截器配置完成
2025-04-23 16:18:51.610 [main] INFO  c.e.auth.config.WebSocketConfig - 配置WebSocket消息代理
2025-04-23 16:18:51.610 [main] INFO  c.e.auth.config.WebSocketConfig - WebSocket消息代理配置完成
2025-04-23 16:18:51.817 [main] INFO  c.e.auth.config.WebSocketConfig - 注册WebSocket端点: /ws
2025-04-23 16:18:51.861 [main] WARN  o.s.b.a.o.j.JpaBaseConfiguration$JpaWebConfiguration - spring.jpa.open-in-view is enabled by default. Therefore, database queries may be performed during view rendering. Explicitly configure spring.jpa.open-in-view to disable this warning
2025-04-23 16:18:51.903 [main] INFO  com.example.auth.config.WebConfig - 配置拦截器，验证用户权限
2025-04-23 16:18:51.903 [main] INFO  com.example.auth.config.WebConfig - 配置CORS，允许前端访问
2025-04-23 16:18:51.903 [main] INFO  com.example.auth.config.WebConfig - CORS配置完成，允许所有来源访问
2025-04-23 16:18:51.959 [main] INFO  com.example.auth.config.WebConfig - 配置资源映射: /uploads/** -> file:C:\Users\37602\Desktop\s_m\uploads/
2025-04-23 16:18:52.070 [main] INFO  o.s.b.w.e.tomcat.TomcatWebServer - Tomcat started on port 8081 (http) with context path ''
2025-04-23 16:18:52.074 [main] INFO  o.s.m.s.b.SimpleBrokerMessageHandler - Starting...
2025-04-23 16:18:52.074 [main] INFO  o.s.m.s.b.SimpleBrokerMessageHandler - BrokerAvailabilityEvent[available=true, SimpleBrokerMessageHandler [org.springframework.messaging.simp.broker.DefaultSubscriptionRegistry@52bd4c80]]
2025-04-23 16:18:52.074 [main] INFO  o.s.m.s.b.SimpleBrokerMessageHandler - Started.
2025-04-23 16:18:52.079 [main] INFO  com.example.auth.AuthApplication - Started AuthApplication in 8.421 seconds (process running for 8.795)
2025-04-23 16:18:52.261 [http-nio-8081-exec-1] INFO  o.s.web.servlet.DispatcherServlet - Initializing Servlet 'dispatcherServlet'
2025-04-23 16:18:52.262 [http-nio-8081-exec-1] INFO  o.s.web.servlet.DispatcherServlet - Completed initialization in 1 ms
2025-04-23 16:18:52.639 [http-nio-8081-exec-5] INFO  c.e.auth.config.WebSocketConfig - 收到STOMP CONNECT命令
2025-04-23 16:18:52.639 [http-nio-8081-exec-5] INFO  c.e.auth.config.WebSocketConfig - 从WebSocket连接中提取到JWT Token: eyJhbGciOi...
2025-04-23 16:18:52.709 [http-nio-8081-exec-5] INFO  c.e.auth.config.WebSocketConfig - 从JWT Token提取的用户ID: 2
2025-04-23 16:18:52.709 [http-nio-8081-exec-5] INFO  c.e.auth.config.WebSocketConfig - WebSocket连接成功设置用户ID为Principal: 2
2025-04-23 16:18:55.958 [http-nio-8081-exec-3] INFO  c.e.auth.config.WebSocketConfig - 收到STOMP CONNECT命令
2025-04-23 16:18:55.958 [http-nio-8081-exec-3] INFO  c.e.auth.config.WebSocketConfig - 从WebSocket连接中提取到JWT Token: eyJhbGciOi...
2025-04-23 16:18:55.959 [http-nio-8081-exec-3] INFO  c.e.auth.config.WebSocketConfig - 从JWT Token提取的用户ID: 4
2025-04-23 16:18:55.959 [http-nio-8081-exec-3] INFO  c.e.auth.config.WebSocketConfig - WebSocket连接成功设置用户ID为Principal: 4
2025-04-23 16:18:56.265 [http-nio-8081-exec-8] INFO  c.e.auth.config.WebSocketConfig - 收到STOMP CONNECT命令
2025-04-23 16:18:56.265 [http-nio-8081-exec-8] INFO  c.e.auth.config.WebSocketConfig - 从WebSocket连接中提取到JWT Token: eyJhbGciOi...
2025-04-23 16:18:56.266 [http-nio-8081-exec-8] INFO  c.e.auth.config.WebSocketConfig - 从JWT Token提取的用户ID: 2
2025-04-23 16:18:56.266 [http-nio-8081-exec-8] INFO  c.e.auth.config.WebSocketConfig - WebSocket连接成功设置用户ID为Principal: 2
2025-04-23 16:19:52.057 [MessageBroker-2] INFO  o.s.w.s.c.WebSocketMessageBrokerStats - WebSocketSession[3 current WS(3)-HttpStream(0)-HttpPoll(0), 3 total, 0 closed abnormally (0 connect failure, 0 send limit, 0 transport error)], stompSubProtocol[processed CONNECT(3)-CONNECTED(3)-DISCONNECT(0)], stompBrokerRelay[null], inboundChannel[pool size = 28, active threads = 0, queued tasks = 0, completed tasks = 36], outboundChannel[pool size = 3, active threads = 0, queued tasks = 0, completed tasks = 3], sockJsScheduler[pool size = 14, active threads = 1, queued tasks = 4, completed tasks = 18]
2025-04-23 16:24:25.028 [http-nio-8081-exec-5] INFO  c.e.auth.config.WebSocketConfig - 收到STOMP CONNECT命令
2025-04-23 16:24:25.028 [http-nio-8081-exec-5] INFO  c.e.auth.config.WebSocketConfig - 从WebSocket连接中提取到JWT Token: eyJhbGciOi...
2025-04-23 16:24:25.029 [http-nio-8081-exec-5] INFO  c.e.auth.config.WebSocketConfig - 从JWT Token提取的用户ID: 4
2025-04-23 16:24:25.029 [http-nio-8081-exec-5] INFO  c.e.auth.config.WebSocketConfig - WebSocket连接成功设置用户ID为Principal: 4
2025-04-23 16:24:57.621 [http-nio-8081-exec-4] INFO  c.e.auth.config.WebSocketConfig - 收到STOMP CONNECT命令
2025-04-23 16:24:57.621 [http-nio-8081-exec-4] INFO  c.e.auth.config.WebSocketConfig - 从WebSocket连接中提取到JWT Token: eyJhbGciOi...
2025-04-23 16:24:57.623 [http-nio-8081-exec-4] INFO  c.e.auth.config.WebSocketConfig - 从JWT Token提取的用户ID: 2
2025-04-23 16:24:57.623 [http-nio-8081-exec-4] INFO  c.e.auth.config.WebSocketConfig - WebSocket连接成功设置用户ID为Principal: 2
2025-04-23 16:25:35.024 [http-nio-8081-exec-5] INFO  c.e.auth.config.WebSocketConfig - 收到STOMP CONNECT命令
2025-04-23 16:25:35.024 [http-nio-8081-exec-5] INFO  c.e.auth.config.WebSocketConfig - 从WebSocket连接中提取到JWT Token: eyJhbGciOi...
2025-04-23 16:25:35.025 [http-nio-8081-exec-5] INFO  c.e.auth.config.WebSocketConfig - 从JWT Token提取的用户ID: 2
2025-04-23 16:25:35.025 [http-nio-8081-exec-5] INFO  c.e.auth.config.WebSocketConfig - WebSocket连接成功设置用户ID为Principal: 2
2025-04-23 16:29:22.116 [http-nio-8081-exec-10] INFO  c.e.auth.config.WebSocketConfig - 收到STOMP CONNECT命令
2025-04-23 16:29:22.116 [http-nio-8081-exec-10] INFO  c.e.auth.config.WebSocketConfig - 从WebSocket连接中提取到JWT Token: eyJhbGciOi...
2025-04-23 16:29:22.117 [http-nio-8081-exec-10] INFO  c.e.auth.config.WebSocketConfig - 从JWT Token提取的用户ID: 4
2025-04-23 16:29:22.117 [http-nio-8081-exec-10] INFO  c.e.auth.config.WebSocketConfig - WebSocket连接成功设置用户ID为Principal: 4
2025-04-23 16:29:45.057 [http-nio-8081-exec-7] INFO  c.e.auth.controller.UserController - 用户请求查看自己的任务, 用户ID: 4
2025-04-23 16:29:45.057 [http-nio-8081-exec-7] INFO  c.e.a.service.impl.TaskServiceImpl - Getting assigned to student all tasks, Student ID: 4
2025-04-23 16:30:14.161 [SpringApplicationShutdownHook] INFO  o.s.m.s.b.SimpleBrokerMessageHandler - Stopping...
2025-04-23 16:30:14.169 [SpringApplicationShutdownHook] INFO  o.s.m.s.b.SimpleBrokerMessageHandler - BrokerAvailabilityEvent[available=false, SimpleBrokerMessageHandler [org.springframework.messaging.simp.broker.DefaultSubscriptionRegistry@52bd4c80]]
2025-04-23 16:30:14.169 [SpringApplicationShutdownHook] INFO  o.s.m.s.b.SimpleBrokerMessageHandler - Stopped.
2025-04-23 16:30:18.229 [main] INFO  com.example.auth.AuthApplication - Starting AuthApplication using Java 17.0.12 with PID 45048 (C:\Users\37602\Desktop\s_m\Manage_supervision\backend\target\classes started by 37602 in C:\Users\37602\Desktop\s_m)
2025-04-23 16:30:18.230 [main] INFO  com.example.auth.AuthApplication - No active profile set, falling back to 1 default profile: "default"
2025-04-23 16:30:18.716 [main] INFO  o.s.d.r.c.RepositoryConfigurationDelegate - Bootstrapping Spring Data JPA repositories in DEFAULT mode.
2025-04-23 16:30:18.813 [main] INFO  o.s.d.r.c.RepositoryConfigurationDelegate - Finished Spring Data repository scanning in 91 ms. Found 21 JPA repository interfaces.
2025-04-23 16:30:19.138 [main] INFO  o.s.b.w.e.tomcat.TomcatWebServer - Tomcat initialized with port 8081 (http)
2025-04-23 16:30:19.188 [main] INFO  o.s.b.w.s.c.ServletWebServerApplicationContext - Root WebApplicationContext: initialization completed in 927 ms
2025-04-23 16:30:24.121 [main] INFO  o.s.d.j.r.query.QueryEnhancerFactory - Hibernate is in classpath; If applicable, HQL parser will be used.
2025-04-23 16:30:25.749 [main] INFO  c.e.auth.config.WebSocketConfig - 配置WebSocket客户端入站通道拦截器
2025-04-23 16:30:25.750 [main] INFO  c.e.auth.config.WebSocketConfig - WebSocket客户端入站通道拦截器配置完成
2025-04-23 16:30:25.756 [main] INFO  c.e.auth.config.WebSocketConfig - 配置WebSocket消息代理
2025-04-23 16:30:25.756 [main] INFO  c.e.auth.config.WebSocketConfig - WebSocket消息代理配置完成
2025-04-23 16:30:25.952 [main] INFO  c.e.auth.config.WebSocketConfig - 注册WebSocket端点: /ws
2025-04-23 16:30:26.003 [main] WARN  o.s.b.a.o.j.JpaBaseConfiguration$JpaWebConfiguration - spring.jpa.open-in-view is enabled by default. Therefore, database queries may be performed during view rendering. Explicitly configure spring.jpa.open-in-view to disable this warning
2025-04-23 16:30:26.044 [main] INFO  com.example.auth.config.WebConfig - 配置拦截器，验证用户权限
2025-04-23 16:30:26.046 [main] INFO  com.example.auth.config.WebConfig - 配置CORS，允许前端访问
2025-04-23 16:30:26.048 [main] INFO  com.example.auth.config.WebConfig - CORS配置完成，允许所有来源访问
2025-04-23 16:30:26.104 [main] INFO  com.example.auth.config.WebConfig - 配置资源映射: /uploads/** -> file:C:\Users\37602\Desktop\s_m\uploads/
2025-04-23 16:30:26.230 [main] INFO  o.s.b.w.e.tomcat.TomcatWebServer - Tomcat started on port 8081 (http) with context path ''
2025-04-23 16:30:26.231 [main] INFO  o.s.m.s.b.SimpleBrokerMessageHandler - Starting...
2025-04-23 16:30:26.231 [main] INFO  o.s.m.s.b.SimpleBrokerMessageHandler - BrokerAvailabilityEvent[available=true, SimpleBrokerMessageHandler [org.springframework.messaging.simp.broker.DefaultSubscriptionRegistry@582e8393]]
2025-04-23 16:30:26.232 [main] INFO  o.s.m.s.b.SimpleBrokerMessageHandler - Started.
2025-04-23 16:30:26.235 [main] INFO  com.example.auth.AuthApplication - Started AuthApplication in 8.353 seconds (process running for 8.742)
2025-04-23 16:30:29.240 [http-nio-8081-exec-1] INFO  o.s.web.servlet.DispatcherServlet - Initializing Servlet 'dispatcherServlet'
2025-04-23 16:30:29.241 [http-nio-8081-exec-1] INFO  o.s.web.servlet.DispatcherServlet - Completed initialization in 1 ms
2025-04-23 16:30:29.331 [http-nio-8081-exec-2] INFO  c.e.auth.config.WebSocketConfig - 收到STOMP CONNECT命令
2025-04-23 16:30:29.331 [http-nio-8081-exec-2] INFO  c.e.auth.config.WebSocketConfig - 从WebSocket连接中提取到JWT Token: eyJhbGciOi...
2025-04-23 16:30:29.403 [http-nio-8081-exec-2] INFO  c.e.auth.config.WebSocketConfig - 从JWT Token提取的用户ID: 4
2025-04-23 16:30:29.403 [http-nio-8081-exec-2] INFO  c.e.auth.config.WebSocketConfig - WebSocket连接成功设置用户ID为Principal: 4
2025-04-23 16:30:29.813 [http-nio-8081-exec-6] INFO  c.e.auth.config.WebSocketConfig - 收到STOMP CONNECT命令
2025-04-23 16:30:29.813 [http-nio-8081-exec-6] INFO  c.e.auth.config.WebSocketConfig - 从WebSocket连接中提取到JWT Token: eyJhbGciOi...
2025-04-23 16:30:29.814 [http-nio-8081-exec-6] INFO  c.e.auth.config.WebSocketConfig - 从JWT Token提取的用户ID: 2
2025-04-23 16:30:29.814 [http-nio-8081-exec-6] INFO  c.e.auth.config.WebSocketConfig - WebSocket连接成功设置用户ID为Principal: 2
2025-04-23 16:30:31.542 [http-nio-8081-exec-2] INFO  c.e.auth.config.WebSocketConfig - 收到STOMP CONNECT命令
2025-04-23 16:30:31.542 [http-nio-8081-exec-2] INFO  c.e.auth.config.WebSocketConfig - 从WebSocket连接中提取到JWT Token: eyJhbGciOi...
2025-04-23 16:30:31.543 [http-nio-8081-exec-2] INFO  c.e.auth.config.WebSocketConfig - 从JWT Token提取的用户ID: 2
2025-04-23 16:30:31.543 [http-nio-8081-exec-2] INFO  c.e.auth.config.WebSocketConfig - WebSocket连接成功设置用户ID为Principal: 2
2025-04-23 16:30:32.724 [http-nio-8081-exec-2] INFO  c.e.auth.config.WebSocketConfig - 收到STOMP CONNECT命令
2025-04-23 16:30:32.724 [http-nio-8081-exec-2] INFO  c.e.auth.config.WebSocketConfig - 从WebSocket连接中提取到JWT Token: eyJhbGciOi...
2025-04-23 16:30:32.726 [http-nio-8081-exec-2] INFO  c.e.auth.config.WebSocketConfig - 从JWT Token提取的用户ID: 4
2025-04-23 16:30:32.726 [http-nio-8081-exec-2] INFO  c.e.auth.config.WebSocketConfig - WebSocket连接成功设置用户ID为Principal: 4
2025-04-23 16:30:36.506 [http-nio-8081-exec-5] INFO  c.e.auth.controller.BillController - 接收到账单生成请求: BillGenerateDTO(feeStandardId=1, studentIds=null, classId=null, dueDate=2025-04-27T16:00)
2025-04-23 16:30:36.704 [http-nio-8081-exec-5] INFO  c.e.a.service.impl.BillServiceImpl - 开始生成账单: BillGenerateDTO(feeStandardId=1, studentIds=null, classId=null, dueDate=2025-04-27T16:00)
2025-04-23 16:30:36.800 [http-nio-8081-exec-5] INFO  c.e.a.service.impl.BillServiceImpl - 已有该费用标准账单的学生数量: 0
2025-04-23 16:30:36.801 [http-nio-8081-exec-5] INFO  c.e.a.service.impl.BillServiceImpl - 为所有学生生成账单
2025-04-23 16:30:36.849 [http-nio-8081-exec-5] WARN  c.e.a.service.impl.BillServiceImpl - 系统中未找到学生
2025-04-23 16:30:36.943 [http-nio-8081-exec-5] INFO  c.e.auth.controller.BillController - 成功生成账单数量: 0
2025-04-23 16:30:39.257 [http-nio-8081-exec-5] INFO  c.e.auth.config.WebSocketConfig - 收到STOMP CONNECT命令
2025-04-23 16:30:39.257 [http-nio-8081-exec-5] INFO  c.e.auth.config.WebSocketConfig - 从WebSocket连接中提取到JWT Token: eyJhbGciOi...
2025-04-23 16:30:39.258 [http-nio-8081-exec-5] INFO  c.e.auth.config.WebSocketConfig - 从JWT Token提取的用户ID: 4
2025-04-23 16:30:39.258 [http-nio-8081-exec-5] INFO  c.e.auth.config.WebSocketConfig - WebSocket连接成功设置用户ID为Principal: 4
2025-04-23 16:30:57.153 [http-nio-8081-exec-10] INFO  c.e.auth.controller.BillController - 接收到账单生成请求: BillGenerateDTO(feeStandardId=2, studentIds=null, classId=null, dueDate=2025-05-25T16:00)
2025-04-23 16:30:57.257 [http-nio-8081-exec-10] INFO  c.e.a.service.impl.BillServiceImpl - 开始生成账单: BillGenerateDTO(feeStandardId=2, studentIds=null, classId=null, dueDate=2025-05-25T16:00)
2025-04-23 16:30:57.355 [http-nio-8081-exec-10] INFO  c.e.a.service.impl.BillServiceImpl - 已有该费用标准账单的学生数量: 0
2025-04-23 16:30:57.356 [http-nio-8081-exec-10] INFO  c.e.a.service.impl.BillServiceImpl - 为所有学生生成账单
2025-04-23 16:30:57.406 [http-nio-8081-exec-10] WARN  c.e.a.service.impl.BillServiceImpl - 系统中未找到学生
2025-04-23 16:30:57.502 [http-nio-8081-exec-10] INFO  c.e.auth.controller.BillController - 成功生成账单数量: 0
2025-04-23 16:31:13.614 [http-nio-8081-exec-2] INFO  c.e.auth.controller.BillController - 接收到账单生成请求: BillGenerateDTO(feeStandardId=2, studentIds=null, classId=null, dueDate=2025-04-15T16:00)
2025-04-23 16:31:13.843 [http-nio-8081-exec-2] INFO  c.e.a.service.impl.BillServiceImpl - 开始生成账单: BillGenerateDTO(feeStandardId=2, studentIds=null, classId=null, dueDate=2025-04-15T16:00)
2025-04-23 16:31:13.980 [http-nio-8081-exec-2] INFO  c.e.a.service.impl.BillServiceImpl - 已有该费用标准账单的学生数量: 0
2025-04-23 16:31:13.980 [http-nio-8081-exec-2] INFO  c.e.a.service.impl.BillServiceImpl - 为所有学生生成账单
2025-04-23 16:31:14.052 [http-nio-8081-exec-2] WARN  c.e.a.service.impl.BillServiceImpl - 系统中未找到学生
2025-04-23 16:31:14.179 [http-nio-8081-exec-2] INFO  c.e.auth.controller.BillController - 成功生成账单数量: 0
2025-04-23 16:31:26.218 [MessageBroker-4] INFO  o.s.w.s.c.WebSocketMessageBrokerStats - WebSocketSession[3 current WS(3)-HttpStream(0)-HttpPoll(0), 5 total, 0 closed abnormally (0 connect failure, 0 send limit, 0 transport error)], stompSubProtocol[processed CONNECT(5)-CONNECTED(5)-DISCONNECT(0)], stompBrokerRelay[null], inboundChannel[pool size = 28, active threads = 0, queued tasks = 0, completed tasks = 66], outboundChannel[pool size = 7, active threads = 0, queued tasks = 0, completed tasks = 7], sockJsScheduler[pool size = 14, active threads = 1, queued tasks = 4, completed tasks = 17]
2025-04-23 16:33:49.715 [http-nio-8081-exec-8] INFO  c.e.auth.controller.BillController - 接收到账单生成请求: BillGenerateDTO(feeStandardId=1, studentIds=null, classId=2, dueDate=2025-04-13T16:00)
2025-04-23 16:33:49.811 [http-nio-8081-exec-8] INFO  c.e.a.service.impl.BillServiceImpl - 开始生成账单: BillGenerateDTO(feeStandardId=1, studentIds=null, classId=2, dueDate=2025-04-13T16:00)
2025-04-23 16:33:49.913 [http-nio-8081-exec-8] INFO  c.e.a.service.impl.BillServiceImpl - 已有该费用标准账单的学生数量: 0
2025-04-23 16:33:49.913 [http-nio-8081-exec-8] INFO  c.e.a.service.impl.BillServiceImpl - 按班级生成账单，班级ID: 2
2025-04-23 16:33:50.062 [http-nio-8081-exec-8] INFO  c.e.a.service.impl.BillServiceImpl - 班级内学生数量: 1
2025-04-23 16:33:50.062 [http-nio-8081-exec-8] INFO  c.e.a.service.impl.BillServiceImpl - 移除已有账单的学生后，剩余学生数量: 1 (移除了0个)
2025-04-23 16:33:50.063 [http-nio-8081-exec-8] INFO  c.e.a.service.impl.BillServiceImpl - 准备保存 1 个账单
2025-04-23 16:33:50.116 [http-nio-8081-exec-8] INFO  c.e.a.service.impl.BillServiceImpl - 成功保存 1 个账单
2025-04-23 16:33:50.224 [http-nio-8081-exec-8] INFO  c.e.auth.controller.BillController - 成功生成账单数量: 1
2025-04-23 16:33:59.582 [SpringApplicationShutdownHook] INFO  o.s.m.s.b.SimpleBrokerMessageHandler - Stopping...
2025-04-23 16:33:59.583 [SpringApplicationShutdownHook] INFO  o.s.m.s.b.SimpleBrokerMessageHandler - BrokerAvailabilityEvent[available=false, SimpleBrokerMessageHandler [org.springframework.messaging.simp.broker.DefaultSubscriptionRegistry@582e8393]]
2025-04-23 16:33:59.583 [SpringApplicationShutdownHook] INFO  o.s.m.s.b.SimpleBrokerMessageHandler - Stopped.
2025-04-23 16:34:02.704 [main] INFO  com.example.auth.AuthApplication - Starting AuthApplication using Java 17.0.12 with PID 8116 (C:\Users\37602\Desktop\s_m\Manage_supervision\backend\target\classes started by 37602 in C:\Users\37602\Desktop\s_m)
2025-04-23 16:34:02.705 [main] INFO  com.example.auth.AuthApplication - No active profile set, falling back to 1 default profile: "default"
2025-04-23 16:34:03.171 [main] INFO  o.s.d.r.c.RepositoryConfigurationDelegate - Bootstrapping Spring Data JPA repositories in DEFAULT mode.
2025-04-23 16:34:03.253 [main] INFO  o.s.d.r.c.RepositoryConfigurationDelegate - Finished Spring Data repository scanning in 77 ms. Found 21 JPA repository interfaces.
2025-04-23 16:34:03.586 [main] INFO  o.s.b.w.e.tomcat.TomcatWebServer - Tomcat initialized with port 8081 (http)
2025-04-23 16:34:03.634 [main] INFO  o.s.b.w.s.c.ServletWebServerApplicationContext - Root WebApplicationContext: initialization completed in 898 ms
2025-04-23 16:34:08.674 [main] INFO  o.s.d.j.r.query.QueryEnhancerFactory - Hibernate is in classpath; If applicable, HQL parser will be used.
2025-04-23 16:34:10.470 [main] INFO  c.e.auth.config.WebSocketConfig - 配置WebSocket客户端入站通道拦截器
2025-04-23 16:34:10.471 [main] INFO  c.e.auth.config.WebSocketConfig - WebSocket客户端入站通道拦截器配置完成
2025-04-23 16:34:10.477 [main] INFO  c.e.auth.config.WebSocketConfig - 配置WebSocket消息代理
2025-04-23 16:34:10.478 [main] INFO  c.e.auth.config.WebSocketConfig - WebSocket消息代理配置完成
2025-04-23 16:34:10.688 [main] INFO  c.e.auth.config.WebSocketConfig - 注册WebSocket端点: /ws
2025-04-23 16:34:10.741 [main] WARN  o.s.b.a.o.j.JpaBaseConfiguration$JpaWebConfiguration - spring.jpa.open-in-view is enabled by default. Therefore, database queries may be performed during view rendering. Explicitly configure spring.jpa.open-in-view to disable this warning
2025-04-23 16:34:10.785 [main] INFO  com.example.auth.config.WebConfig - 配置拦截器，验证用户权限
2025-04-23 16:34:10.787 [main] INFO  com.example.auth.config.WebConfig - 配置CORS，允许前端访问
2025-04-23 16:34:10.788 [main] INFO  com.example.auth.config.WebConfig - CORS配置完成，允许所有来源访问
2025-04-23 16:34:10.853 [main] INFO  com.example.auth.config.WebConfig - 配置资源映射: /uploads/** -> file:C:\Users\37602\Desktop\s_m\uploads/
2025-04-23 16:34:10.971 [main] INFO  o.s.b.w.e.tomcat.TomcatWebServer - Tomcat started on port 8081 (http) with context path ''
2025-04-23 16:34:10.973 [main] INFO  o.s.m.s.b.SimpleBrokerMessageHandler - Starting...
2025-04-23 16:34:10.973 [main] INFO  o.s.m.s.b.SimpleBrokerMessageHandler - BrokerAvailabilityEvent[available=true, SimpleBrokerMessageHandler [org.springframework.messaging.simp.broker.DefaultSubscriptionRegistry@7e236f5f]]
2025-04-23 16:34:10.973 [main] INFO  o.s.m.s.b.SimpleBrokerMessageHandler - Started.
2025-04-23 16:34:10.977 [main] INFO  com.example.auth.AuthApplication - Started AuthApplication in 8.614 seconds (process running for 9.015)
2025-04-23 16:34:11.257 [http-nio-8081-exec-1] INFO  o.s.web.servlet.DispatcherServlet - Initializing Servlet 'dispatcherServlet'
2025-04-23 16:34:11.258 [http-nio-8081-exec-1] INFO  o.s.web.servlet.DispatcherServlet - Completed initialization in 1 ms
2025-04-23 16:34:11.647 [http-nio-8081-exec-6] INFO  c.e.auth.config.WebSocketConfig - 收到STOMP CONNECT命令
2025-04-23 16:34:11.647 [http-nio-8081-exec-6] INFO  c.e.auth.config.WebSocketConfig - 从WebSocket连接中提取到JWT Token: eyJhbGciOi...
2025-04-23 16:34:11.714 [http-nio-8081-exec-6] INFO  c.e.auth.config.WebSocketConfig - 从JWT Token提取的用户ID: 2
2025-04-23 16:34:11.715 [http-nio-8081-exec-6] INFO  c.e.auth.config.WebSocketConfig - WebSocket连接成功设置用户ID为Principal: 2
2025-04-23 16:34:14.647 [http-nio-8081-exec-2] INFO  c.e.auth.config.WebSocketConfig - 收到STOMP CONNECT命令
2025-04-23 16:34:14.647 [http-nio-8081-exec-2] INFO  c.e.auth.config.WebSocketConfig - 从WebSocket连接中提取到JWT Token: eyJhbGciOi...
2025-04-23 16:34:14.647 [http-nio-8081-exec-2] INFO  c.e.auth.config.WebSocketConfig - 从JWT Token提取的用户ID: 4
2025-04-23 16:34:14.647 [http-nio-8081-exec-2] INFO  c.e.auth.config.WebSocketConfig - WebSocket连接成功设置用户ID为Principal: 4
2025-04-23 16:34:16.042 [http-nio-8081-exec-5] INFO  c.e.auth.config.WebSocketConfig - 收到STOMP CONNECT命令
2025-04-23 16:34:16.042 [http-nio-8081-exec-5] INFO  c.e.auth.config.WebSocketConfig - 从WebSocket连接中提取到JWT Token: eyJhbGciOi...
2025-04-23 16:34:16.046 [http-nio-8081-exec-5] INFO  c.e.auth.config.WebSocketConfig - 从JWT Token提取的用户ID: 2
2025-04-23 16:34:16.046 [http-nio-8081-exec-5] INFO  c.e.auth.config.WebSocketConfig - WebSocket连接成功设置用户ID为Principal: 2
2025-04-23 16:34:27.560 [http-nio-8081-exec-10] INFO  c.e.auth.controller.BillController - 接收到账单生成请求: BillGenerateDTO(feeStandardId=2, studentIds=null, classId=null, dueDate=2025-04-27T16:00)
2025-04-23 16:34:27.744 [http-nio-8081-exec-10] INFO  c.e.a.service.impl.BillServiceImpl - 开始生成账单: BillGenerateDTO(feeStandardId=2, studentIds=null, classId=null, dueDate=2025-04-27T16:00)
2025-04-23 16:34:27.850 [http-nio-8081-exec-10] INFO  c.e.a.service.impl.BillServiceImpl - 已有该费用标准账单的学生数量: 0
2025-04-23 16:34:27.850 [http-nio-8081-exec-10] INFO  c.e.a.service.impl.BillServiceImpl - 为所有学生生成账单
2025-04-23 16:34:27.898 [http-nio-8081-exec-10] INFO  c.e.a.service.impl.BillServiceImpl - 通过角色名称查询到的学生数量: 0
2025-04-23 16:34:27.898 [http-nio-8081-exec-10] INFO  c.e.a.service.impl.BillServiceImpl - 角色查询未找到学生，使用备选方法
2025-04-23 16:34:28.240 [http-nio-8081-exec-10] INFO  c.e.a.service.impl.BillServiceImpl - 系统中共有用户数量: 6
2025-04-23 16:34:28.240 [http-nio-8081-exec-10] INFO  c.e.a.service.impl.BillServiceImpl - 过滤后学生角色用户数量: 0
2025-04-23 16:34:28.240 [http-nio-8081-exec-10] INFO  c.e.a.service.impl.BillServiceImpl - 尝试第三种方法：根据userNumber判断学生
2025-04-23 16:34:28.240 [http-nio-8081-exec-10] INFO  c.e.a.service.impl.BillServiceImpl - 通过学号字段筛选可能是学生的用户数量: 6
2025-04-23 16:34:28.240 [http-nio-8081-exec-10] INFO  c.e.a.service.impl.BillServiceImpl - 使用学号字段筛选找到的潜在学生
2025-04-23 16:34:28.240 [http-nio-8081-exec-10] INFO  c.e.a.service.impl.BillServiceImpl - 最终确定的学生ID列表: [1, 2, 3, 4, 5, 6], 总数: 6
2025-04-23 16:34:28.240 [http-nio-8081-exec-10] INFO  c.e.a.service.impl.BillServiceImpl - 处理前的目标学生数量: 6
2025-04-23 16:34:28.240 [http-nio-8081-exec-10] INFO  c.e.a.service.impl.BillServiceImpl - 已有账单的学生ID列表: []
2025-04-23 16:34:28.240 [http-nio-8081-exec-10] INFO  c.e.a.service.impl.BillServiceImpl - 移除已有账单的学生后，剩余学生数量: 6 (移除了0个)
2025-04-23 16:34:28.240 [http-nio-8081-exec-10] INFO  c.e.a.service.impl.BillServiceImpl - 需要生成账单的学生ID列表: [1, 2, 3, 4, 5, 6]
2025-04-23 16:34:28.240 [http-nio-8081-exec-10] INFO  c.e.a.service.impl.BillServiceImpl - 准备保存 6 个账单
2025-04-23 16:34:28.560 [http-nio-8081-exec-10] INFO  c.e.a.service.impl.BillServiceImpl - 成功保存 6 个账单
2025-04-23 16:34:28.672 [http-nio-8081-exec-10] INFO  c.e.auth.controller.BillController - 成功生成账单数量: 6
2025-04-23 16:35:10.960 [MessageBroker-3] INFO  o.s.w.s.c.WebSocketMessageBrokerStats - WebSocketSession[3 current WS(3)-HttpStream(0)-HttpPoll(0), 3 total, 0 closed abnormally (0 connect failure, 0 send limit, 0 transport error)], stompSubProtocol[processed CONNECT(3)-CONNECTED(3)-DISCONNECT(0)], stompBrokerRelay[null], inboundChannel[pool size = 28, active threads = 0, queued tasks = 0, completed tasks = 36], outboundChannel[pool size = 3, active threads = 0, queued tasks = 0, completed tasks = 3], sockJsScheduler[pool size = 14, active threads = 1, queued tasks = 4, completed tasks = 18]
2025-04-23 16:36:29.239 [SpringApplicationShutdownHook] INFO  o.s.m.s.b.SimpleBrokerMessageHandler - Stopping...
2025-04-23 16:36:29.239 [SpringApplicationShutdownHook] INFO  o.s.m.s.b.SimpleBrokerMessageHandler - BrokerAvailabilityEvent[available=false, SimpleBrokerMessageHandler [org.springframework.messaging.simp.broker.DefaultSubscriptionRegistry@7e236f5f]]
2025-04-23 16:36:29.239 [SpringApplicationShutdownHook] INFO  o.s.m.s.b.SimpleBrokerMessageHandler - Stopped.
2025-04-23 16:36:40.411 [main] INFO  com.example.auth.AuthApplication - Starting AuthApplication using Java 17.0.12 with PID 36212 (C:\Users\37602\Desktop\s_m\Manage_supervision\backend\target\classes started by 37602 in C:\Users\37602\Desktop\s_m)
2025-04-23 16:36:40.414 [main] INFO  com.example.auth.AuthApplication - No active profile set, falling back to 1 default profile: "default"
2025-04-23 16:36:41.009 [main] INFO  o.s.d.r.c.RepositoryConfigurationDelegate - Bootstrapping Spring Data JPA repositories in DEFAULT mode.
2025-04-23 16:36:41.086 [main] INFO  o.s.d.r.c.RepositoryConfigurationDelegate - Finished Spring Data repository scanning in 73 ms. Found 21 JPA repository interfaces.
2025-04-23 16:36:41.403 [main] INFO  o.s.b.w.e.tomcat.TomcatWebServer - Tomcat initialized with port 8081 (http)
2025-04-23 16:36:41.458 [main] INFO  o.s.b.w.s.c.ServletWebServerApplicationContext - Root WebApplicationContext: initialization completed in 1000 ms
2025-04-23 16:36:46.520 [main] INFO  o.s.d.j.r.query.QueryEnhancerFactory - Hibernate is in classpath; If applicable, HQL parser will be used.
2025-04-23 16:36:48.152 [main] INFO  c.e.auth.config.WebSocketConfig - 配置WebSocket客户端入站通道拦截器
2025-04-23 16:36:48.153 [main] INFO  c.e.auth.config.WebSocketConfig - WebSocket客户端入站通道拦截器配置完成
2025-04-23 16:36:48.159 [main] INFO  c.e.auth.config.WebSocketConfig - 配置WebSocket消息代理
2025-04-23 16:36:48.159 [main] INFO  c.e.auth.config.WebSocketConfig - WebSocket消息代理配置完成
2025-04-23 16:36:48.337 [main] INFO  c.e.auth.config.WebSocketConfig - 注册WebSocket端点: /ws
2025-04-23 16:36:48.382 [main] WARN  o.s.b.a.o.j.JpaBaseConfiguration$JpaWebConfiguration - spring.jpa.open-in-view is enabled by default. Therefore, database queries may be performed during view rendering. Explicitly configure spring.jpa.open-in-view to disable this warning
2025-04-23 16:36:48.422 [main] INFO  com.example.auth.config.WebConfig - 配置拦截器，验证用户权限
2025-04-23 16:36:48.424 [main] INFO  com.example.auth.config.WebConfig - 配置CORS，允许前端访问
2025-04-23 16:36:48.425 [main] INFO  com.example.auth.config.WebConfig - CORS配置完成，允许所有来源访问
2025-04-23 16:36:48.478 [main] INFO  com.example.auth.config.WebConfig - 配置资源映射: /uploads/** -> file:C:\Users\37602\Desktop\s_m\uploads/
2025-04-23 16:36:48.571 [main] INFO  o.s.b.w.e.tomcat.TomcatWebServer - Tomcat started on port 8081 (http) with context path ''
2025-04-23 16:36:48.573 [main] INFO  o.s.m.s.b.SimpleBrokerMessageHandler - Starting...
2025-04-23 16:36:48.573 [main] INFO  o.s.m.s.b.SimpleBrokerMessageHandler - BrokerAvailabilityEvent[available=true, SimpleBrokerMessageHandler [org.springframework.messaging.simp.broker.DefaultSubscriptionRegistry@52bd4c80]]
2025-04-23 16:36:48.573 [main] INFO  o.s.m.s.b.SimpleBrokerMessageHandler - Started.
2025-04-23 16:36:48.576 [main] INFO  com.example.auth.AuthApplication - Started AuthApplication in 8.538 seconds (process running for 8.915)
2025-04-23 16:36:49.331 [http-nio-8081-exec-1] INFO  o.s.web.servlet.DispatcherServlet - Initializing Servlet 'dispatcherServlet'
2025-04-23 16:36:49.332 [http-nio-8081-exec-1] INFO  o.s.web.servlet.DispatcherServlet - Completed initialization in 1 ms
2025-04-23 16:36:49.404 [http-nio-8081-exec-4] INFO  c.e.auth.config.WebSocketConfig - 收到STOMP CONNECT命令
2025-04-23 16:36:49.405 [http-nio-8081-exec-4] INFO  c.e.auth.config.WebSocketConfig - 从WebSocket连接中提取到JWT Token: eyJhbGciOi...
2025-04-23 16:36:49.465 [http-nio-8081-exec-4] INFO  c.e.auth.config.WebSocketConfig - 从JWT Token提取的用户ID: 4
2025-04-23 16:36:49.465 [http-nio-8081-exec-4] INFO  c.e.auth.config.WebSocketConfig - WebSocket连接成功设置用户ID为Principal: 4
2025-04-23 16:36:49.948 [http-nio-8081-exec-6] INFO  c.e.auth.config.WebSocketConfig - 收到STOMP CONNECT命令
2025-04-23 16:36:49.948 [http-nio-8081-exec-6] INFO  c.e.auth.config.WebSocketConfig - 从WebSocket连接中提取到JWT Token: eyJhbGciOi...
2025-04-23 16:36:49.950 [http-nio-8081-exec-6] INFO  c.e.auth.config.WebSocketConfig - 从JWT Token提取的用户ID: 2
2025-04-23 16:36:49.950 [http-nio-8081-exec-6] INFO  c.e.auth.config.WebSocketConfig - WebSocket连接成功设置用户ID为Principal: 2
2025-04-23 16:36:53.533 [http-nio-8081-exec-10] INFO  c.e.auth.config.WebSocketConfig - 收到STOMP CONNECT命令
2025-04-23 16:36:53.533 [http-nio-8081-exec-10] INFO  c.e.auth.config.WebSocketConfig - 从WebSocket连接中提取到JWT Token: eyJhbGciOi...
2025-04-23 16:36:53.534 [http-nio-8081-exec-10] INFO  c.e.auth.config.WebSocketConfig - 从JWT Token提取的用户ID: 2
2025-04-23 16:36:53.534 [http-nio-8081-exec-10] INFO  c.e.auth.config.WebSocketConfig - WebSocket连接成功设置用户ID为Principal: 2
2025-04-23 16:37:08.680 [http-nio-8081-exec-2] INFO  c.e.auth.config.WebSocketConfig - 收到STOMP CONNECT命令
2025-04-23 16:37:08.680 [http-nio-8081-exec-2] INFO  c.e.auth.config.WebSocketConfig - 从WebSocket连接中提取到JWT Token: eyJhbGciOi...
2025-04-23 16:37:08.681 [http-nio-8081-exec-2] INFO  c.e.auth.config.WebSocketConfig - 从JWT Token提取的用户ID: 2
2025-04-23 16:37:08.681 [http-nio-8081-exec-2] INFO  c.e.auth.config.WebSocketConfig - WebSocket连接成功设置用户ID为Principal: 2
2025-04-23 16:37:12.666 [http-nio-8081-exec-6] INFO  c.e.auth.controller.BillController - 接收到账单生成请求: BillGenerateDTO(feeStandardId=2, studentIds=null, classId=null, dueDate=2025-04-26T16:00)
2025-04-23 16:37:12.766 [http-nio-8081-exec-6] INFO  c.e.a.service.impl.BillServiceImpl - 开始生成账单: BillGenerateDTO(feeStandardId=2, studentIds=null, classId=null, dueDate=2025-04-26T16:00)
2025-04-23 16:37:12.862 [http-nio-8081-exec-6] INFO  c.e.a.service.impl.BillServiceImpl - 已有该费用标准账单的学生数量: 0
2025-04-23 16:37:12.862 [http-nio-8081-exec-6] INFO  c.e.a.service.impl.BillServiceImpl - 为所有学生生成账单 - 开始筛选学生用户
2025-04-23 16:37:12.917 [http-nio-8081-exec-6] INFO  c.e.a.service.impl.BillServiceImpl - 方法1 - 通过角色名称查询到的学生数量: 0
2025-04-23 16:37:12.917 [http-nio-8081-exec-6] INFO  c.e.a.service.impl.BillServiceImpl - 方法1未找到学生，使用方法2: 筛选所有用户
2025-04-23 16:37:13.270 [http-nio-8081-exec-6] INFO  c.e.a.service.impl.BillServiceImpl - 系统中共有用户数量: 6
2025-04-23 16:37:13.271 [http-nio-8081-exec-6] INFO  c.e.a.service.impl.BillServiceImpl - 方法2 - 过滤后学生角色用户数量: 0
2025-04-23 16:37:13.271 [http-nio-8081-exec-6] INFO  c.e.a.service.impl.BillServiceImpl - 方法2未找到学生，使用方法3: 根据学号字段判断
2025-04-23 16:37:13.271 [http-nio-8081-exec-6] INFO  c.e.a.service.impl.BillServiceImpl - 方法3 - 通过学号字段筛选可能是学生的用户数量: 6
2025-04-23 16:37:13.271 [http-nio-8081-exec-6] INFO  c.e.a.service.impl.BillServiceImpl - 使用方法3: 学号字段筛选找到的潜在学生
2025-04-23 16:37:13.271 [http-nio-8081-exec-6] INFO  c.e.a.service.impl.BillServiceImpl - 最终确定的学生ID列表: [1, 2, 3, 4, 5, 6], 总数: 6
2025-04-23 16:37:13.271 [http-nio-8081-exec-6] INFO  c.e.a.service.impl.BillServiceImpl - 处理前的目标学生数量: 6
2025-04-23 16:37:13.271 [http-nio-8081-exec-6] INFO  c.e.a.service.impl.BillServiceImpl - 已有账单的学生ID列表: []
2025-04-23 16:37:13.271 [http-nio-8081-exec-6] INFO  c.e.a.service.impl.BillServiceImpl - 移除已有账单的学生后，剩余学生数量: 6 (移除了0个)
2025-04-23 16:37:13.271 [http-nio-8081-exec-6] INFO  c.e.a.service.impl.BillServiceImpl - 需要生成账单的学生ID列表: [1, 2, 3, 4, 5, 6]
2025-04-23 16:37:13.272 [http-nio-8081-exec-6] INFO  c.e.a.service.impl.BillServiceImpl - 准备保存 6 个账单
2025-04-23 16:37:13.579 [http-nio-8081-exec-6] INFO  c.e.a.service.impl.BillServiceImpl - 成功保存 6 个账单
2025-04-23 16:37:13.685 [http-nio-8081-exec-6] INFO  c.e.auth.controller.BillController - 成功生成账单数量: 6
2025-04-23 16:37:48.557 [MessageBroker-9] INFO  o.s.w.s.c.WebSocketMessageBrokerStats - WebSocketSession[3 current WS(3)-HttpStream(0)-HttpPoll(0), 4 total, 0 closed abnormally (0 connect failure, 0 send limit, 0 transport error)], stompSubProtocol[processed CONNECT(4)-CONNECTED(4)-DISCONNECT(0)], stompBrokerRelay[null], inboundChannel[pool size = 28, active threads = 0, queued tasks = 0, completed tasks = 51], outboundChannel[pool size = 5, active threads = 0, queued tasks = 0, completed tasks = 5], sockJsScheduler[pool size = 14, active threads = 1, queued tasks = 4, completed tasks = 17]
2025-04-23 16:38:00.606 [http-nio-8081-exec-6] INFO  c.e.auth.config.WebSocketConfig - 收到STOMP CONNECT命令
2025-04-23 16:38:00.606 [http-nio-8081-exec-6] INFO  c.e.auth.config.WebSocketConfig - 从WebSocket连接中提取到JWT Token: eyJhbGciOi...
2025-04-23 16:38:00.607 [http-nio-8081-exec-6] INFO  c.e.auth.config.WebSocketConfig - 从JWT Token提取的用户ID: 4
2025-04-23 16:38:00.607 [http-nio-8081-exec-6] INFO  c.e.auth.config.WebSocketConfig - WebSocket连接成功设置用户ID为Principal: 4
2025-04-23 16:39:52.510 [SpringApplicationShutdownHook] INFO  o.s.m.s.b.SimpleBrokerMessageHandler - Stopping...
2025-04-23 16:39:52.512 [SpringApplicationShutdownHook] INFO  o.s.m.s.b.SimpleBrokerMessageHandler - BrokerAvailabilityEvent[available=false, SimpleBrokerMessageHandler [org.springframework.messaging.simp.broker.DefaultSubscriptionRegistry@52bd4c80]]
2025-04-23 16:39:52.512 [SpringApplicationShutdownHook] INFO  o.s.m.s.b.SimpleBrokerMessageHandler - Stopped.
2025-04-23 16:39:56.979 [main] INFO  com.example.auth.AuthApplication - Starting AuthApplication using Java 17.0.12 with PID 46588 (C:\Users\37602\Desktop\s_m\Manage_supervision\backend\target\classes started by 37602 in C:\Users\37602\Desktop\s_m)
2025-04-23 16:39:56.981 [main] INFO  com.example.auth.AuthApplication - No active profile set, falling back to 1 default profile: "default"
2025-04-23 16:39:57.493 [main] INFO  o.s.d.r.c.RepositoryConfigurationDelegate - Bootstrapping Spring Data JPA repositories in DEFAULT mode.
2025-04-23 16:39:57.576 [main] INFO  o.s.d.r.c.RepositoryConfigurationDelegate - Finished Spring Data repository scanning in 79 ms. Found 21 JPA repository interfaces.
2025-04-23 16:39:57.889 [main] INFO  o.s.b.w.e.tomcat.TomcatWebServer - Tomcat initialized with port 8081 (http)
2025-04-23 16:39:57.939 [main] INFO  o.s.b.w.s.c.ServletWebServerApplicationContext - Root WebApplicationContext: initialization completed in 930 ms
2025-04-23 16:40:04.058 [main] INFO  o.s.d.j.r.query.QueryEnhancerFactory - Hibernate is in classpath; If applicable, HQL parser will be used.
2025-04-23 16:40:05.691 [main] INFO  c.e.auth.config.WebSocketConfig - 配置WebSocket客户端入站通道拦截器
2025-04-23 16:40:05.692 [main] INFO  c.e.auth.config.WebSocketConfig - WebSocket客户端入站通道拦截器配置完成
2025-04-23 16:40:05.697 [main] INFO  c.e.auth.config.WebSocketConfig - 配置WebSocket消息代理
2025-04-23 16:40:05.698 [main] INFO  c.e.auth.config.WebSocketConfig - WebSocket消息代理配置完成
2025-04-23 16:40:05.905 [main] INFO  c.e.auth.config.WebSocketConfig - 注册WebSocket端点: /ws
2025-04-23 16:40:05.947 [main] WARN  o.s.b.a.o.j.JpaBaseConfiguration$JpaWebConfiguration - spring.jpa.open-in-view is enabled by default. Therefore, database queries may be performed during view rendering. Explicitly configure spring.jpa.open-in-view to disable this warning
2025-04-23 16:40:05.994 [main] INFO  com.example.auth.config.WebConfig - 配置拦截器，验证用户权限
2025-04-23 16:40:05.996 [main] INFO  com.example.auth.config.WebConfig - 配置CORS，允许前端访问
2025-04-23 16:40:05.998 [main] INFO  com.example.auth.config.WebConfig - CORS配置完成，允许所有来源访问
2025-04-23 16:40:06.058 [main] INFO  com.example.auth.config.WebConfig - 配置资源映射: /uploads/** -> file:C:\Users\37602\Desktop\s_m\uploads/
2025-04-23 16:40:06.170 [main] INFO  o.s.b.w.e.tomcat.TomcatWebServer - Tomcat started on port 8081 (http) with context path ''
2025-04-23 16:40:06.172 [main] INFO  o.s.m.s.b.SimpleBrokerMessageHandler - Starting...
2025-04-23 16:40:06.172 [main] INFO  o.s.m.s.b.SimpleBrokerMessageHandler - BrokerAvailabilityEvent[available=true, SimpleBrokerMessageHandler [org.springframework.messaging.simp.broker.DefaultSubscriptionRegistry@4ae48059]]
2025-04-23 16:40:06.172 [main] INFO  o.s.m.s.b.SimpleBrokerMessageHandler - Started.
2025-04-23 16:40:06.176 [main] INFO  com.example.auth.AuthApplication - Started AuthApplication in 9.531 seconds (process running for 9.916)
2025-04-23 16:40:06.641 [http-nio-8081-exec-1] INFO  o.s.web.servlet.DispatcherServlet - Initializing Servlet 'dispatcherServlet'
2025-04-23 16:40:06.642 [http-nio-8081-exec-1] INFO  o.s.web.servlet.DispatcherServlet - Completed initialization in 1 ms
2025-04-23 16:40:07.606 [http-nio-8081-exec-1] INFO  c.e.auth.config.WebSocketConfig - 收到STOMP CONNECT命令
2025-04-23 16:40:07.607 [http-nio-8081-exec-1] INFO  c.e.auth.config.WebSocketConfig - 从WebSocket连接中提取到JWT Token: eyJhbGciOi...
2025-04-23 16:40:07.607 [http-nio-8081-exec-1] INFO  c.e.auth.config.WebSocketConfig - 从JWT Token提取的用户ID: 4
2025-04-23 16:40:07.608 [http-nio-8081-exec-1] INFO  c.e.auth.config.WebSocketConfig - WebSocket连接成功设置用户ID为Principal: 4
2025-04-23 16:40:07.741 [http-nio-8081-exec-5] INFO  c.e.auth.config.WebSocketConfig - 收到STOMP CONNECT命令
2025-04-23 16:40:07.741 [http-nio-8081-exec-5] INFO  c.e.auth.config.WebSocketConfig - 从WebSocket连接中提取到JWT Token: eyJhbGciOi...
2025-04-23 16:40:07.742 [http-nio-8081-exec-5] INFO  c.e.auth.config.WebSocketConfig - 从JWT Token提取的用户ID: 2
2025-04-23 16:40:07.742 [http-nio-8081-exec-5] INFO  c.e.auth.config.WebSocketConfig - WebSocket连接成功设置用户ID为Principal: 2
2025-04-23 16:40:10.545 [http-nio-8081-exec-2] INFO  c.e.auth.config.WebSocketConfig - 收到STOMP CONNECT命令
2025-04-23 16:40:10.545 [http-nio-8081-exec-2] INFO  c.e.auth.config.WebSocketConfig - 从WebSocket连接中提取到JWT Token: eyJhbGciOi...
2025-04-23 16:40:10.546 [http-nio-8081-exec-2] INFO  c.e.auth.config.WebSocketConfig - 从JWT Token提取的用户ID: 2
2025-04-23 16:40:10.546 [http-nio-8081-exec-2] INFO  c.e.auth.config.WebSocketConfig - WebSocket连接成功设置用户ID为Principal: 2
2025-04-23 16:40:12.522 [http-nio-8081-exec-1] INFO  c.e.auth.controller.BillController - 接收到账单生成请求: BillGenerateDTO(feeStandardId=1, studentIds=null, classId=null, dueDate=2025-04-27T16:00)
2025-04-23 16:40:12.698 [http-nio-8081-exec-1] INFO  c.e.a.service.impl.BillServiceImpl - 开始生成账单: BillGenerateDTO(feeStandardId=1, studentIds=null, classId=null, dueDate=2025-04-27T16:00)
2025-04-23 16:40:12.798 [http-nio-8081-exec-1] INFO  c.e.a.service.impl.BillServiceImpl - 已有该费用标准账单的学生数量: 0
2025-04-23 16:40:12.798 [http-nio-8081-exec-1] INFO  c.e.a.service.impl.BillServiceImpl - 为所有学生生成账单 - 开始筛选学生用户
2025-04-23 16:40:12.853 [http-nio-8081-exec-1] INFO  c.e.a.service.impl.BillServiceImpl - 使用纯学生查询方法获取到学生用户数量: 0
2025-04-23 16:40:12.853 [http-nio-8081-exec-1] WARN  c.e.a.service.impl.BillServiceImpl - 纯学生查询未返回结果，尝试备用方法
2025-04-23 16:40:12.901 [http-nio-8081-exec-1] INFO  c.e.a.service.impl.BillServiceImpl - 方法1 - 通过角色名称查询到的学生数量: 0
2025-04-23 16:40:12.902 [http-nio-8081-exec-1] INFO  c.e.a.service.impl.BillServiceImpl - 过滤掉管理员和教师角色后的学生数量: 0
2025-04-23 16:40:12.902 [http-nio-8081-exec-1] WARN  c.e.a.service.impl.BillServiceImpl - 备用方法也未找到纯学生用户
2025-04-23 16:40:12.902 [http-nio-8081-exec-1] WARN  c.e.a.service.impl.BillServiceImpl - 系统中未找到任何纯学生用户
2025-04-23 16:40:12.996 [http-nio-8081-exec-1] INFO  c.e.auth.controller.BillController - 成功生成账单数量: 0
2025-04-23 16:40:15.440 [http-nio-8081-exec-8] INFO  c.e.auth.controller.BillController - 接收到账单生成请求: BillGenerateDTO(feeStandardId=1, studentIds=null, classId=null, dueDate=2025-04-27T16:00)
2025-04-23 16:40:15.537 [http-nio-8081-exec-8] INFO  c.e.a.service.impl.BillServiceImpl - 开始生成账单: BillGenerateDTO(feeStandardId=1, studentIds=null, classId=null, dueDate=2025-04-27T16:00)
2025-04-23 16:40:15.634 [http-nio-8081-exec-8] INFO  c.e.a.service.impl.BillServiceImpl - 已有该费用标准账单的学生数量: 0
2025-04-23 16:40:15.634 [http-nio-8081-exec-8] INFO  c.e.a.service.impl.BillServiceImpl - 为所有学生生成账单 - 开始筛选学生用户
2025-04-23 16:40:15.687 [http-nio-8081-exec-8] INFO  c.e.a.service.impl.BillServiceImpl - 使用纯学生查询方法获取到学生用户数量: 0
2025-04-23 16:40:15.687 [http-nio-8081-exec-8] WARN  c.e.a.service.impl.BillServiceImpl - 纯学生查询未返回结果，尝试备用方法
2025-04-23 16:40:15.736 [http-nio-8081-exec-8] INFO  c.e.a.service.impl.BillServiceImpl - 方法1 - 通过角色名称查询到的学生数量: 0
2025-04-23 16:40:15.736 [http-nio-8081-exec-8] INFO  c.e.a.service.impl.BillServiceImpl - 过滤掉管理员和教师角色后的学生数量: 0
2025-04-23 16:40:15.736 [http-nio-8081-exec-8] WARN  c.e.a.service.impl.BillServiceImpl - 备用方法也未找到纯学生用户
2025-04-23 16:40:15.737 [http-nio-8081-exec-8] WARN  c.e.a.service.impl.BillServiceImpl - 系统中未找到任何纯学生用户
2025-04-23 16:40:15.839 [http-nio-8081-exec-8] INFO  c.e.auth.controller.BillController - 成功生成账单数量: 0
2025-04-23 16:40:18.266 [http-nio-8081-exec-1] INFO  c.e.auth.config.WebSocketConfig - 收到STOMP CONNECT命令
2025-04-23 16:40:18.266 [http-nio-8081-exec-1] INFO  c.e.auth.config.WebSocketConfig - 从WebSocket连接中提取到JWT Token: eyJhbGciOi...
2025-04-23 16:40:18.267 [http-nio-8081-exec-1] INFO  c.e.auth.config.WebSocketConfig - 从JWT Token提取的用户ID: 4
2025-04-23 16:40:18.267 [http-nio-8081-exec-1] INFO  c.e.auth.config.WebSocketConfig - WebSocket连接成功设置用户ID为Principal: 4
2025-04-23 16:40:19.139 [http-nio-8081-exec-5] INFO  c.e.auth.controller.BillController - 接收到账单生成请求: BillGenerateDTO(feeStandardId=1, studentIds=null, classId=null, dueDate=2025-04-27T16:00)
2025-04-23 16:40:19.233 [http-nio-8081-exec-5] INFO  c.e.a.service.impl.BillServiceImpl - 开始生成账单: BillGenerateDTO(feeStandardId=1, studentIds=null, classId=null, dueDate=2025-04-27T16:00)
2025-04-23 16:40:19.331 [http-nio-8081-exec-5] INFO  c.e.a.service.impl.BillServiceImpl - 已有该费用标准账单的学生数量: 0
2025-04-23 16:40:19.331 [http-nio-8081-exec-5] INFO  c.e.a.service.impl.BillServiceImpl - 为所有学生生成账单 - 开始筛选学生用户
2025-04-23 16:40:19.383 [http-nio-8081-exec-5] INFO  c.e.a.service.impl.BillServiceImpl - 使用纯学生查询方法获取到学生用户数量: 0
2025-04-23 16:40:19.383 [http-nio-8081-exec-5] WARN  c.e.a.service.impl.BillServiceImpl - 纯学生查询未返回结果，尝试备用方法
2025-04-23 16:40:19.433 [http-nio-8081-exec-5] INFO  c.e.a.service.impl.BillServiceImpl - 方法1 - 通过角色名称查询到的学生数量: 0
2025-04-23 16:40:19.433 [http-nio-8081-exec-5] INFO  c.e.a.service.impl.BillServiceImpl - 过滤掉管理员和教师角色后的学生数量: 0
2025-04-23 16:40:19.435 [http-nio-8081-exec-5] WARN  c.e.a.service.impl.BillServiceImpl - 备用方法也未找到纯学生用户
2025-04-23 16:40:19.435 [http-nio-8081-exec-5] WARN  c.e.a.service.impl.BillServiceImpl - 系统中未找到任何纯学生用户
2025-04-23 16:40:19.528 [http-nio-8081-exec-5] INFO  c.e.auth.controller.BillController - 成功生成账单数量: 0
2025-04-23 16:40:29.203 [http-nio-8081-exec-2] INFO  c.e.auth.controller.BillController - 接收到账单生成请求: BillGenerateDTO(feeStandardId=1, studentIds=null, classId=null, dueDate=2025-03-31T16:00)
2025-04-23 16:40:29.336 [http-nio-8081-exec-2] INFO  c.e.a.service.impl.BillServiceImpl - 开始生成账单: BillGenerateDTO(feeStandardId=1, studentIds=null, classId=null, dueDate=2025-03-31T16:00)
2025-04-23 16:40:29.432 [http-nio-8081-exec-2] INFO  c.e.a.service.impl.BillServiceImpl - 已有该费用标准账单的学生数量: 0
2025-04-23 16:40:29.432 [http-nio-8081-exec-2] INFO  c.e.a.service.impl.BillServiceImpl - 为所有学生生成账单 - 开始筛选学生用户
2025-04-23 16:40:29.488 [http-nio-8081-exec-2] INFO  c.e.a.service.impl.BillServiceImpl - 使用纯学生查询方法获取到学生用户数量: 0
2025-04-23 16:40:29.489 [http-nio-8081-exec-2] WARN  c.e.a.service.impl.BillServiceImpl - 纯学生查询未返回结果，尝试备用方法
2025-04-23 16:40:29.540 [http-nio-8081-exec-2] INFO  c.e.a.service.impl.BillServiceImpl - 方法1 - 通过角色名称查询到的学生数量: 0
2025-04-23 16:40:29.540 [http-nio-8081-exec-2] INFO  c.e.a.service.impl.BillServiceImpl - 过滤掉管理员和教师角色后的学生数量: 0
2025-04-23 16:40:29.540 [http-nio-8081-exec-2] WARN  c.e.a.service.impl.BillServiceImpl - 备用方法也未找到纯学生用户
2025-04-23 16:40:29.540 [http-nio-8081-exec-2] WARN  c.e.a.service.impl.BillServiceImpl - 系统中未找到任何纯学生用户
2025-04-23 16:40:29.638 [http-nio-8081-exec-2] INFO  c.e.auth.controller.BillController - 成功生成账单数量: 0
2025-04-23 16:40:31.995 [SpringApplicationShutdownHook] INFO  o.s.m.s.b.SimpleBrokerMessageHandler - Stopping...
2025-04-23 16:40:31.995 [SpringApplicationShutdownHook] INFO  o.s.m.s.b.SimpleBrokerMessageHandler - BrokerAvailabilityEvent[available=false, SimpleBrokerMessageHandler [org.springframework.messaging.simp.broker.DefaultSubscriptionRegistry@4ae48059]]
2025-04-23 16:40:31.995 [SpringApplicationShutdownHook] INFO  o.s.m.s.b.SimpleBrokerMessageHandler - Stopped.
2025-04-23 16:40:35.700 [main] INFO  com.example.auth.AuthApplication - Starting AuthApplication using Java 17.0.12 with PID 48796 (C:\Users\37602\Desktop\s_m\Manage_supervision\backend\target\classes started by 37602 in C:\Users\37602\Desktop\s_m)
2025-04-23 16:40:35.702 [main] INFO  com.example.auth.AuthApplication - No active profile set, falling back to 1 default profile: "default"
2025-04-23 16:40:36.153 [main] INFO  o.s.d.r.c.RepositoryConfigurationDelegate - Bootstrapping Spring Data JPA repositories in DEFAULT mode.
2025-04-23 16:40:36.242 [main] INFO  o.s.d.r.c.RepositoryConfigurationDelegate - Finished Spring Data repository scanning in 84 ms. Found 21 JPA repository interfaces.
2025-04-23 16:40:36.575 [main] INFO  o.s.b.w.e.tomcat.TomcatWebServer - Tomcat initialized with port 8081 (http)
2025-04-23 16:40:36.626 [main] INFO  o.s.b.w.s.c.ServletWebServerApplicationContext - Root WebApplicationContext: initialization completed in 895 ms
2025-04-23 16:40:41.682 [main] INFO  o.s.d.j.r.query.QueryEnhancerFactory - Hibernate is in classpath; If applicable, HQL parser will be used.
2025-04-23 16:40:43.256 [main] INFO  c.e.auth.config.WebSocketConfig - 配置WebSocket客户端入站通道拦截器
2025-04-23 16:40:43.257 [main] INFO  c.e.auth.config.WebSocketConfig - WebSocket客户端入站通道拦截器配置完成
2025-04-23 16:40:43.263 [main] INFO  c.e.auth.config.WebSocketConfig - 配置WebSocket消息代理
2025-04-23 16:40:43.264 [main] INFO  c.e.auth.config.WebSocketConfig - WebSocket消息代理配置完成
2025-04-23 16:40:43.453 [main] INFO  c.e.auth.config.WebSocketConfig - 注册WebSocket端点: /ws
2025-04-23 16:40:43.496 [main] WARN  o.s.b.a.o.j.JpaBaseConfiguration$JpaWebConfiguration - spring.jpa.open-in-view is enabled by default. Therefore, database queries may be performed during view rendering. Explicitly configure spring.jpa.open-in-view to disable this warning
2025-04-23 16:40:43.534 [main] INFO  com.example.auth.config.WebConfig - 配置拦截器，验证用户权限
2025-04-23 16:40:43.536 [main] INFO  com.example.auth.config.WebConfig - 配置CORS，允许前端访问
2025-04-23 16:40:43.537 [main] INFO  com.example.auth.config.WebConfig - CORS配置完成，允许所有来源访问
2025-04-23 16:40:43.587 [main] INFO  com.example.auth.config.WebConfig - 配置资源映射: /uploads/** -> file:C:\Users\37602\Desktop\s_m\uploads/
2025-04-23 16:40:43.681 [main] INFO  o.s.b.w.e.tomcat.TomcatWebServer - Tomcat started on port 8081 (http) with context path ''
2025-04-23 16:40:43.684 [main] INFO  o.s.m.s.b.SimpleBrokerMessageHandler - Starting...
2025-04-23 16:40:43.684 [main] INFO  o.s.m.s.b.SimpleBrokerMessageHandler - BrokerAvailabilityEvent[available=true, SimpleBrokerMessageHandler [org.springframework.messaging.simp.broker.DefaultSubscriptionRegistry@7e236f5f]]
2025-04-23 16:40:43.684 [main] INFO  o.s.m.s.b.SimpleBrokerMessageHandler - Started.
2025-04-23 16:40:43.687 [main] INFO  com.example.auth.AuthApplication - Started AuthApplication in 8.328 seconds (process running for 8.728)
2025-04-23 16:40:45.102 [http-nio-8081-exec-2] INFO  o.s.web.servlet.DispatcherServlet - Initializing Servlet 'dispatcherServlet'
2025-04-23 16:40:45.103 [http-nio-8081-exec-2] INFO  o.s.web.servlet.DispatcherServlet - Completed initialization in 1 ms
2025-04-23 16:40:45.188 [http-nio-8081-exec-2] INFO  c.e.auth.controller.BillController - 接收到账单生成请求: BillGenerateDTO(feeStandardId=1, studentIds=null, classId=null, dueDate=2025-03-31T16:00)
2025-04-23 16:40:45.309 [http-nio-8081-exec-2] INFO  c.e.a.service.impl.BillServiceImpl - 开始生成账单: BillGenerateDTO(feeStandardId=1, studentIds=null, classId=null, dueDate=2025-03-31T16:00)
2025-04-23 16:40:45.443 [http-nio-8081-exec-2] INFO  c.e.a.service.impl.BillServiceImpl - 已有该费用标准账单的学生数量: 0
2025-04-23 16:40:45.444 [http-nio-8081-exec-2] INFO  c.e.a.service.impl.BillServiceImpl - 为所有学生生成账单 - 开始筛选学生用户
2025-04-23 16:40:45.507 [http-nio-8081-exec-2] INFO  c.e.a.service.impl.BillServiceImpl - 方法1 - 通过角色名称查询到的学生数量: 0
2025-04-23 16:40:45.507 [http-nio-8081-exec-2] INFO  c.e.a.service.impl.BillServiceImpl - 方法1未找到学生，使用方法2: 筛选所有用户
2025-04-23 16:40:45.914 [http-nio-8081-exec-2] INFO  c.e.a.service.impl.BillServiceImpl - 系统中共有用户数量: 6
2025-04-23 16:40:45.915 [http-nio-8081-exec-2] INFO  c.e.a.service.impl.BillServiceImpl - 方法2 - 过滤后学生角色用户数量: 0
2025-04-23 16:40:45.915 [http-nio-8081-exec-2] INFO  c.e.a.service.impl.BillServiceImpl - 方法2未找到学生，使用方法3: 根据学号字段判断
2025-04-23 16:40:45.916 [http-nio-8081-exec-2] INFO  c.e.a.service.impl.BillServiceImpl - 方法3 - 通过学号字段筛选可能是学生的用户数量: 6
2025-04-23 16:40:45.916 [http-nio-8081-exec-2] INFO  c.e.a.service.impl.BillServiceImpl - 使用方法3: 学号字段筛选找到的潜在学生
2025-04-23 16:40:45.916 [http-nio-8081-exec-2] INFO  c.e.a.service.impl.BillServiceImpl - 最终确定的学生ID列表: [1, 2, 3, 4, 5, 6], 总数: 6
2025-04-23 16:40:45.916 [http-nio-8081-exec-2] INFO  c.e.a.service.impl.BillServiceImpl - 处理前的目标学生数量: 6
2025-04-23 16:40:45.916 [http-nio-8081-exec-2] INFO  c.e.a.service.impl.BillServiceImpl - 已有账单的学生ID列表: []
2025-04-23 16:40:45.916 [http-nio-8081-exec-2] INFO  c.e.a.service.impl.BillServiceImpl - 移除已有账单的学生后，剩余学生数量: 6 (移除了0个)
2025-04-23 16:40:45.916 [http-nio-8081-exec-2] INFO  c.e.a.service.impl.BillServiceImpl - 需要生成账单的学生ID列表: [1, 2, 3, 4, 5, 6]
2025-04-23 16:40:45.918 [http-nio-8081-exec-2] INFO  c.e.a.service.impl.BillServiceImpl - 准备保存 6 个账单
2025-04-23 16:40:46.238 [http-nio-8081-exec-2] INFO  c.e.a.service.impl.BillServiceImpl - 成功保存 6 个账单
2025-04-23 16:40:46.346 [http-nio-8081-exec-2] INFO  c.e.auth.controller.BillController - 成功生成账单数量: 6
2025-04-23 16:40:47.088 [http-nio-8081-exec-5] INFO  c.e.auth.config.WebSocketConfig - 收到STOMP CONNECT命令
2025-04-23 16:40:47.088 [http-nio-8081-exec-5] INFO  c.e.auth.config.WebSocketConfig - 从WebSocket连接中提取到JWT Token: eyJhbGciOi...
2025-04-23 16:40:47.149 [http-nio-8081-exec-5] INFO  c.e.auth.config.WebSocketConfig - 从JWT Token提取的用户ID: 4
2025-04-23 16:40:47.149 [http-nio-8081-exec-5] INFO  c.e.auth.config.WebSocketConfig - WebSocket连接成功设置用户ID为Principal: 4
2025-04-23 16:40:47.350 [http-nio-8081-exec-8] INFO  c.e.auth.config.WebSocketConfig - 收到STOMP CONNECT命令
2025-04-23 16:40:47.350 [http-nio-8081-exec-8] INFO  c.e.auth.config.WebSocketConfig - 从WebSocket连接中提取到JWT Token: eyJhbGciOi...
2025-04-23 16:40:47.351 [http-nio-8081-exec-8] INFO  c.e.auth.config.WebSocketConfig - 从JWT Token提取的用户ID: 2
2025-04-23 16:40:47.351 [http-nio-8081-exec-8] INFO  c.e.auth.config.WebSocketConfig - WebSocket连接成功设置用户ID为Principal: 2
2025-04-23 16:40:49.850 [http-nio-8081-exec-3] INFO  c.e.auth.config.WebSocketConfig - 收到STOMP CONNECT命令
2025-04-23 16:40:49.850 [http-nio-8081-exec-3] INFO  c.e.auth.config.WebSocketConfig - 从WebSocket连接中提取到JWT Token: eyJhbGciOi...
2025-04-23 16:40:49.851 [http-nio-8081-exec-3] INFO  c.e.auth.config.WebSocketConfig - 从JWT Token提取的用户ID: 2
2025-04-23 16:40:49.852 [http-nio-8081-exec-3] INFO  c.e.auth.config.WebSocketConfig - WebSocket连接成功设置用户ID为Principal: 2
2025-04-23 16:41:43.674 [MessageBroker-2] INFO  o.s.w.s.c.WebSocketMessageBrokerStats - WebSocketSession[3 current WS(3)-HttpStream(0)-HttpPoll(0), 3 total, 0 closed abnormally (0 connect failure, 0 send limit, 0 transport error)], stompSubProtocol[processed CONNECT(3)-CONNECTED(3)-DISCONNECT(0)], stompBrokerRelay[null], inboundChannel[pool size = 28, active threads = 0, queued tasks = 0, completed tasks = 36], outboundChannel[pool size = 3, active threads = 0, queued tasks = 0, completed tasks = 3], sockJsScheduler[pool size = 14, active threads = 1, queued tasks = 4, completed tasks = 18]
2025-04-23 16:44:57.641 [http-nio-8081-exec-3] INFO  c.e.a.c.SupervisorController - Supervisor requested all students list
2025-04-23 16:44:57.641 [http-nio-8081-exec-3] INFO  c.e.a.service.impl.UserServiceImpl - 获取所有学生列表
2025-04-23 16:45:56.377 [http-nio-8081-exec-2] INFO  c.e.auth.config.WebSocketConfig - 收到STOMP CONNECT命令
2025-04-23 16:45:56.377 [http-nio-8081-exec-2] INFO  c.e.auth.config.WebSocketConfig - 从WebSocket连接中提取到JWT Token: eyJhbGciOi...
2025-04-23 16:45:56.378 [http-nio-8081-exec-2] INFO  c.e.auth.config.WebSocketConfig - 从JWT Token提取的用户ID: 4
2025-04-23 16:45:56.378 [http-nio-8081-exec-2] INFO  c.e.auth.config.WebSocketConfig - WebSocket连接成功设置用户ID为Principal: 4
2025-04-23 16:45:56.512 [http-nio-8081-exec-4] INFO  c.e.auth.config.WebSocketConfig - 收到STOMP CONNECT命令
2025-04-23 16:45:56.512 [http-nio-8081-exec-4] INFO  c.e.auth.config.WebSocketConfig - 从WebSocket连接中提取到JWT Token: eyJhbGciOi...
2025-04-23 16:45:56.513 [http-nio-8081-exec-4] INFO  c.e.auth.config.WebSocketConfig - 从JWT Token提取的用户ID: 2
2025-04-23 16:45:56.513 [http-nio-8081-exec-4] INFO  c.e.auth.config.WebSocketConfig - WebSocket连接成功设置用户ID为Principal: 2
2025-04-23 16:47:05.762 [http-nio-8081-exec-2] WARN  o.s.w.s.m.s.DefaultHandlerExceptionResolver - Resolved [org.springframework.web.multipart.MaxUploadSizeExceededException: Maximum upload size exceeded]
2025-04-23 16:47:05.763 [http-nio-8081-exec-2] WARN  o.s.w.s.m.s.DefaultHandlerExceptionResolver - Resolved [org.springframework.web.multipart.MaxUploadSizeExceededException: Maximum upload size exceeded]
2025-04-23 16:47:29.802 [http-nio-8081-exec-1] INFO  c.e.a.controller.ChatFileController - 已创建聊天文件目录: uploads/chat_files
2025-04-23 16:47:29.806 [http-nio-8081-exec-1] INFO  c.e.a.controller.ChatFileController - 文件已保存: uploads\chat_files\6c54fc9c-5bd2-494d-b3bb-f62020dca2fc.png
2025-04-23 16:47:29.806 [http-nio-8081-exec-1] INFO  c.e.a.controller.ChatFileController - 文件上传成功 - 用户: 333, 文件: PixPin_2025-03-30_15-19-00 (2).png, URL: /uploads/chat_files/6c54fc9c-5bd2-494d-b3bb-f62020dca2fc.png
2025-04-23 16:48:06.284 [SpringApplicationShutdownHook] INFO  o.s.m.s.b.SimpleBrokerMessageHandler - Stopping...
2025-04-23 16:48:06.284 [SpringApplicationShutdownHook] INFO  o.s.m.s.b.SimpleBrokerMessageHandler - BrokerAvailabilityEvent[available=false, SimpleBrokerMessageHandler [org.springframework.messaging.simp.broker.DefaultSubscriptionRegistry@7e236f5f]]
2025-04-23 16:48:06.284 [SpringApplicationShutdownHook] INFO  o.s.m.s.b.SimpleBrokerMessageHandler - Stopped.
2025-04-23 16:48:10.826 [main] INFO  com.example.auth.AuthApplication - Starting AuthApplication using Java 17.0.12 with PID 43564 (C:\Users\37602\Desktop\s_m\Manage_supervision\backend\target\classes started by 37602 in C:\Users\37602\Desktop\s_m)
2025-04-23 16:48:10.828 [main] INFO  com.example.auth.AuthApplication - No active profile set, falling back to 1 default profile: "default"
2025-04-23 16:48:11.329 [main] INFO  o.s.d.r.c.RepositoryConfigurationDelegate - Bootstrapping Spring Data JPA repositories in DEFAULT mode.
2025-04-23 16:48:11.411 [main] INFO  o.s.d.r.c.RepositoryConfigurationDelegate - Finished Spring Data repository scanning in 77 ms. Found 21 JPA repository interfaces.
2025-04-23 16:48:11.748 [main] INFO  o.s.b.w.e.tomcat.TomcatWebServer - Tomcat initialized with port 8081 (http)
2025-04-23 16:48:11.805 [main] INFO  o.s.b.w.s.c.ServletWebServerApplicationContext - Root WebApplicationContext: initialization completed in 948 ms
2025-04-23 16:48:16.887 [main] INFO  o.s.d.j.r.query.QueryEnhancerFactory - Hibernate is in classpath; If applicable, HQL parser will be used.
2025-04-23 16:48:18.646 [main] INFO  c.e.auth.config.WebSocketConfig - 配置WebSocket客户端入站通道拦截器
2025-04-23 16:48:18.648 [main] INFO  c.e.auth.config.WebSocketConfig - WebSocket客户端入站通道拦截器配置完成
2025-04-23 16:48:18.654 [main] INFO  c.e.auth.config.WebSocketConfig - 配置WebSocket消息代理
2025-04-23 16:48:18.654 [main] INFO  c.e.auth.config.WebSocketConfig - WebSocket消息代理配置完成
2025-04-23 16:48:18.982 [main] INFO  c.e.auth.config.WebSocketConfig - 注册WebSocket端点: /ws
2025-04-23 16:48:19.058 [main] WARN  o.s.b.a.o.j.JpaBaseConfiguration$JpaWebConfiguration - spring.jpa.open-in-view is enabled by default. Therefore, database queries may be performed during view rendering. Explicitly configure spring.jpa.open-in-view to disable this warning
2025-04-23 16:48:19.128 [main] INFO  com.example.auth.config.WebConfig - 配置拦截器，验证用户权限
2025-04-23 16:48:19.131 [main] INFO  com.example.auth.config.WebConfig - 配置CORS，允许前端访问
2025-04-23 16:48:19.132 [main] INFO  com.example.auth.config.WebConfig - CORS配置完成，允许所有来源访问
2025-04-23 16:48:19.225 [main] INFO  com.example.auth.config.WebConfig - 配置资源映射: /uploads/** -> file:C:\Users\37602\Desktop\s_m\uploads/
2025-04-23 16:48:19.385 [main] INFO  o.s.b.w.e.tomcat.TomcatWebServer - Tomcat started on port 8081 (http) with context path ''
2025-04-23 16:48:19.387 [main] INFO  o.s.m.s.b.SimpleBrokerMessageHandler - Starting...
2025-04-23 16:48:19.387 [main] INFO  o.s.m.s.b.SimpleBrokerMessageHandler - BrokerAvailabilityEvent[available=true, SimpleBrokerMessageHandler [org.springframework.messaging.simp.broker.DefaultSubscriptionRegistry@e9b3a77]]
2025-04-23 16:48:19.388 [main] INFO  o.s.m.s.b.SimpleBrokerMessageHandler - Started.
2025-04-23 16:48:19.391 [main] INFO  com.example.auth.AuthApplication - Started AuthApplication in 8.921 seconds (process running for 9.322)
2025-04-23 16:48:21.399 [http-nio-8081-exec-1] INFO  o.s.web.servlet.DispatcherServlet - Initializing Servlet 'dispatcherServlet'
2025-04-23 16:48:21.399 [http-nio-8081-exec-1] INFO  o.s.web.servlet.DispatcherServlet - Completed initialization in 0 ms
2025-04-23 16:48:21.492 [http-nio-8081-exec-2] INFO  c.e.auth.config.WebSocketConfig - 收到STOMP CONNECT命令
2025-04-23 16:48:21.493 [http-nio-8081-exec-2] INFO  c.e.auth.config.WebSocketConfig - 从WebSocket连接中提取到JWT Token: eyJhbGciOi...
2025-04-23 16:48:21.573 [http-nio-8081-exec-2] INFO  c.e.auth.config.WebSocketConfig - 从JWT Token提取的用户ID: 4
2025-04-23 16:48:21.573 [http-nio-8081-exec-2] INFO  c.e.auth.config.WebSocketConfig - WebSocket连接成功设置用户ID为Principal: 4
2025-04-23 16:48:21.937 [http-nio-8081-exec-6] INFO  c.e.auth.config.WebSocketConfig - 收到STOMP CONNECT命令
2025-04-23 16:48:21.937 [http-nio-8081-exec-6] INFO  c.e.auth.config.WebSocketConfig - 从WebSocket连接中提取到JWT Token: eyJhbGciOi...
2025-04-23 16:48:21.938 [http-nio-8081-exec-6] INFO  c.e.auth.config.WebSocketConfig - 从JWT Token提取的用户ID: 2
2025-04-23 16:48:21.938 [http-nio-8081-exec-6] INFO  c.e.auth.config.WebSocketConfig - WebSocket连接成功设置用户ID为Principal: 2
2025-04-23 16:48:24.547 [http-nio-8081-exec-10] INFO  c.e.auth.config.WebSocketConfig - 收到STOMP CONNECT命令
2025-04-23 16:48:24.548 [http-nio-8081-exec-10] INFO  c.e.auth.config.WebSocketConfig - 从WebSocket连接中提取到JWT Token: eyJhbGciOi...
2025-04-23 16:48:24.548 [http-nio-8081-exec-10] INFO  c.e.auth.config.WebSocketConfig - 从JWT Token提取的用户ID: 2
2025-04-23 16:48:24.548 [http-nio-8081-exec-10] INFO  c.e.auth.config.WebSocketConfig - WebSocket连接成功设置用户ID为Principal: 2
2025-04-23 16:48:56.539 [http-nio-8081-exec-2] INFO  c.e.auth.config.WebSocketConfig - 收到STOMP CONNECT命令
2025-04-23 16:48:56.539 [http-nio-8081-exec-2] INFO  c.e.auth.config.WebSocketConfig - 从WebSocket连接中提取到JWT Token: eyJhbGciOi...
2025-04-23 16:48:56.540 [http-nio-8081-exec-2] INFO  c.e.auth.config.WebSocketConfig - 从JWT Token提取的用户ID: 2
2025-04-23 16:48:56.540 [http-nio-8081-exec-2] INFO  c.e.auth.config.WebSocketConfig - WebSocket连接成功设置用户ID为Principal: 2
2025-04-23 16:49:01.442 [http-nio-8081-exec-4] INFO  c.e.auth.controller.BillController - 接收到账单生成请求: BillGenerateDTO(feeStandardId=2, studentIds=null, classId=null, dueDate=2025-04-14T16:00)
2025-04-23 16:49:01.586 [http-nio-8081-exec-4] INFO  c.e.a.service.impl.BillServiceImpl - 开始生成账单: BillGenerateDTO(feeStandardId=2, studentIds=null, classId=null, dueDate=2025-04-14T16:00)
2025-04-23 16:49:01.731 [http-nio-8081-exec-4] INFO  c.e.a.service.impl.BillServiceImpl - 已有该费用标准账单的学生数量: 0
2025-04-23 16:49:01.731 [http-nio-8081-exec-4] INFO  c.e.a.service.impl.BillServiceImpl - 为所有学生生成账单 - 开始筛选学生用户
2025-04-23 16:49:01.782 [http-nio-8081-exec-4] WARN  c.e.a.service.impl.BillServiceImpl - 未找到任何学生角色的用户
2025-04-23 16:49:01.882 [http-nio-8081-exec-4] INFO  c.e.auth.controller.BillController - 成功生成账单数量: 0
2025-04-23 16:49:13.399 [SpringApplicationShutdownHook] INFO  o.s.m.s.b.SimpleBrokerMessageHandler - Stopping...
2025-04-23 16:49:13.399 [SpringApplicationShutdownHook] INFO  o.s.m.s.b.SimpleBrokerMessageHandler - BrokerAvailabilityEvent[available=false, SimpleBrokerMessageHandler [org.springframework.messaging.simp.broker.DefaultSubscriptionRegistry@e9b3a77]]
2025-04-23 16:49:13.399 [SpringApplicationShutdownHook] INFO  o.s.m.s.b.SimpleBrokerMessageHandler - Stopped.
2025-04-23 16:49:16.511 [main] INFO  com.example.auth.AuthApplication - Starting AuthApplication using Java 17.0.12 with PID 42424 (C:\Users\37602\Desktop\s_m\Manage_supervision\backend\target\classes started by 37602 in C:\Users\37602\Desktop\s_m)
2025-04-23 16:49:16.513 [main] INFO  com.example.auth.AuthApplication - No active profile set, falling back to 1 default profile: "default"
2025-04-23 16:49:16.974 [main] INFO  o.s.d.r.c.RepositoryConfigurationDelegate - Bootstrapping Spring Data JPA repositories in DEFAULT mode.
2025-04-23 16:49:17.065 [main] INFO  o.s.d.r.c.RepositoryConfigurationDelegate - Finished Spring Data repository scanning in 86 ms. Found 21 JPA repository interfaces.
2025-04-23 16:49:17.412 [main] INFO  o.s.b.w.e.tomcat.TomcatWebServer - Tomcat initialized with port 8081 (http)
2025-04-23 16:49:17.459 [main] INFO  o.s.b.w.s.c.ServletWebServerApplicationContext - Root WebApplicationContext: initialization completed in 915 ms
2025-04-23 16:49:22.517 [main] INFO  o.s.d.j.r.query.QueryEnhancerFactory - Hibernate is in classpath; If applicable, HQL parser will be used.
2025-04-23 16:49:24.136 [main] INFO  c.e.auth.config.WebSocketConfig - 配置WebSocket客户端入站通道拦截器
2025-04-23 16:49:24.137 [main] INFO  c.e.auth.config.WebSocketConfig - WebSocket客户端入站通道拦截器配置完成
2025-04-23 16:49:24.143 [main] INFO  c.e.auth.config.WebSocketConfig - 配置WebSocket消息代理
2025-04-23 16:49:24.143 [main] INFO  c.e.auth.config.WebSocketConfig - WebSocket消息代理配置完成
2025-04-23 16:49:24.323 [main] INFO  c.e.auth.config.WebSocketConfig - 注册WebSocket端点: /ws
2025-04-23 16:49:24.365 [main] WARN  o.s.b.a.o.j.JpaBaseConfiguration$JpaWebConfiguration - spring.jpa.open-in-view is enabled by default. Therefore, database queries may be performed during view rendering. Explicitly configure spring.jpa.open-in-view to disable this warning
2025-04-23 16:49:24.409 [main] INFO  com.example.auth.config.WebConfig - 配置拦截器，验证用户权限
2025-04-23 16:49:24.414 [main] INFO  com.example.auth.config.WebConfig - 配置CORS，允许前端访问
2025-04-23 16:49:24.416 [main] INFO  com.example.auth.config.WebConfig - CORS配置完成，允许所有来源访问
2025-04-23 16:49:24.485 [main] INFO  com.example.auth.config.WebConfig - 配置资源映射: /uploads/** -> file:C:\Users\37602\Desktop\s_m\uploads/
2025-04-23 16:49:24.652 [main] INFO  o.s.b.w.e.tomcat.TomcatWebServer - Tomcat started on port 8081 (http) with context path ''
2025-04-23 16:49:24.655 [main] INFO  o.s.m.s.b.SimpleBrokerMessageHandler - Starting...
2025-04-23 16:49:24.655 [main] INFO  o.s.m.s.b.SimpleBrokerMessageHandler - BrokerAvailabilityEvent[available=true, SimpleBrokerMessageHandler [org.springframework.messaging.simp.broker.DefaultSubscriptionRegistry@7e236f5f]]
2025-04-23 16:49:24.655 [main] INFO  o.s.m.s.b.SimpleBrokerMessageHandler - Started.
2025-04-23 16:49:24.660 [main] INFO  com.example.auth.AuthApplication - Started AuthApplication in 8.485 seconds (process running for 8.891)
2025-04-23 16:49:25.277 [http-nio-8081-exec-1] INFO  o.s.web.servlet.DispatcherServlet - Initializing Servlet 'dispatcherServlet'
2025-04-23 16:49:25.279 [http-nio-8081-exec-1] INFO  o.s.web.servlet.DispatcherServlet - Completed initialization in 2 ms
2025-04-23 16:49:25.661 [http-nio-8081-exec-2] INFO  c.e.auth.config.WebSocketConfig - 收到STOMP CONNECT命令
2025-04-23 16:49:25.661 [http-nio-8081-exec-2] INFO  c.e.auth.config.WebSocketConfig - 从WebSocket连接中提取到JWT Token: eyJhbGciOi...
2025-04-23 16:49:25.723 [http-nio-8081-exec-2] INFO  c.e.auth.config.WebSocketConfig - 从JWT Token提取的用户ID: 2
2025-04-23 16:49:25.724 [http-nio-8081-exec-2] INFO  c.e.auth.config.WebSocketConfig - WebSocket连接成功设置用户ID为Principal: 2
2025-04-23 16:49:28.355 [http-nio-8081-exec-3] INFO  c.e.auth.config.WebSocketConfig - 收到STOMP CONNECT命令
2025-04-23 16:49:28.355 [http-nio-8081-exec-3] INFO  c.e.auth.config.WebSocketConfig - 从WebSocket连接中提取到JWT Token: eyJhbGciOi...
2025-04-23 16:49:28.356 [http-nio-8081-exec-3] INFO  c.e.auth.config.WebSocketConfig - 从JWT Token提取的用户ID: 2
2025-04-23 16:49:28.356 [http-nio-8081-exec-3] INFO  c.e.auth.config.WebSocketConfig - WebSocket连接成功设置用户ID为Principal: 2
2025-04-23 16:49:28.454 [http-nio-8081-exec-8] INFO  c.e.auth.config.WebSocketConfig - 收到STOMP CONNECT命令
2025-04-23 16:49:28.455 [http-nio-8081-exec-8] INFO  c.e.auth.config.WebSocketConfig - 从WebSocket连接中提取到JWT Token: eyJhbGciOi...
2025-04-23 16:49:28.455 [http-nio-8081-exec-8] INFO  c.e.auth.config.WebSocketConfig - 从JWT Token提取的用户ID: 4
2025-04-23 16:49:28.455 [http-nio-8081-exec-8] INFO  c.e.auth.config.WebSocketConfig - WebSocket连接成功设置用户ID为Principal: 4
2025-04-23 16:49:56.238 [http-nio-8081-exec-4] INFO  c.e.auth.controller.BillController - 接收到账单生成请求: BillGenerateDTO(feeStandardId=2, studentIds=[4], classId=null, dueDate=2025-04-27T16:00)
2025-04-23 16:49:56.381 [http-nio-8081-exec-4] INFO  c.e.a.service.impl.BillServiceImpl - 开始生成账单: BillGenerateDTO(feeStandardId=2, studentIds=[4], classId=null, dueDate=2025-04-27T16:00)
2025-04-23 16:49:56.485 [http-nio-8081-exec-4] INFO  c.e.a.service.impl.BillServiceImpl - 已有该费用标准账单的学生数量: 0
2025-04-23 16:49:56.485 [http-nio-8081-exec-4] INFO  c.e.a.service.impl.BillServiceImpl - 按指定学生列表生成账单，学生数量: 1
2025-04-23 16:49:56.485 [http-nio-8081-exec-4] INFO  c.e.a.service.impl.BillServiceImpl - 处理前的目标学生数量: 1
2025-04-23 16:49:56.485 [http-nio-8081-exec-4] INFO  c.e.a.service.impl.BillServiceImpl - 已有账单的学生ID列表: []
2025-04-23 16:49:56.485 [http-nio-8081-exec-4] INFO  c.e.a.service.impl.BillServiceImpl - 移除已有账单的学生后，剩余学生数量: 1 (移除了0个)
2025-04-23 16:49:56.485 [http-nio-8081-exec-4] INFO  c.e.a.service.impl.BillServiceImpl - 需要生成账单的学生ID列表: [4]
2025-04-23 16:49:56.537 [http-nio-8081-exec-4] INFO  c.e.a.service.impl.BillServiceImpl - 准备保存 1 个账单
2025-04-23 16:49:56.606 [http-nio-8081-exec-4] INFO  c.e.a.service.impl.BillServiceImpl - 成功保存 1 个账单
2025-04-23 16:49:56.709 [http-nio-8081-exec-4] INFO  c.e.auth.controller.BillController - 成功生成账单数量: 1
2025-04-23 16:50:24.632 [MessageBroker-2] INFO  o.s.w.s.c.WebSocketMessageBrokerStats - WebSocketSession[3 current WS(3)-HttpStream(0)-HttpPoll(0), 3 total, 0 closed abnormally (0 connect failure, 0 send limit, 0 transport error)], stompSubProtocol[processed CONNECT(3)-CONNECTED(3)-DISCONNECT(0)], stompBrokerRelay[null], inboundChannel[pool size = 28, active threads = 0, queued tasks = 0, completed tasks = 36], outboundChannel[pool size = 3, active threads = 0, queued tasks = 0, completed tasks = 3], sockJsScheduler[pool size = 14, active threads = 1, queued tasks = 4, completed tasks = 18]
2025-04-23 17:03:36.647 [http-nio-8081-exec-2] INFO  c.e.auth.config.WebSocketConfig - 收到STOMP CONNECT命令
2025-04-23 17:03:36.648 [http-nio-8081-exec-2] INFO  c.e.auth.config.WebSocketConfig - 从WebSocket连接中提取到JWT Token: eyJhbGciOi...
2025-04-23 17:03:36.648 [http-nio-8081-exec-2] INFO  c.e.auth.config.WebSocketConfig - 从JWT Token提取的用户ID: 2
2025-04-23 17:03:36.649 [http-nio-8081-exec-2] INFO  c.e.auth.config.WebSocketConfig - WebSocket连接成功设置用户ID为Principal: 2
2025-04-23 17:03:50.391 [http-nio-8081-exec-1] INFO  c.e.auth.config.WebSocketConfig - 收到STOMP CONNECT命令
2025-04-23 17:03:50.391 [http-nio-8081-exec-1] INFO  c.e.auth.config.WebSocketConfig - 从WebSocket连接中提取到JWT Token: eyJhbGciOi...
2025-04-23 17:03:50.392 [http-nio-8081-exec-1] INFO  c.e.auth.config.WebSocketConfig - 从JWT Token提取的用户ID: 4
2025-04-23 17:03:50.392 [http-nio-8081-exec-1] INFO  c.e.auth.config.WebSocketConfig - WebSocket连接成功设置用户ID为Principal: 4
2025-04-23 17:03:58.549 [http-nio-8081-exec-5] INFO  c.e.auth.controller.BillController - 接收到账单生成请求: BillGenerateDTO(feeStandardId=2, studentIds=[4], classId=null, dueDate=2025-04-28T16:00)
2025-04-23 17:03:58.649 [http-nio-8081-exec-5] INFO  c.e.a.service.impl.BillServiceImpl - 开始生成账单: BillGenerateDTO(feeStandardId=2, studentIds=[4], classId=null, dueDate=2025-04-28T16:00)
2025-04-23 17:03:58.748 [http-nio-8081-exec-5] INFO  c.e.a.service.impl.BillServiceImpl - 已有该费用标准账单的学生数量: 0
2025-04-23 17:03:58.748 [http-nio-8081-exec-5] INFO  c.e.a.service.impl.BillServiceImpl - 按指定学生列表生成账单，学生数量: 1
2025-04-23 17:03:58.748 [http-nio-8081-exec-5] INFO  c.e.a.service.impl.BillServiceImpl - 处理前的目标学生数量: 1
2025-04-23 17:03:58.748 [http-nio-8081-exec-5] INFO  c.e.a.service.impl.BillServiceImpl - 已有账单的学生ID列表: []
2025-04-23 17:03:58.748 [http-nio-8081-exec-5] INFO  c.e.a.service.impl.BillServiceImpl - 移除已有账单的学生后，剩余学生数量: 1 (移除了0个)
2025-04-23 17:03:58.748 [http-nio-8081-exec-5] INFO  c.e.a.service.impl.BillServiceImpl - 需要生成账单的学生ID列表: [4]
2025-04-23 17:03:58.802 [http-nio-8081-exec-5] INFO  c.e.a.service.impl.BillServiceImpl - 准备保存 1 个账单
2025-04-23 17:03:58.856 [http-nio-8081-exec-5] INFO  c.e.a.service.impl.BillServiceImpl - 成功保存 1 个账单
2025-04-23 17:03:58.953 [http-nio-8081-exec-5] INFO  c.e.auth.controller.BillController - 成功生成账单数量: 1
2025-04-23 17:04:01.067 [http-nio-8081-exec-5] INFO  c.e.auth.config.WebSocketConfig - 收到STOMP CONNECT命令
2025-04-23 17:04:01.067 [http-nio-8081-exec-5] INFO  c.e.auth.config.WebSocketConfig - 从WebSocket连接中提取到JWT Token: eyJhbGciOi...
2025-04-23 17:04:01.068 [http-nio-8081-exec-5] INFO  c.e.auth.config.WebSocketConfig - 从JWT Token提取的用户ID: 4
2025-04-23 17:04:01.068 [http-nio-8081-exec-5] INFO  c.e.auth.config.WebSocketConfig - WebSocket连接成功设置用户ID为Principal: 4
2025-04-23 17:07:53.248 [http-nio-8081-exec-10] INFO  c.e.auth.config.WebSocketConfig - 收到STOMP CONNECT命令
2025-04-23 17:07:53.248 [http-nio-8081-exec-10] INFO  c.e.auth.config.WebSocketConfig - 从WebSocket连接中提取到JWT Token: eyJhbGciOi...
2025-04-23 17:07:53.249 [http-nio-8081-exec-10] INFO  c.e.auth.config.WebSocketConfig - 从JWT Token提取的用户ID: 4
2025-04-23 17:07:53.249 [http-nio-8081-exec-10] INFO  c.e.auth.config.WebSocketConfig - WebSocket连接成功设置用户ID为Principal: 4
2025-04-23 17:07:56.842 [http-nio-8081-exec-4] INFO  c.e.auth.config.WebSocketConfig - 收到STOMP CONNECT命令
2025-04-23 17:07:56.842 [http-nio-8081-exec-4] INFO  c.e.auth.config.WebSocketConfig - 从WebSocket连接中提取到JWT Token: eyJhbGciOi...
2025-04-23 17:07:56.843 [http-nio-8081-exec-4] INFO  c.e.auth.config.WebSocketConfig - 从JWT Token提取的用户ID: 2
2025-04-23 17:07:56.843 [http-nio-8081-exec-4] INFO  c.e.auth.config.WebSocketConfig - WebSocket连接成功设置用户ID为Principal: 2
2025-04-23 17:07:57.713 [http-nio-8081-exec-10] INFO  c.e.auth.config.WebSocketConfig - 收到STOMP CONNECT命令
2025-04-23 17:07:57.713 [http-nio-8081-exec-10] INFO  c.e.auth.config.WebSocketConfig - 从WebSocket连接中提取到JWT Token: eyJhbGciOi...
2025-04-23 17:07:57.714 [http-nio-8081-exec-10] INFO  c.e.auth.config.WebSocketConfig - 从JWT Token提取的用户ID: 2
2025-04-23 17:07:57.714 [http-nio-8081-exec-10] INFO  c.e.auth.config.WebSocketConfig - WebSocket连接成功设置用户ID为Principal: 2
2025-04-23 17:09:05.426 [http-nio-8081-exec-2] INFO  c.e.auth.config.WebSocketConfig - 收到STOMP CONNECT命令
2025-04-23 17:09:05.426 [http-nio-8081-exec-2] INFO  c.e.auth.config.WebSocketConfig - 从WebSocket连接中提取到JWT Token: eyJhbGciOi...
2025-04-23 17:09:05.427 [http-nio-8081-exec-2] INFO  c.e.auth.config.WebSocketConfig - 从JWT Token提取的用户ID: 4
2025-04-23 17:09:05.429 [http-nio-8081-exec-2] INFO  c.e.auth.config.WebSocketConfig - WebSocket连接成功设置用户ID为Principal: 4
2025-04-23 17:09:06.395 [http-nio-8081-exec-5] INFO  c.e.auth.config.WebSocketConfig - 收到STOMP CONNECT命令
2025-04-23 17:09:06.396 [http-nio-8081-exec-5] INFO  c.e.auth.config.WebSocketConfig - 从WebSocket连接中提取到JWT Token: eyJhbGciOi...
2025-04-23 17:09:06.397 [http-nio-8081-exec-5] INFO  c.e.auth.config.WebSocketConfig - 从JWT Token提取的用户ID: 2
2025-04-23 17:09:06.397 [http-nio-8081-exec-5] INFO  c.e.auth.config.WebSocketConfig - WebSocket连接成功设置用户ID为Principal: 2
2025-04-23 17:09:10.587 [http-nio-8081-exec-5] INFO  c.e.auth.config.WebSocketConfig - 收到STOMP CONNECT命令
2025-04-23 17:09:10.587 [http-nio-8081-exec-5] INFO  c.e.auth.config.WebSocketConfig - 从WebSocket连接中提取到JWT Token: eyJhbGciOi...
2025-04-23 17:09:10.589 [http-nio-8081-exec-5] INFO  c.e.auth.config.WebSocketConfig - 从JWT Token提取的用户ID: 2
2025-04-23 17:09:10.590 [http-nio-8081-exec-5] INFO  c.e.auth.config.WebSocketConfig - WebSocket连接成功设置用户ID为Principal: 2
2025-04-23 17:09:28.925 [http-nio-8081-exec-6] INFO  c.e.auth.config.WebSocketConfig - 收到STOMP CONNECT命令
2025-04-23 17:09:28.925 [http-nio-8081-exec-6] INFO  c.e.auth.config.WebSocketConfig - 从WebSocket连接中提取到JWT Token: eyJhbGciOi...
2025-04-23 17:09:28.926 [http-nio-8081-exec-6] INFO  c.e.auth.config.WebSocketConfig - 从JWT Token提取的用户ID: 4
2025-04-23 17:09:28.926 [http-nio-8081-exec-6] INFO  c.e.auth.config.WebSocketConfig - WebSocket连接成功设置用户ID为Principal: 4
2025-04-23 17:09:30.750 [http-nio-8081-exec-8] INFO  c.e.auth.config.WebSocketConfig - 收到STOMP CONNECT命令
2025-04-23 17:09:30.750 [http-nio-8081-exec-8] INFO  c.e.auth.config.WebSocketConfig - 从WebSocket连接中提取到JWT Token: eyJhbGciOi...
2025-04-23 17:09:30.751 [http-nio-8081-exec-8] INFO  c.e.auth.config.WebSocketConfig - 从JWT Token提取的用户ID: 2
2025-04-23 17:09:30.751 [http-nio-8081-exec-8] INFO  c.e.auth.config.WebSocketConfig - WebSocket连接成功设置用户ID为Principal: 2
2025-04-23 17:09:32.901 [http-nio-8081-exec-5] INFO  c.e.auth.config.WebSocketConfig - 收到STOMP CONNECT命令
2025-04-23 17:09:32.901 [http-nio-8081-exec-5] INFO  c.e.auth.config.WebSocketConfig - 从WebSocket连接中提取到JWT Token: eyJhbGciOi...
2025-04-23 17:09:32.901 [http-nio-8081-exec-5] INFO  c.e.auth.config.WebSocketConfig - 从JWT Token提取的用户ID: 2
2025-04-23 17:09:32.901 [http-nio-8081-exec-5] INFO  c.e.auth.config.WebSocketConfig - WebSocket连接成功设置用户ID为Principal: 2
2025-04-23 17:09:40.555 [SpringApplicationShutdownHook] INFO  o.s.m.s.b.SimpleBrokerMessageHandler - Stopping...
2025-04-23 17:09:40.555 [SpringApplicationShutdownHook] INFO  o.s.m.s.b.SimpleBrokerMessageHandler - BrokerAvailabilityEvent[available=false, SimpleBrokerMessageHandler [org.springframework.messaging.simp.broker.DefaultSubscriptionRegistry@7e236f5f]]
2025-04-23 17:09:40.556 [SpringApplicationShutdownHook] INFO  o.s.m.s.b.SimpleBrokerMessageHandler - Stopped.
2025-04-23 17:10:15.267 [main] INFO  com.example.auth.AuthApplication - Starting AuthApplication using Java 17.0.12 with PID 38048 (C:\Users\37602\Desktop\s_m\Manage_supervision\backend\target\classes started by 37602 in C:\Users\37602\Desktop\s_m)
2025-04-23 17:10:15.269 [main] INFO  com.example.auth.AuthApplication - No active profile set, falling back to 1 default profile: "default"
2025-04-23 17:10:15.707 [main] INFO  o.s.d.r.c.RepositoryConfigurationDelegate - Bootstrapping Spring Data JPA repositories in DEFAULT mode.
2025-04-23 17:10:15.784 [main] INFO  o.s.d.r.c.RepositoryConfigurationDelegate - Finished Spring Data repository scanning in 72 ms. Found 21 JPA repository interfaces.
2025-04-23 17:10:16.110 [main] INFO  o.s.b.w.e.tomcat.TomcatWebServer - Tomcat initialized with port 8081 (http)
2025-04-23 17:10:16.154 [main] INFO  o.s.b.w.s.c.ServletWebServerApplicationContext - Root WebApplicationContext: initialization completed in 858 ms
2025-04-23 17:10:21.425 [main] INFO  o.s.d.j.r.query.QueryEnhancerFactory - Hibernate is in classpath; If applicable, HQL parser will be used.
2025-04-23 17:10:23.172 [main] INFO  c.e.auth.config.WebSocketConfig - 配置WebSocket客户端入站通道拦截器
2025-04-23 17:10:23.173 [main] INFO  c.e.auth.config.WebSocketConfig - WebSocket客户端入站通道拦截器配置完成
2025-04-23 17:10:23.178 [main] INFO  c.e.auth.config.WebSocketConfig - 配置WebSocket消息代理
2025-04-23 17:10:23.178 [main] INFO  c.e.auth.config.WebSocketConfig - WebSocket消息代理配置完成
2025-04-23 17:10:23.352 [main] INFO  c.e.auth.config.WebSocketConfig - 注册WebSocket端点: /ws
2025-04-23 17:10:23.396 [main] WARN  o.s.b.a.o.j.JpaBaseConfiguration$JpaWebConfiguration - spring.jpa.open-in-view is enabled by default. Therefore, database queries may be performed during view rendering. Explicitly configure spring.jpa.open-in-view to disable this warning
2025-04-23 17:10:23.440 [main] INFO  com.example.auth.config.WebConfig - 配置拦截器，验证用户权限
2025-04-23 17:10:23.442 [main] INFO  com.example.auth.config.WebConfig - 配置CORS，允许前端访问
2025-04-23 17:10:23.442 [main] INFO  com.example.auth.config.WebConfig - CORS配置完成，允许所有来源访问
2025-04-23 17:10:23.492 [main] INFO  com.example.auth.config.WebConfig - 配置资源映射: /uploads/** -> file:C:\Users\37602\Desktop\s_m\uploads/
2025-04-23 17:10:23.583 [main] INFO  o.s.b.w.e.tomcat.TomcatWebServer - Tomcat started on port 8081 (http) with context path ''
2025-04-23 17:10:23.585 [main] INFO  o.s.m.s.b.SimpleBrokerMessageHandler - Starting...
2025-04-23 17:10:23.585 [main] INFO  o.s.m.s.b.SimpleBrokerMessageHandler - BrokerAvailabilityEvent[available=true, SimpleBrokerMessageHandler [org.springframework.messaging.simp.broker.DefaultSubscriptionRegistry@3e866fec]]
2025-04-23 17:10:23.585 [main] INFO  o.s.m.s.b.SimpleBrokerMessageHandler - Started.
2025-04-23 17:10:23.589 [main] INFO  com.example.auth.AuthApplication - Started AuthApplication in 8.64 seconds (process running for 9.022)
2025-04-23 17:10:26.040 [http-nio-8081-exec-1] INFO  o.s.web.servlet.DispatcherServlet - Initializing Servlet 'dispatcherServlet'
2025-04-23 17:10:26.041 [http-nio-8081-exec-1] INFO  o.s.web.servlet.DispatcherServlet - Completed initialization in 1 ms
2025-04-23 17:10:26.120 [http-nio-8081-exec-3] INFO  c.e.auth.config.WebSocketConfig - 收到STOMP CONNECT命令
2025-04-23 17:10:26.121 [http-nio-8081-exec-3] INFO  c.e.auth.config.WebSocketConfig - 从WebSocket连接中提取到JWT Token: eyJhbGciOi...
2025-04-23 17:10:26.207 [http-nio-8081-exec-3] INFO  c.e.auth.config.WebSocketConfig - 从JWT Token提取的用户ID: 4
2025-04-23 17:10:26.207 [http-nio-8081-exec-3] INFO  c.e.auth.config.WebSocketConfig - WebSocket连接成功设置用户ID为Principal: 4
2025-04-23 17:10:28.568 [http-nio-8081-exec-8] INFO  c.e.auth.config.WebSocketConfig - 收到STOMP CONNECT命令
2025-04-23 17:10:28.569 [http-nio-8081-exec-8] INFO  c.e.auth.config.WebSocketConfig - 从WebSocket连接中提取到JWT Token: eyJhbGciOi...
2025-04-23 17:10:28.569 [http-nio-8081-exec-8] INFO  c.e.auth.config.WebSocketConfig - 从JWT Token提取的用户ID: 2
2025-04-23 17:10:28.569 [http-nio-8081-exec-8] INFO  c.e.auth.config.WebSocketConfig - WebSocket连接成功设置用户ID为Principal: 2
2025-04-23 17:10:28.848 [http-nio-8081-exec-7] INFO  c.e.auth.config.WebSocketConfig - 收到STOMP CONNECT命令
2025-04-23 17:10:28.848 [http-nio-8081-exec-7] INFO  c.e.auth.config.WebSocketConfig - 从WebSocket连接中提取到JWT Token: eyJhbGciOi...
2025-04-23 17:10:28.849 [http-nio-8081-exec-7] INFO  c.e.auth.config.WebSocketConfig - 从JWT Token提取的用户ID: 2
2025-04-23 17:10:28.849 [http-nio-8081-exec-7] INFO  c.e.auth.config.WebSocketConfig - WebSocket连接成功设置用户ID为Principal: 2
2025-04-23 17:10:33.883 [http-nio-8081-exec-7] INFO  c.e.auth.config.WebSocketConfig - 收到STOMP CONNECT命令
2025-04-23 17:10:33.883 [http-nio-8081-exec-7] INFO  c.e.auth.config.WebSocketConfig - 从WebSocket连接中提取到JWT Token: eyJhbGciOi...
2025-04-23 17:10:33.883 [http-nio-8081-exec-7] INFO  c.e.auth.config.WebSocketConfig - 从JWT Token提取的用户ID: 4
2025-04-23 17:10:33.883 [http-nio-8081-exec-7] INFO  c.e.auth.config.WebSocketConfig - WebSocket连接成功设置用户ID为Principal: 4
2025-04-23 17:10:35.789 [http-nio-8081-exec-2] INFO  c.e.auth.config.WebSocketConfig - 收到STOMP CONNECT命令
2025-04-23 17:10:35.789 [http-nio-8081-exec-2] INFO  c.e.auth.config.WebSocketConfig - 从WebSocket连接中提取到JWT Token: eyJhbGciOi...
2025-04-23 17:10:35.791 [http-nio-8081-exec-2] INFO  c.e.auth.config.WebSocketConfig - 从JWT Token提取的用户ID: 2
2025-04-23 17:10:35.791 [http-nio-8081-exec-2] INFO  c.e.auth.config.WebSocketConfig - WebSocket连接成功设置用户ID为Principal: 2
2025-04-23 17:10:43.482 [http-nio-8081-exec-1] INFO  c.e.auth.controller.BillController - 接收到账单支付请求: 账单ID=1, 支付方式=WECHAT
2025-04-23 17:10:47.789 [http-nio-8081-exec-3] INFO  c.e.auth.config.WebSocketConfig - 收到STOMP CONNECT命令
2025-04-23 17:10:47.789 [http-nio-8081-exec-3] INFO  c.e.auth.config.WebSocketConfig - 从WebSocket连接中提取到JWT Token: eyJhbGciOi...
2025-04-23 17:10:47.790 [http-nio-8081-exec-3] INFO  c.e.auth.config.WebSocketConfig - 从JWT Token提取的用户ID: 2
2025-04-23 17:10:47.790 [http-nio-8081-exec-3] INFO  c.e.auth.config.WebSocketConfig - WebSocket连接成功设置用户ID为Principal: 2
2025-04-23 17:10:57.647 [http-nio-8081-exec-8] INFO  c.e.auth.controller.BillController - 接收到账单生成请求: BillGenerateDTO(feeStandardId=1, studentIds=null, classId=null, dueDate=2025-04-28T16:00)
2025-04-23 17:10:57.819 [http-nio-8081-exec-8] INFO  c.e.a.service.impl.BillServiceImpl - 开始生成账单: BillGenerateDTO(feeStandardId=1, studentIds=null, classId=null, dueDate=2025-04-28T16:00)
2025-04-23 17:10:57.914 [http-nio-8081-exec-8] INFO  c.e.a.service.impl.BillServiceImpl - 已有该费用标准账单的学生数量: 0
2025-04-23 17:10:57.914 [http-nio-8081-exec-8] INFO  c.e.a.service.impl.BillServiceImpl - 为所有学生生成账单 - 开始筛选学生用户
2025-04-23 17:10:57.962 [http-nio-8081-exec-8] INFO  c.e.a.service.impl.BillServiceImpl - 方法1 - 通过角色名称查询到的学生数量: 0
2025-04-23 17:10:57.963 [http-nio-8081-exec-8] INFO  c.e.a.service.impl.BillServiceImpl - 方法1未找到学生，使用方法2: 筛选所有用户
2025-04-23 17:10:58.331 [http-nio-8081-exec-8] INFO  c.e.a.service.impl.BillServiceImpl - 系统中共有用户数量: 6
2025-04-23 17:10:58.332 [http-nio-8081-exec-8] INFO  c.e.a.service.impl.BillServiceImpl - 方法2 - 过滤后学生角色用户数量: 0
2025-04-23 17:10:58.332 [http-nio-8081-exec-8] INFO  c.e.a.service.impl.BillServiceImpl - 方法2未找到学生，使用方法3: 根据学号字段判断
2025-04-23 17:10:58.332 [http-nio-8081-exec-8] INFO  c.e.a.service.impl.BillServiceImpl - 方法3 - 通过学号字段筛选可能是学生的用户数量: 6
2025-04-23 17:10:58.333 [http-nio-8081-exec-8] INFO  c.e.a.service.impl.BillServiceImpl - 使用方法3: 学号字段筛选找到的潜在学生
2025-04-23 17:10:58.333 [http-nio-8081-exec-8] INFO  c.e.a.service.impl.BillServiceImpl - 最终确定的学生ID列表: [1, 2, 3, 4, 5, 6], 总数: 6
2025-04-23 17:10:58.333 [http-nio-8081-exec-8] INFO  c.e.a.service.impl.BillServiceImpl - 处理前的目标学生数量: 6
2025-04-23 17:10:58.333 [http-nio-8081-exec-8] INFO  c.e.a.service.impl.BillServiceImpl - 已有账单的学生ID列表: []
2025-04-23 17:10:58.333 [http-nio-8081-exec-8] INFO  c.e.a.service.impl.BillServiceImpl - 移除已有账单的学生后，剩余学生数量: 6 (移除了0个)
2025-04-23 17:10:58.333 [http-nio-8081-exec-8] INFO  c.e.a.service.impl.BillServiceImpl - 需要生成账单的学生ID列表: [1, 2, 3, 4, 5, 6]
2025-04-23 17:10:58.334 [http-nio-8081-exec-8] INFO  c.e.a.service.impl.BillServiceImpl - 准备保存 6 个账单
2025-04-23 17:10:58.633 [http-nio-8081-exec-8] INFO  c.e.a.service.impl.BillServiceImpl - 成功保存 6 个账单
2025-04-23 17:10:58.739 [http-nio-8081-exec-8] INFO  c.e.auth.controller.BillController - 成功生成账单数量: 6
2025-04-23 17:11:01.422 [http-nio-8081-exec-8] INFO  c.e.auth.config.WebSocketConfig - 收到STOMP CONNECT命令
2025-04-23 17:11:01.423 [http-nio-8081-exec-8] INFO  c.e.auth.config.WebSocketConfig - 从WebSocket连接中提取到JWT Token: eyJhbGciOi...
2025-04-23 17:11:01.423 [http-nio-8081-exec-8] INFO  c.e.auth.config.WebSocketConfig - 从JWT Token提取的用户ID: 4
2025-04-23 17:11:01.423 [http-nio-8081-exec-8] INFO  c.e.auth.config.WebSocketConfig - WebSocket连接成功设置用户ID为Principal: 4
2025-04-23 17:11:11.218 [http-nio-8081-exec-10] INFO  c.e.auth.controller.BillController - 接收到账单支付请求: 账单ID=5, 支付方式=ALIPAY
2025-04-23 17:11:15.575 [http-nio-8081-exec-1] INFO  c.e.auth.config.WebSocketConfig - 收到STOMP CONNECT命令
2025-04-23 17:11:15.576 [http-nio-8081-exec-1] INFO  c.e.auth.config.WebSocketConfig - 从WebSocket连接中提取到JWT Token: eyJhbGciOi...
2025-04-23 17:11:15.576 [http-nio-8081-exec-1] INFO  c.e.auth.config.WebSocketConfig - 从JWT Token提取的用户ID: 2
2025-04-23 17:11:15.576 [http-nio-8081-exec-1] INFO  c.e.auth.config.WebSocketConfig - WebSocket连接成功设置用户ID为Principal: 2
2025-04-23 17:11:23.587 [MessageBroker-9] INFO  o.s.w.s.c.WebSocketMessageBrokerStats - WebSocketSession[3 current WS(3)-HttpStream(0)-HttpPoll(0), 8 total, 0 closed abnormally (0 connect failure, 0 send limit, 0 transport error)], stompSubProtocol[processed CONNECT(8)-CONNECTED(8)-DISCONNECT(0)], stompBrokerRelay[null], inboundChannel[pool size = 28, active threads = 0, queued tasks = 0, completed tasks = 111], outboundChannel[pool size = 13, active threads = 0, queued tasks = 0, completed tasks = 13], sockJsScheduler[pool size = 14, active threads = 1, queued tasks = 4, completed tasks = 16]
2025-04-23 17:21:17.556 [SpringApplicationShutdownHook] INFO  o.s.m.s.b.SimpleBrokerMessageHandler - Stopping...
2025-04-23 17:21:17.556 [SpringApplicationShutdownHook] INFO  o.s.m.s.b.SimpleBrokerMessageHandler - BrokerAvailabilityEvent[available=false, SimpleBrokerMessageHandler [org.springframework.messaging.simp.broker.DefaultSubscriptionRegistry@3e866fec]]
2025-04-23 17:21:17.556 [SpringApplicationShutdownHook] INFO  o.s.m.s.b.SimpleBrokerMessageHandler - Stopped.
2025-04-23 17:21:21.377 [main] INFO  com.example.auth.AuthApplication - Starting AuthApplication using Java 17.0.12 with PID 43984 (C:\Users\37602\Desktop\s_m\Manage_supervision\backend\target\classes started by 37602 in C:\Users\37602\Desktop\s_m)
2025-04-23 17:21:21.379 [main] INFO  com.example.auth.AuthApplication - No active profile set, falling back to 1 default profile: "default"
2025-04-23 17:21:21.854 [main] INFO  o.s.d.r.c.RepositoryConfigurationDelegate - Bootstrapping Spring Data JPA repositories in DEFAULT mode.
2025-04-23 17:21:21.950 [main] INFO  o.s.d.r.c.RepositoryConfigurationDelegate - Finished Spring Data repository scanning in 91 ms. Found 21 JPA repository interfaces.
2025-04-23 17:21:22.417 [main] INFO  o.s.b.w.e.tomcat.TomcatWebServer - Tomcat initialized with port 8081 (http)
2025-04-23 17:21:22.475 [main] INFO  o.s.b.w.s.c.ServletWebServerApplicationContext - Root WebApplicationContext: initialization completed in 1069 ms
2025-04-23 17:21:27.854 [main] INFO  o.s.d.j.r.query.QueryEnhancerFactory - Hibernate is in classpath; If applicable, HQL parser will be used.
2025-04-23 17:21:29.718 [main] INFO  c.e.auth.config.WebSocketConfig - 配置WebSocket客户端入站通道拦截器
2025-04-23 17:21:29.719 [main] INFO  c.e.auth.config.WebSocketConfig - WebSocket客户端入站通道拦截器配置完成
2025-04-23 17:21:29.724 [main] INFO  c.e.auth.config.WebSocketConfig - 配置WebSocket消息代理
2025-04-23 17:21:29.724 [main] INFO  c.e.auth.config.WebSocketConfig - WebSocket消息代理配置完成
2025-04-23 17:21:29.932 [main] INFO  c.e.auth.config.WebSocketConfig - 注册WebSocket端点: /ws
2025-04-23 17:21:29.989 [main] WARN  o.s.b.a.o.j.JpaBaseConfiguration$JpaWebConfiguration - spring.jpa.open-in-view is enabled by default. Therefore, database queries may be performed during view rendering. Explicitly configure spring.jpa.open-in-view to disable this warning
2025-04-23 17:21:30.036 [main] INFO  com.example.auth.config.WebConfig - 配置拦截器，验证用户权限
2025-04-23 17:21:30.039 [main] INFO  com.example.auth.config.WebConfig - 配置CORS，允许前端访问
2025-04-23 17:21:30.040 [main] INFO  com.example.auth.config.WebConfig - CORS配置完成，允许所有来源访问
2025-04-23 17:21:30.100 [main] INFO  com.example.auth.config.WebConfig - 配置资源映射: /uploads/** -> file:C:\Users\37602\Desktop\s_m\uploads/
2025-04-23 17:21:30.230 [main] INFO  o.s.b.w.e.tomcat.TomcatWebServer - Tomcat started on port 8081 (http) with context path ''
2025-04-23 17:21:30.232 [main] INFO  o.s.m.s.b.SimpleBrokerMessageHandler - Starting...
2025-04-23 17:21:30.233 [main] INFO  o.s.m.s.b.SimpleBrokerMessageHandler - BrokerAvailabilityEvent[available=true, SimpleBrokerMessageHandler [org.springframework.messaging.simp.broker.DefaultSubscriptionRegistry@384f8455]]
2025-04-23 17:21:30.233 [main] INFO  o.s.m.s.b.SimpleBrokerMessageHandler - Started.
2025-04-23 17:21:30.236 [main] INFO  com.example.auth.AuthApplication - Started AuthApplication in 9.259 seconds (process running for 9.694)
2025-04-23 17:21:32.673 [http-nio-8081-exec-2] INFO  o.s.web.servlet.DispatcherServlet - Initializing Servlet 'dispatcherServlet'
2025-04-23 17:21:32.674 [http-nio-8081-exec-2] INFO  o.s.web.servlet.DispatcherServlet - Completed initialization in 1 ms
2025-04-23 17:21:32.759 [http-nio-8081-exec-5] INFO  c.e.auth.config.WebSocketConfig - 收到STOMP CONNECT命令
2025-04-23 17:21:32.759 [http-nio-8081-exec-5] INFO  c.e.auth.config.WebSocketConfig - 从WebSocket连接中提取到JWT Token: eyJhbGciOi...
2025-04-23 17:21:32.847 [http-nio-8081-exec-5] INFO  c.e.auth.config.WebSocketConfig - 从JWT Token提取的用户ID: 4
2025-04-23 17:21:32.847 [http-nio-8081-exec-5] INFO  c.e.auth.config.WebSocketConfig - WebSocket连接成功设置用户ID为Principal: 4
2025-04-23 17:21:35.555 [http-nio-8081-exec-8] INFO  c.e.auth.config.WebSocketConfig - 收到STOMP CONNECT命令
2025-04-23 17:21:35.555 [http-nio-8081-exec-8] INFO  c.e.auth.config.WebSocketConfig - 从WebSocket连接中提取到JWT Token: eyJhbGciOi...
2025-04-23 17:21:35.556 [http-nio-8081-exec-9] INFO  c.e.auth.config.WebSocketConfig - 收到STOMP CONNECT命令
2025-04-23 17:21:35.556 [http-nio-8081-exec-9] INFO  c.e.auth.config.WebSocketConfig - 从WebSocket连接中提取到JWT Token: eyJhbGciOi...
2025-04-23 17:21:35.556 [http-nio-8081-exec-8] INFO  c.e.auth.config.WebSocketConfig - 从JWT Token提取的用户ID: 2
2025-04-23 17:21:35.556 [http-nio-8081-exec-8] INFO  c.e.auth.config.WebSocketConfig - WebSocket连接成功设置用户ID为Principal: 2
2025-04-23 17:21:35.556 [http-nio-8081-exec-9] INFO  c.e.auth.config.WebSocketConfig - 从JWT Token提取的用户ID: 2
2025-04-23 17:21:35.556 [http-nio-8081-exec-9] INFO  c.e.auth.config.WebSocketConfig - WebSocket连接成功设置用户ID为Principal: 2
2025-04-23 17:22:27.572 [http-nio-8081-exec-5] INFO  c.e.auth.controller.BillController - 接收到账单生成请求: BillGenerateDTO(feeStandardId=2, studentIds=[4], classId=null, dueDate=2025-04-28T16:00)
2025-04-23 17:22:27.736 [http-nio-8081-exec-5] INFO  c.e.a.service.impl.BillServiceImpl - 开始生成账单: BillGenerateDTO(feeStandardId=2, studentIds=[4], classId=null, dueDate=2025-04-28T16:00)
2025-04-23 17:22:27.853 [http-nio-8081-exec-5] INFO  c.e.a.service.impl.BillServiceImpl - 已有该费用标准账单的学生数量: 0
2025-04-23 17:22:27.853 [http-nio-8081-exec-5] INFO  c.e.a.service.impl.BillServiceImpl - 按指定学生列表生成账单，学生数量: 1
2025-04-23 17:22:27.853 [http-nio-8081-exec-5] INFO  c.e.a.service.impl.BillServiceImpl - 处理前的目标学生数量: 1
2025-04-23 17:22:27.853 [http-nio-8081-exec-5] INFO  c.e.a.service.impl.BillServiceImpl - 已有账单的学生ID列表: []
2025-04-23 17:22:27.853 [http-nio-8081-exec-5] INFO  c.e.a.service.impl.BillServiceImpl - 移除已有账单的学生后，剩余学生数量: 1 (移除了0个)
2025-04-23 17:22:27.853 [http-nio-8081-exec-5] INFO  c.e.a.service.impl.BillServiceImpl - 需要生成账单的学生ID列表: [4]
2025-04-23 17:22:27.903 [http-nio-8081-exec-5] INFO  c.e.a.service.impl.BillServiceImpl - 准备保存 1 个账单
2025-04-23 17:22:27.965 [http-nio-8081-exec-5] INFO  c.e.a.service.impl.BillServiceImpl - 成功保存 1 个账单
2025-04-23 17:22:28.075 [http-nio-8081-exec-5] INFO  c.e.auth.controller.BillController - 成功生成账单数量: 1
2025-04-23 17:22:30.226 [MessageBroker-1] INFO  o.s.w.s.c.WebSocketMessageBrokerStats - WebSocketSession[2 current WS(2)-HttpStream(0)-HttpPoll(0), 3 total, 0 closed abnormally (0 connect failure, 0 send limit, 0 transport error)], stompSubProtocol[processed CONNECT(3)-CONNECTED(3)-DISCONNECT(0)], stompBrokerRelay[null], inboundChannel[pool size = 28, active threads = 0, queued tasks = 0, completed tasks = 39], outboundChannel[pool size = 4, active threads = 0, queued tasks = 0, completed tasks = 4], sockJsScheduler[pool size = 14, active threads = 1, queued tasks = 3, completed tasks = 18]
2025-04-23 17:22:30.610 [http-nio-8081-exec-5] INFO  c.e.auth.config.WebSocketConfig - 收到STOMP CONNECT命令
2025-04-23 17:22:30.610 [http-nio-8081-exec-5] INFO  c.e.auth.config.WebSocketConfig - 从WebSocket连接中提取到JWT Token: eyJhbGciOi...
2025-04-23 17:22:30.612 [http-nio-8081-exec-5] INFO  c.e.auth.config.WebSocketConfig - 从JWT Token提取的用户ID: 4
2025-04-23 17:22:30.612 [http-nio-8081-exec-5] INFO  c.e.auth.config.WebSocketConfig - WebSocket连接成功设置用户ID为Principal: 4
2025-04-23 17:25:49.074 [http-nio-8081-exec-5] INFO  c.e.auth.config.WebSocketConfig - 收到STOMP CONNECT命令
2025-04-23 17:25:49.075 [http-nio-8081-exec-5] INFO  c.e.auth.config.WebSocketConfig - 从WebSocket连接中提取到JWT Token: eyJhbGciOi...
2025-04-23 17:25:49.075 [http-nio-8081-exec-5] INFO  c.e.auth.config.WebSocketConfig - 从JWT Token提取的用户ID: 4
2025-04-23 17:25:49.075 [http-nio-8081-exec-5] INFO  c.e.auth.config.WebSocketConfig - WebSocket连接成功设置用户ID为Principal: 4
2025-04-23 17:25:50.121 [http-nio-8081-exec-10] INFO  c.e.auth.config.WebSocketConfig - 收到STOMP CONNECT命令
2025-04-23 17:25:50.121 [http-nio-8081-exec-10] INFO  c.e.auth.config.WebSocketConfig - 从WebSocket连接中提取到JWT Token: eyJhbGciOi...
2025-04-23 17:25:50.122 [http-nio-8081-exec-10] INFO  c.e.auth.config.WebSocketConfig - 从JWT Token提取的用户ID: 2
2025-04-23 17:25:50.122 [http-nio-8081-exec-10] INFO  c.e.auth.config.WebSocketConfig - WebSocket连接成功设置用户ID为Principal: 2
2025-04-23 17:25:55.367 [http-nio-8081-exec-6] INFO  c.e.auth.config.WebSocketConfig - 收到STOMP CONNECT命令
2025-04-23 17:25:55.367 [http-nio-8081-exec-6] INFO  c.e.auth.config.WebSocketConfig - 从WebSocket连接中提取到JWT Token: eyJhbGciOi...
2025-04-23 17:25:55.367 [http-nio-8081-exec-6] INFO  c.e.auth.config.WebSocketConfig - 从JWT Token提取的用户ID: 2
2025-04-23 17:25:55.367 [http-nio-8081-exec-6] INFO  c.e.auth.config.WebSocketConfig - WebSocket连接成功设置用户ID为Principal: 2
2025-04-23 17:27:26.475 [SpringApplicationShutdownHook] INFO  o.s.m.s.b.SimpleBrokerMessageHandler - Stopping...
2025-04-23 17:27:26.475 [SpringApplicationShutdownHook] INFO  o.s.m.s.b.SimpleBrokerMessageHandler - BrokerAvailabilityEvent[available=false, SimpleBrokerMessageHandler [org.springframework.messaging.simp.broker.DefaultSubscriptionRegistry@384f8455]]
2025-04-23 17:27:26.475 [SpringApplicationShutdownHook] INFO  o.s.m.s.b.SimpleBrokerMessageHandler - Stopped.
2025-04-23 17:27:30.092 [main] INFO  com.example.auth.AuthApplication - Starting AuthApplication using Java 17.0.12 with PID 49896 (C:\Users\37602\Desktop\s_m\Manage_supervision\backend\target\classes started by 37602 in C:\Users\37602\Desktop\s_m)
2025-04-23 17:27:30.094 [main] INFO  com.example.auth.AuthApplication - No active profile set, falling back to 1 default profile: "default"
2025-04-23 17:27:30.561 [main] INFO  o.s.d.r.c.RepositoryConfigurationDelegate - Bootstrapping Spring Data JPA repositories in DEFAULT mode.
2025-04-23 17:27:30.670 [main] INFO  o.s.d.r.c.RepositoryConfigurationDelegate - Finished Spring Data repository scanning in 103 ms. Found 21 JPA repository interfaces.
2025-04-23 17:27:31.043 [main] INFO  o.s.b.w.e.tomcat.TomcatWebServer - Tomcat initialized with port 8081 (http)
2025-04-23 17:27:31.098 [main] INFO  o.s.b.w.s.c.ServletWebServerApplicationContext - Root WebApplicationContext: initialization completed in 973 ms
2025-04-23 17:27:36.353 [main] INFO  o.s.d.j.r.query.QueryEnhancerFactory - Hibernate is in classpath; If applicable, HQL parser will be used.
2025-04-23 17:27:38.126 [main] INFO  c.e.auth.config.WebSocketConfig - 配置WebSocket客户端入站通道拦截器
2025-04-23 17:27:38.127 [main] INFO  c.e.auth.config.WebSocketConfig - WebSocket客户端入站通道拦截器配置完成
2025-04-23 17:27:38.134 [main] INFO  c.e.auth.config.WebSocketConfig - 配置WebSocket消息代理
2025-04-23 17:27:38.135 [main] INFO  c.e.auth.config.WebSocketConfig - WebSocket消息代理配置完成
2025-04-23 17:27:38.359 [main] INFO  c.e.auth.config.WebSocketConfig - 注册WebSocket端点: /ws
2025-04-23 17:27:38.402 [main] WARN  o.s.b.a.o.j.JpaBaseConfiguration$JpaWebConfiguration - spring.jpa.open-in-view is enabled by default. Therefore, database queries may be performed during view rendering. Explicitly configure spring.jpa.open-in-view to disable this warning
2025-04-23 17:27:38.448 [main] INFO  com.example.auth.config.WebConfig - 配置拦截器，验证用户权限
2025-04-23 17:27:38.450 [main] INFO  com.example.auth.config.WebConfig - 配置CORS，允许前端访问
2025-04-23 17:27:38.451 [main] INFO  com.example.auth.config.WebConfig - CORS配置完成，允许所有来源访问
2025-04-23 17:27:38.510 [main] INFO  com.example.auth.config.WebConfig - 配置资源映射: /uploads/** -> file:C:\Users\37602\Desktop\s_m\uploads/
2025-04-23 17:27:38.636 [main] INFO  o.s.b.w.e.tomcat.TomcatWebServer - Tomcat started on port 8081 (http) with context path ''
2025-04-23 17:27:38.637 [main] INFO  o.s.m.s.b.SimpleBrokerMessageHandler - Starting...
2025-04-23 17:27:38.637 [main] INFO  o.s.m.s.b.SimpleBrokerMessageHandler - BrokerAvailabilityEvent[available=true, SimpleBrokerMessageHandler [org.springframework.messaging.simp.broker.DefaultSubscriptionRegistry@150658c8]]
2025-04-23 17:27:38.637 [main] INFO  o.s.m.s.b.SimpleBrokerMessageHandler - Started.
2025-04-23 17:27:38.641 [main] INFO  com.example.auth.AuthApplication - Started AuthApplication in 8.892 seconds (process running for 9.306)
2025-04-23 17:27:40.071 [http-nio-8081-exec-1] INFO  o.s.web.servlet.DispatcherServlet - Initializing Servlet 'dispatcherServlet'
2025-04-23 17:27:40.073 [http-nio-8081-exec-1] INFO  o.s.web.servlet.DispatcherServlet - Completed initialization in 1 ms
2025-04-23 17:27:41.075 [http-nio-8081-exec-6] INFO  c.e.auth.config.WebSocketConfig - 收到STOMP CONNECT命令
2025-04-23 17:27:41.075 [http-nio-8081-exec-6] INFO  c.e.auth.config.WebSocketConfig - 从WebSocket连接中提取到JWT Token: eyJhbGciOi...
2025-04-23 17:27:41.076 [http-nio-8081-exec-6] INFO  c.e.auth.config.WebSocketConfig - 从JWT Token提取的用户ID: 2
2025-04-23 17:27:41.076 [http-nio-8081-exec-6] INFO  c.e.auth.config.WebSocketConfig - WebSocket连接成功设置用户ID为Principal: 2
2025-04-23 17:27:41.524 [http-nio-8081-exec-2] INFO  c.e.auth.config.WebSocketConfig - 收到STOMP CONNECT命令
2025-04-23 17:27:41.524 [http-nio-8081-exec-2] INFO  c.e.auth.config.WebSocketConfig - 从WebSocket连接中提取到JWT Token: eyJhbGciOi...
2025-04-23 17:27:41.525 [http-nio-8081-exec-2] INFO  c.e.auth.config.WebSocketConfig - 从JWT Token提取的用户ID: 4
2025-04-23 17:27:41.525 [http-nio-8081-exec-2] INFO  c.e.auth.config.WebSocketConfig - WebSocket连接成功设置用户ID为Principal: 4
2025-04-23 17:27:42.398 [http-nio-8081-exec-8] INFO  c.e.auth.config.WebSocketConfig - 收到STOMP CONNECT命令
2025-04-23 17:27:42.398 [http-nio-8081-exec-8] INFO  c.e.auth.config.WebSocketConfig - 从WebSocket连接中提取到JWT Token: eyJhbGciOi...
2025-04-23 17:27:42.399 [http-nio-8081-exec-8] INFO  c.e.auth.config.WebSocketConfig - 从JWT Token提取的用户ID: 4
2025-04-23 17:27:42.400 [http-nio-8081-exec-8] INFO  c.e.auth.config.WebSocketConfig - WebSocket连接成功设置用户ID为Principal: 4
2025-04-23 17:27:44.535 [http-nio-8081-exec-8] INFO  c.e.auth.config.WebSocketConfig - 收到STOMP CONNECT命令
2025-04-23 17:27:44.535 [http-nio-8081-exec-8] INFO  c.e.auth.config.WebSocketConfig - 从WebSocket连接中提取到JWT Token: eyJhbGciOi...
2025-04-23 17:27:44.536 [http-nio-8081-exec-8] INFO  c.e.auth.config.WebSocketConfig - 从JWT Token提取的用户ID: 2
2025-04-23 17:27:44.536 [http-nio-8081-exec-8] INFO  c.e.auth.config.WebSocketConfig - WebSocket连接成功设置用户ID为Principal: 2
2025-04-23 17:27:50.351 [http-nio-8081-exec-3] INFO  c.e.auth.config.WebSocketConfig - 收到STOMP CONNECT命令
2025-04-23 17:27:50.352 [http-nio-8081-exec-3] INFO  c.e.auth.config.WebSocketConfig - 从WebSocket连接中提取到JWT Token: eyJhbGciOi...
2025-04-23 17:27:50.352 [http-nio-8081-exec-3] INFO  c.e.auth.config.WebSocketConfig - 从JWT Token提取的用户ID: 4
2025-04-23 17:27:50.352 [http-nio-8081-exec-3] INFO  c.e.auth.config.WebSocketConfig - WebSocket连接成功设置用户ID为Principal: 4
2025-04-23 17:28:38.619 [MessageBroker-2] INFO  o.s.w.s.c.WebSocketMessageBrokerStats - WebSocketSession[3 current WS(3)-HttpStream(0)-HttpPoll(0), 5 total, 0 closed abnormally (0 connect failure, 0 send limit, 0 transport error)], stompSubProtocol[processed CONNECT(5)-CONNECTED(5)-DISCONNECT(0)], stompBrokerRelay[null], inboundChannel[pool size = 28, active threads = 0, queued tasks = 0, completed tasks = 66], outboundChannel[pool size = 7, active threads = 0, queued tasks = 0, completed tasks = 7], sockJsScheduler[pool size = 14, active threads = 1, queued tasks = 4, completed tasks = 17]
2025-04-23 17:35:18.633 [http-nio-8081-exec-8] INFO  c.e.auth.config.WebSocketConfig - 收到STOMP CONNECT命令
2025-04-23 17:35:18.634 [http-nio-8081-exec-8] INFO  c.e.auth.config.WebSocketConfig - 从WebSocket连接中提取到JWT Token: eyJhbGciOi...
2025-04-23 17:35:18.634 [http-nio-8081-exec-8] INFO  c.e.auth.config.WebSocketConfig - 从JWT Token提取的用户ID: 4
2025-04-23 17:35:18.634 [http-nio-8081-exec-8] INFO  c.e.auth.config.WebSocketConfig - WebSocket连接成功设置用户ID为Principal: 4
2025-04-23 17:35:20.276 [http-nio-8081-exec-4] INFO  c.e.auth.config.WebSocketConfig - 收到STOMP CONNECT命令
2025-04-23 17:35:20.276 [http-nio-8081-exec-4] INFO  c.e.auth.config.WebSocketConfig - 从WebSocket连接中提取到JWT Token: eyJhbGciOi...
2025-04-23 17:35:20.278 [http-nio-8081-exec-4] INFO  c.e.auth.config.WebSocketConfig - 从JWT Token提取的用户ID: 2
2025-04-23 17:35:20.278 [http-nio-8081-exec-4] INFO  c.e.auth.config.WebSocketConfig - WebSocket连接成功设置用户ID为Principal: 2
2025-04-23 17:35:21.546 [http-nio-8081-exec-3] INFO  c.e.auth.config.WebSocketConfig - 收到STOMP CONNECT命令
2025-04-23 17:35:21.547 [http-nio-8081-exec-3] INFO  c.e.auth.config.WebSocketConfig - 从WebSocket连接中提取到JWT Token: eyJhbGciOi...
2025-04-23 17:35:21.548 [http-nio-8081-exec-3] INFO  c.e.auth.config.WebSocketConfig - 从JWT Token提取的用户ID: 2
2025-04-23 17:35:21.548 [http-nio-8081-exec-3] INFO  c.e.auth.config.WebSocketConfig - WebSocket连接成功设置用户ID为Principal: 2
2025-04-23 17:42:13.418 [http-nio-8081-exec-6] INFO  c.e.auth.config.WebSocketConfig - 收到STOMP CONNECT命令
2025-04-23 17:42:13.419 [http-nio-8081-exec-6] INFO  c.e.auth.config.WebSocketConfig - 从WebSocket连接中提取到JWT Token: eyJhbGciOi...
2025-04-23 17:42:13.419 [http-nio-8081-exec-6] INFO  c.e.auth.config.WebSocketConfig - 从JWT Token提取的用户ID: 4
2025-04-23 17:42:13.419 [http-nio-8081-exec-6] INFO  c.e.auth.config.WebSocketConfig - WebSocket连接成功设置用户ID为Principal: 4
2025-04-23 17:42:14.949 [http-nio-8081-exec-9] INFO  c.e.auth.config.WebSocketConfig - 收到STOMP CONNECT命令
2025-04-23 17:42:14.949 [http-nio-8081-exec-9] INFO  c.e.auth.config.WebSocketConfig - 从WebSocket连接中提取到JWT Token: eyJhbGciOi...
2025-04-23 17:42:14.950 [http-nio-8081-exec-9] INFO  c.e.auth.config.WebSocketConfig - 从JWT Token提取的用户ID: 2
2025-04-23 17:42:14.950 [http-nio-8081-exec-9] INFO  c.e.auth.config.WebSocketConfig - WebSocket连接成功设置用户ID为Principal: 2
2025-04-23 17:42:16.095 [http-nio-8081-exec-6] INFO  c.e.auth.config.WebSocketConfig - 收到STOMP CONNECT命令
2025-04-23 17:42:16.095 [http-nio-8081-exec-6] INFO  c.e.auth.config.WebSocketConfig - 从WebSocket连接中提取到JWT Token: eyJhbGciOi...
2025-04-23 17:42:16.095 [http-nio-8081-exec-6] INFO  c.e.auth.config.WebSocketConfig - 从JWT Token提取的用户ID: 2
2025-04-23 17:42:16.095 [http-nio-8081-exec-6] INFO  c.e.auth.config.WebSocketConfig - WebSocket连接成功设置用户ID为Principal: 2
2025-04-23 17:42:40.414 [http-nio-8081-exec-5] INFO  c.e.auth.config.WebSocketConfig - 收到STOMP CONNECT命令
2025-04-23 17:42:40.414 [http-nio-8081-exec-5] INFO  c.e.auth.config.WebSocketConfig - 从WebSocket连接中提取到JWT Token: eyJhbGciOi...
2025-04-23 17:42:40.414 [http-nio-8081-exec-5] INFO  c.e.auth.config.WebSocketConfig - 从JWT Token提取的用户ID: 4
2025-04-23 17:42:40.414 [http-nio-8081-exec-5] INFO  c.e.auth.config.WebSocketConfig - WebSocket连接成功设置用户ID为Principal: 4
2025-04-23 17:42:41.423 [http-nio-8081-exec-8] INFO  c.e.auth.config.WebSocketConfig - 收到STOMP CONNECT命令
2025-04-23 17:42:41.423 [http-nio-8081-exec-8] INFO  c.e.auth.config.WebSocketConfig - 从WebSocket连接中提取到JWT Token: eyJhbGciOi...
2025-04-23 17:42:41.423 [http-nio-8081-exec-8] INFO  c.e.auth.config.WebSocketConfig - 从JWT Token提取的用户ID: 2
2025-04-23 17:42:41.423 [http-nio-8081-exec-8] INFO  c.e.auth.config.WebSocketConfig - WebSocket连接成功设置用户ID为Principal: 2
2025-04-23 17:42:43.647 [http-nio-8081-exec-8] INFO  c.e.auth.config.WebSocketConfig - 收到STOMP CONNECT命令
2025-04-23 17:42:43.647 [http-nio-8081-exec-8] INFO  c.e.auth.config.WebSocketConfig - 从WebSocket连接中提取到JWT Token: eyJhbGciOi...
2025-04-23 17:42:43.647 [http-nio-8081-exec-8] INFO  c.e.auth.config.WebSocketConfig - 从JWT Token提取的用户ID: 2
2025-04-23 17:42:43.648 [http-nio-8081-exec-8] INFO  c.e.auth.config.WebSocketConfig - WebSocket连接成功设置用户ID为Principal: 2
2025-04-23 17:51:28.993 [http-nio-8081-exec-9] INFO  c.e.auth.config.WebSocketConfig - 收到STOMP CONNECT命令
2025-04-23 17:51:28.993 [http-nio-8081-exec-9] INFO  c.e.auth.config.WebSocketConfig - 从WebSocket连接中提取到JWT Token: eyJhbGciOi...
2025-04-23 17:51:28.993 [http-nio-8081-exec-9] INFO  c.e.auth.config.WebSocketConfig - 从JWT Token提取的用户ID: 2
2025-04-23 17:51:28.994 [http-nio-8081-exec-9] INFO  c.e.auth.config.WebSocketConfig - WebSocket连接成功设置用户ID为Principal: 2
2025-04-23 17:51:29.915 [http-nio-8081-exec-6] INFO  c.e.auth.config.WebSocketConfig - 收到STOMP CONNECT命令
2025-04-23 17:51:29.916 [http-nio-8081-exec-6] INFO  c.e.auth.config.WebSocketConfig - 从WebSocket连接中提取到JWT Token: eyJhbGciOi...
2025-04-23 17:51:29.917 [http-nio-8081-exec-6] INFO  c.e.auth.config.WebSocketConfig - 从JWT Token提取的用户ID: 4
2025-04-23 17:51:29.917 [http-nio-8081-exec-6] INFO  c.e.auth.config.WebSocketConfig - WebSocket连接成功设置用户ID为Principal: 4
2025-04-23 17:51:31.368 [http-nio-8081-exec-8] INFO  c.e.auth.config.WebSocketConfig - 收到STOMP CONNECT命令
2025-04-23 17:51:31.368 [http-nio-8081-exec-8] INFO  c.e.auth.config.WebSocketConfig - 从WebSocket连接中提取到JWT Token: eyJhbGciOi...
2025-04-23 17:51:31.369 [http-nio-8081-exec-8] INFO  c.e.auth.config.WebSocketConfig - 从JWT Token提取的用户ID: 2
2025-04-23 17:51:31.369 [http-nio-8081-exec-8] INFO  c.e.auth.config.WebSocketConfig - WebSocket连接成功设置用户ID为Principal: 2
2025-04-23 17:52:13.529 [http-nio-8081-exec-9] INFO  c.e.a.c.SupervisorController - Supervisor requested their assigned students list, ID: 2
2025-04-23 17:52:13.529 [http-nio-8081-exec-9] INFO  c.e.a.service.impl.UserServiceImpl - 获取教师ID为2的学生列表
2025-04-23 17:52:13.887 [http-nio-8081-exec-9] INFO  c.e.a.c.SupervisorController - 未找到分配给督导员ID: 2的学生
2025-04-23 17:52:40.353 [SpringApplicationShutdownHook] INFO  o.s.m.s.b.SimpleBrokerMessageHandler - Stopping...
2025-04-23 17:52:40.353 [SpringApplicationShutdownHook] INFO  o.s.m.s.b.SimpleBrokerMessageHandler - BrokerAvailabilityEvent[available=false, SimpleBrokerMessageHandler [org.springframework.messaging.simp.broker.DefaultSubscriptionRegistry@150658c8]]
2025-04-23 17:52:40.353 [SpringApplicationShutdownHook] INFO  o.s.m.s.b.SimpleBrokerMessageHandler - Stopped.
2025-04-23 17:55:14.288 [main] INFO  com.example.auth.AuthApplication - Starting AuthApplication using Java 17.0.12 with PID 19352 (C:\Users\37602\Desktop\s_m\Manage_supervision\backend\target\classes started by 37602 in C:\Users\37602\Desktop\s_m)
2025-04-23 17:55:14.290 [main] INFO  com.example.auth.AuthApplication - No active profile set, falling back to 1 default profile: "default"
2025-04-23 17:55:14.780 [main] INFO  o.s.d.r.c.RepositoryConfigurationDelegate - Bootstrapping Spring Data JPA repositories in DEFAULT mode.
2025-04-23 17:55:14.876 [main] INFO  o.s.d.r.c.RepositoryConfigurationDelegate - Finished Spring Data repository scanning in 90 ms. Found 21 JPA repository interfaces.
2025-04-23 17:55:15.194 [main] INFO  o.s.b.w.e.tomcat.TomcatWebServer - Tomcat initialized with port 8081 (http)
2025-04-23 17:55:15.241 [main] INFO  o.s.b.w.s.c.ServletWebServerApplicationContext - Root WebApplicationContext: initialization completed in 921 ms
2025-04-23 17:55:20.278 [main] INFO  o.s.d.j.r.query.QueryEnhancerFactory - Hibernate is in classpath; If applicable, HQL parser will be used.
2025-04-23 17:55:21.930 [main] INFO  c.e.auth.config.WebSocketConfig - 配置WebSocket客户端入站通道拦截器
2025-04-23 17:55:21.931 [main] INFO  c.e.auth.config.WebSocketConfig - WebSocket客户端入站通道拦截器配置完成
2025-04-23 17:55:21.937 [main] INFO  c.e.auth.config.WebSocketConfig - 配置WebSocket消息代理
2025-04-23 17:55:21.938 [main] INFO  c.e.auth.config.WebSocketConfig - WebSocket消息代理配置完成
2025-04-23 17:55:22.148 [main] INFO  c.e.auth.config.WebSocketConfig - 注册WebSocket端点: /ws
2025-04-23 17:55:22.191 [main] WARN  o.s.b.a.o.j.JpaBaseConfiguration$JpaWebConfiguration - spring.jpa.open-in-view is enabled by default. Therefore, database queries may be performed during view rendering. Explicitly configure spring.jpa.open-in-view to disable this warning
2025-04-23 17:55:22.232 [main] INFO  com.example.auth.config.WebConfig - 配置拦截器，验证用户权限
2025-04-23 17:55:22.234 [main] INFO  com.example.auth.config.WebConfig - 配置CORS，允许前端访问
2025-04-23 17:55:22.235 [main] INFO  com.example.auth.config.WebConfig - CORS配置完成，允许所有来源访问
2025-04-23 17:55:22.292 [main] INFO  com.example.auth.config.WebConfig - 配置资源映射: /uploads/** -> file:C:\Users\37602\Desktop\s_m\uploads/
2025-04-23 17:55:22.404 [main] INFO  o.s.b.w.e.tomcat.TomcatWebServer - Tomcat started on port 8081 (http) with context path ''
2025-04-23 17:55:22.405 [main] INFO  o.s.m.s.b.SimpleBrokerMessageHandler - Starting...
2025-04-23 17:55:22.405 [main] INFO  o.s.m.s.b.SimpleBrokerMessageHandler - BrokerAvailabilityEvent[available=true, SimpleBrokerMessageHandler [org.springframework.messaging.simp.broker.DefaultSubscriptionRegistry@218e188e]]
2025-04-23 17:55:22.406 [main] INFO  o.s.m.s.b.SimpleBrokerMessageHandler - Started.
2025-04-23 17:55:22.409 [main] INFO  com.example.auth.AuthApplication - Started AuthApplication in 8.46 seconds (process running for 8.861)
2025-04-23 17:55:22.576 [http-nio-8081-exec-1] INFO  o.s.web.servlet.DispatcherServlet - Initializing Servlet 'dispatcherServlet'
2025-04-23 17:55:22.577 [http-nio-8081-exec-1] INFO  o.s.web.servlet.DispatcherServlet - Completed initialization in 1 ms
2025-04-23 17:55:22.987 [http-nio-8081-exec-2] INFO  c.e.auth.config.WebSocketConfig - 收到STOMP CONNECT命令
2025-04-23 17:55:22.987 [http-nio-8081-exec-2] INFO  c.e.auth.config.WebSocketConfig - 从WebSocket连接中提取到JWT Token: eyJhbGciOi...
2025-04-23 17:55:23.113 [http-nio-8081-exec-2] INFO  c.e.auth.config.WebSocketConfig - 从JWT Token提取的用户ID: 2
2025-04-23 17:55:23.113 [http-nio-8081-exec-2] INFO  c.e.auth.config.WebSocketConfig - WebSocket连接成功设置用户ID为Principal: 2
2025-04-23 17:55:26.440 [http-nio-8081-exec-1] INFO  c.e.auth.config.WebSocketConfig - 收到STOMP CONNECT命令
2025-04-23 17:55:26.440 [http-nio-8081-exec-1] INFO  c.e.auth.config.WebSocketConfig - 从WebSocket连接中提取到JWT Token: eyJhbGciOi...
2025-04-23 17:55:26.441 [http-nio-8081-exec-1] INFO  c.e.auth.config.WebSocketConfig - 从JWT Token提取的用户ID: 2
2025-04-23 17:55:26.441 [http-nio-8081-exec-1] INFO  c.e.auth.config.WebSocketConfig - WebSocket连接成功设置用户ID为Principal: 2
2025-04-23 17:55:29.374 [http-nio-8081-exec-5] INFO  c.e.a.c.SupervisorController - Supervisor requested their assigned students list, ID: 2
2025-04-23 17:55:29.375 [http-nio-8081-exec-5] INFO  c.e.a.service.impl.UserServiceImpl - 获取教师ID为2的学生列表
2025-04-23 17:55:29.710 [http-nio-8081-exec-5] INFO  c.e.a.c.SupervisorController - 未找到分配给督导员ID: 2的学生
2025-04-23 17:55:30.182 [http-nio-8081-exec-9] INFO  c.e.auth.config.WebSocketConfig - 收到STOMP CONNECT命令
2025-04-23 17:55:30.182 [http-nio-8081-exec-9] INFO  c.e.auth.config.WebSocketConfig - 从WebSocket连接中提取到JWT Token: eyJhbGciOi...
2025-04-23 17:55:30.183 [http-nio-8081-exec-9] INFO  c.e.auth.config.WebSocketConfig - 从JWT Token提取的用户ID: 4
2025-04-23 17:55:30.183 [http-nio-8081-exec-9] INFO  c.e.auth.config.WebSocketConfig - WebSocket连接成功设置用户ID为Principal: 4
2025-04-23 17:55:37.857 [http-nio-8081-exec-2] INFO  c.e.a.c.SupervisorController - Supervisor requested their assigned students list, ID: 2
2025-04-23 17:55:37.857 [http-nio-8081-exec-2] INFO  c.e.a.service.impl.UserServiceImpl - 获取教师ID为2的学生列表
2025-04-23 17:55:38.176 [http-nio-8081-exec-2] INFO  c.e.a.c.SupervisorController - 未找到分配给督导员ID: 2的学生
2025-04-23 17:55:38.231 [http-nio-8081-exec-5] INFO  c.e.auth.config.WebSocketConfig - 收到STOMP CONNECT命令
2025-04-23 17:55:38.231 [http-nio-8081-exec-5] INFO  c.e.auth.config.WebSocketConfig - 从WebSocket连接中提取到JWT Token: eyJhbGciOi...
2025-04-23 17:55:38.233 [http-nio-8081-exec-5] INFO  c.e.auth.config.WebSocketConfig - 从JWT Token提取的用户ID: 2
2025-04-23 17:55:38.234 [http-nio-8081-exec-5] INFO  c.e.auth.config.WebSocketConfig - WebSocket连接成功设置用户ID为Principal: 2
2025-04-23 17:55:38.986 [http-nio-8081-exec-5] INFO  c.e.auth.config.WebSocketConfig - 收到STOMP CONNECT命令
2025-04-23 17:55:38.986 [http-nio-8081-exec-5] INFO  c.e.auth.config.WebSocketConfig - 从WebSocket连接中提取到JWT Token: eyJhbGciOi...
2025-04-23 17:55:38.987 [http-nio-8081-exec-5] INFO  c.e.auth.config.WebSocketConfig - 从JWT Token提取的用户ID: 2
2025-04-23 17:55:38.987 [http-nio-8081-exec-5] INFO  c.e.auth.config.WebSocketConfig - WebSocket连接成功设置用户ID为Principal: 2
2025-04-23 17:55:39.070 [http-nio-8081-exec-4] INFO  c.e.auth.config.WebSocketConfig - 收到STOMP CONNECT命令
2025-04-23 17:55:39.071 [http-nio-8081-exec-4] INFO  c.e.auth.config.WebSocketConfig - 从WebSocket连接中提取到JWT Token: eyJhbGciOi...
2025-04-23 17:55:39.071 [http-nio-8081-exec-4] INFO  c.e.auth.config.WebSocketConfig - 从JWT Token提取的用户ID: 4
2025-04-23 17:55:39.071 [http-nio-8081-exec-4] INFO  c.e.auth.config.WebSocketConfig - WebSocket连接成功设置用户ID为Principal: 4
2025-04-23 17:55:41.606 [SpringApplicationShutdownHook] INFO  o.s.m.s.b.SimpleBrokerMessageHandler - Stopping...
2025-04-23 17:55:41.606 [SpringApplicationShutdownHook] INFO  o.s.m.s.b.SimpleBrokerMessageHandler - BrokerAvailabilityEvent[available=false, SimpleBrokerMessageHandler [org.springframework.messaging.simp.broker.DefaultSubscriptionRegistry@218e188e]]
2025-04-23 17:55:41.606 [SpringApplicationShutdownHook] INFO  o.s.m.s.b.SimpleBrokerMessageHandler - Stopped.
2025-04-23 17:55:46.120 [main] INFO  com.example.auth.AuthApplication - Starting AuthApplication using Java 17.0.12 with PID 50960 (C:\Users\37602\Desktop\s_m\Manage_supervision\backend\target\classes started by 37602 in C:\Users\37602\Desktop\s_m)
2025-04-23 17:55:46.122 [main] INFO  com.example.auth.AuthApplication - No active profile set, falling back to 1 default profile: "default"
2025-04-23 17:55:46.732 [main] INFO  o.s.d.r.c.RepositoryConfigurationDelegate - Bootstrapping Spring Data JPA repositories in DEFAULT mode.
2025-04-23 17:55:46.824 [main] INFO  o.s.d.r.c.RepositoryConfigurationDelegate - Finished Spring Data repository scanning in 86 ms. Found 21 JPA repository interfaces.
2025-04-23 17:55:47.240 [main] INFO  o.s.b.w.e.tomcat.TomcatWebServer - Tomcat initialized with port 8081 (http)
2025-04-23 17:55:47.299 [main] INFO  o.s.b.w.s.c.ServletWebServerApplicationContext - Root WebApplicationContext: initialization completed in 1118 ms
2025-04-23 17:55:52.488 [main] INFO  o.s.d.j.r.query.QueryEnhancerFactory - Hibernate is in classpath; If applicable, HQL parser will be used.
2025-04-23 17:55:54.328 [main] INFO  c.e.auth.config.WebSocketConfig - 配置WebSocket客户端入站通道拦截器
2025-04-23 17:55:54.330 [main] INFO  c.e.auth.config.WebSocketConfig - WebSocket客户端入站通道拦截器配置完成
2025-04-23 17:55:54.338 [main] INFO  c.e.auth.config.WebSocketConfig - 配置WebSocket消息代理
2025-04-23 17:55:54.339 [main] INFO  c.e.auth.config.WebSocketConfig - WebSocket消息代理配置完成
2025-04-23 17:55:54.591 [main] INFO  c.e.auth.config.WebSocketConfig - 注册WebSocket端点: /ws
2025-04-23 17:55:54.651 [main] WARN  o.s.b.a.o.j.JpaBaseConfiguration$JpaWebConfiguration - spring.jpa.open-in-view is enabled by default. Therefore, database queries may be performed during view rendering. Explicitly configure spring.jpa.open-in-view to disable this warning
2025-04-23 17:55:54.708 [main] INFO  com.example.auth.config.WebConfig - 配置拦截器，验证用户权限
2025-04-23 17:55:54.711 [main] INFO  com.example.auth.config.WebConfig - 配置CORS，允许前端访问
2025-04-23 17:55:54.712 [main] INFO  com.example.auth.config.WebConfig - CORS配置完成，允许所有来源访问
2025-04-23 17:55:54.791 [main] INFO  com.example.auth.config.WebConfig - 配置资源映射: /uploads/** -> file:C:\Users\37602\Desktop\s_m\uploads/
2025-04-23 17:55:54.938 [main] INFO  o.s.b.w.e.tomcat.TomcatWebServer - Tomcat started on port 8081 (http) with context path ''
2025-04-23 17:55:54.939 [main] INFO  o.s.m.s.b.SimpleBrokerMessageHandler - Starting...
2025-04-23 17:55:54.939 [main] INFO  o.s.m.s.b.SimpleBrokerMessageHandler - BrokerAvailabilityEvent[available=true, SimpleBrokerMessageHandler [org.springframework.messaging.simp.broker.DefaultSubscriptionRegistry@6dc12603]]
2025-04-23 17:55:54.940 [main] INFO  o.s.m.s.b.SimpleBrokerMessageHandler - Started.
2025-04-23 17:55:54.944 [main] INFO  com.example.auth.AuthApplication - Started AuthApplication in 9.197 seconds (process running for 9.737)
2025-04-23 17:55:55.759 [http-nio-8081-exec-1] INFO  o.s.web.servlet.DispatcherServlet - Initializing Servlet 'dispatcherServlet'
2025-04-23 17:55:55.761 [http-nio-8081-exec-1] INFO  o.s.web.servlet.DispatcherServlet - Completed initialization in 2 ms
2025-04-23 17:55:56.904 [http-nio-8081-exec-5] INFO  c.e.auth.config.WebSocketConfig - 收到STOMP CONNECT命令
2025-04-23 17:55:56.904 [http-nio-8081-exec-5] INFO  c.e.auth.config.WebSocketConfig - 从WebSocket连接中提取到JWT Token: eyJhbGciOi...
2025-04-23 17:55:56.905 [http-nio-8081-exec-5] INFO  c.e.auth.config.WebSocketConfig - 从JWT Token提取的用户ID: 3
2025-04-23 17:55:56.905 [http-nio-8081-exec-5] INFO  c.e.auth.config.WebSocketConfig - WebSocket连接成功设置用户ID为Principal: 3
2025-04-23 17:55:58.145 [http-nio-8081-exec-2] INFO  c.e.auth.config.WebSocketConfig - 收到STOMP CONNECT命令
2025-04-23 17:55:58.145 [http-nio-8081-exec-2] INFO  c.e.auth.config.WebSocketConfig - 从WebSocket连接中提取到JWT Token: eyJhbGciOi...
2025-04-23 17:55:58.146 [http-nio-8081-exec-2] INFO  c.e.auth.config.WebSocketConfig - 从JWT Token提取的用户ID: 4
2025-04-23 17:55:58.146 [http-nio-8081-exec-2] INFO  c.e.auth.config.WebSocketConfig - WebSocket连接成功设置用户ID为Principal: 4
2025-04-23 17:55:58.526 [http-nio-8081-exec-10] INFO  c.e.a.c.SupervisorController - Supervisor requested their assigned students list, ID: 3
2025-04-23 17:55:58.526 [http-nio-8081-exec-10] INFO  c.e.a.service.impl.UserServiceImpl - 获取教师ID为3的学生列表
2025-04-23 17:55:58.897 [http-nio-8081-exec-10] INFO  c.e.a.c.SupervisorController - 学生数据示例: id=4, name=吕布, userNumber=S25900922
2025-04-23 17:55:59.554 [http-nio-8081-exec-4] INFO  c.e.auth.config.WebSocketConfig - 收到STOMP CONNECT命令
2025-04-23 17:55:59.554 [http-nio-8081-exec-4] INFO  c.e.auth.config.WebSocketConfig - 从WebSocket连接中提取到JWT Token: eyJhbGciOi...
2025-04-23 17:55:59.555 [http-nio-8081-exec-4] INFO  c.e.auth.config.WebSocketConfig - 从JWT Token提取的用户ID: 2
2025-04-23 17:55:59.555 [http-nio-8081-exec-4] INFO  c.e.auth.config.WebSocketConfig - WebSocket连接成功设置用户ID为Principal: 2
2025-04-23 17:56:40.591 [http-nio-8081-exec-2] INFO  c.e.a.service.impl.UserServiceImpl - 用户 222 头像更新成功
2025-04-23 17:56:54.917 [MessageBroker-3] INFO  o.s.w.s.c.WebSocketMessageBrokerStats - WebSocketSession[3 current WS(3)-HttpStream(0)-HttpPoll(0), 3 total, 0 closed abnormally (0 connect failure, 0 send limit, 0 transport error)], stompSubProtocol[processed CONNECT(3)-CONNECTED(3)-DISCONNECT(0)], stompBrokerRelay[null], inboundChannel[pool size = 28, active threads = 0, queued tasks = 0, completed tasks = 36], outboundChannel[pool size = 3, active threads = 0, queued tasks = 0, completed tasks = 3], sockJsScheduler[pool size = 14, active threads = 1, queued tasks = 4, completed tasks = 18]
2025-04-23 17:56:59.626 [http-nio-8081-exec-1] INFO  c.e.a.c.SupervisorController - Supervisor requested all students list
2025-04-23 17:56:59.626 [http-nio-8081-exec-1] INFO  c.e.a.service.impl.UserServiceImpl - 获取所有学生列表
2025-04-23 18:00:50.216 [http-nio-8081-exec-3] INFO  c.e.auth.config.WebSocketConfig - 收到STOMP CONNECT命令
2025-04-23 18:00:50.216 [http-nio-8081-exec-3] INFO  c.e.auth.config.WebSocketConfig - 从WebSocket连接中提取到JWT Token: eyJhbGciOi...
2025-04-23 18:00:50.218 [http-nio-8081-exec-3] INFO  c.e.auth.config.WebSocketConfig - 从JWT Token提取的用户ID: 3
2025-04-23 18:00:50.218 [http-nio-8081-exec-3] INFO  c.e.auth.config.WebSocketConfig - WebSocket连接成功设置用户ID为Principal: 3
2025-04-23 18:00:51.262 [http-nio-8081-exec-5] INFO  c.e.auth.config.WebSocketConfig - 收到STOMP CONNECT命令
2025-04-23 18:00:51.263 [http-nio-8081-exec-5] INFO  c.e.auth.config.WebSocketConfig - 从WebSocket连接中提取到JWT Token: eyJhbGciOi...
2025-04-23 18:00:51.266 [http-nio-8081-exec-5] INFO  c.e.auth.config.WebSocketConfig - 从JWT Token提取的用户ID: 2
2025-04-23 18:00:51.267 [http-nio-8081-exec-5] INFO  c.e.auth.config.WebSocketConfig - WebSocket连接成功设置用户ID为Principal: 2
2025-04-23 20:17:20.626 [MessageBroker-4] INFO  o.s.w.s.c.WebSocketMessageBrokerStats - WebSocketSession[1 current WS(1)-HttpStream(0)-HttpPoll(0), 5 total, 0 closed abnormally (0 connect failure, 0 send limit, 4 transport error)], stompSubProtocol[processed CONNECT(5)-CONNECTED(5)-DISCONNECT(0)], stompBrokerRelay[null], inboundChannel[pool size = 28, active threads = 0, queued tasks = 0, completed tasks = 72], outboundChannel[pool size = 6, active threads = 0, queued tasks = 0, completed tasks = 9], sockJsScheduler[pool size = 14, active threads = 3, queued tasks = 1, completed tasks = 125]
2025-04-23 20:17:20.871 [http-nio-8081-exec-3] INFO  c.e.auth.config.WebSocketConfig - 收到STOMP CONNECT命令
2025-04-23 20:17:20.871 [http-nio-8081-exec-3] INFO  c.e.auth.config.WebSocketConfig - 从WebSocket连接中提取到JWT Token: eyJhbGciOi...
2025-04-23 20:17:20.873 [http-nio-8081-exec-3] INFO  c.e.auth.config.WebSocketConfig - 从JWT Token提取的用户ID: 2
2025-04-23 20:17:20.873 [http-nio-8081-exec-3] INFO  c.e.auth.config.WebSocketConfig - WebSocket连接成功设置用户ID为Principal: 2
2025-04-23 20:17:32.051 [http-nio-8081-exec-9] INFO  c.e.auth.config.WebSocketConfig - 收到STOMP CONNECT命令
2025-04-23 20:17:32.051 [http-nio-8081-exec-9] INFO  c.e.auth.config.WebSocketConfig - 从WebSocket连接中提取到JWT Token: eyJhbGciOi...
2025-04-23 20:17:32.051 [http-nio-8081-exec-9] INFO  c.e.auth.config.WebSocketConfig - 从JWT Token提取的用户ID: 3
2025-04-23 20:17:32.051 [http-nio-8081-exec-9] INFO  c.e.auth.config.WebSocketConfig - WebSocket连接成功设置用户ID为Principal: 3
2025-04-23 20:17:37.831 [http-nio-8081-exec-10] INFO  c.e.auth.config.WebSocketConfig - 收到STOMP CONNECT命令
2025-04-23 20:17:37.831 [http-nio-8081-exec-10] INFO  c.e.auth.config.WebSocketConfig - 从WebSocket连接中提取到JWT Token: eyJhbGciOi...
2025-04-23 20:17:37.831 [http-nio-8081-exec-10] INFO  c.e.auth.config.WebSocketConfig - 从JWT Token提取的用户ID: 2
2025-04-23 20:17:37.831 [http-nio-8081-exec-10] INFO  c.e.auth.config.WebSocketConfig - WebSocket连接成功设置用户ID为Principal: 2
2025-04-23 20:20:51.408 [http-nio-8081-exec-5] INFO  c.e.auth.config.WebSocketConfig - 收到STOMP CONNECT命令
2025-04-23 20:20:51.408 [http-nio-8081-exec-5] INFO  c.e.auth.config.WebSocketConfig - 从WebSocket连接中提取到JWT Token: eyJhbGciOi...
2025-04-23 20:20:51.410 [http-nio-8081-exec-5] INFO  c.e.auth.config.WebSocketConfig - 从JWT Token提取的用户ID: 4
2025-04-23 20:20:51.410 [http-nio-8081-exec-5] INFO  c.e.auth.config.WebSocketConfig - WebSocket连接成功设置用户ID为Principal: 4
2025-04-23 20:21:41.374 [SpringApplicationShutdownHook] INFO  o.s.m.s.b.SimpleBrokerMessageHandler - Stopping...
2025-04-23 20:21:41.375 [SpringApplicationShutdownHook] INFO  o.s.m.s.b.SimpleBrokerMessageHandler - BrokerAvailabilityEvent[available=false, SimpleBrokerMessageHandler [org.springframework.messaging.simp.broker.DefaultSubscriptionRegistry@6dc12603]]
2025-04-23 20:21:41.375 [SpringApplicationShutdownHook] INFO  o.s.m.s.b.SimpleBrokerMessageHandler - Stopped.
2025-04-23 20:21:45.048 [main] INFO  com.example.auth.AuthApplication - Starting AuthApplication using Java 17.0.12 with PID 36012 (C:\Users\37602\Desktop\s_m\Manage_supervision\backend\target\classes started by 37602 in C:\Users\37602\Desktop\s_m)
2025-04-23 20:21:45.048 [main] INFO  com.example.auth.AuthApplication - No active profile set, falling back to 1 default profile: "default"
2025-04-23 20:21:45.511 [main] INFO  o.s.d.r.c.RepositoryConfigurationDelegate - Bootstrapping Spring Data JPA repositories in DEFAULT mode.
2025-04-23 20:21:45.595 [main] INFO  o.s.d.r.c.RepositoryConfigurationDelegate - Finished Spring Data repository scanning in 78 ms. Found 21 JPA repository interfaces.
2025-04-23 20:21:45.954 [main] INFO  o.s.b.w.e.tomcat.TomcatWebServer - Tomcat initialized with port 8081 (http)
2025-04-23 20:21:46.010 [main] INFO  o.s.b.w.s.c.ServletWebServerApplicationContext - Root WebApplicationContext: initialization completed in 932 ms
2025-04-23 20:21:50.995 [main] INFO  o.s.d.j.r.query.QueryEnhancerFactory - Hibernate is in classpath; If applicable, HQL parser will be used.
2025-04-23 20:21:52.560 [main] INFO  c.e.auth.config.WebSocketConfig - 配置WebSocket客户端入站通道拦截器
2025-04-23 20:21:52.561 [main] INFO  c.e.auth.config.WebSocketConfig - WebSocket客户端入站通道拦截器配置完成
2025-04-23 20:21:52.565 [main] INFO  c.e.auth.config.WebSocketConfig - 配置WebSocket消息代理
2025-04-23 20:21:52.566 [main] INFO  c.e.auth.config.WebSocketConfig - WebSocket消息代理配置完成
2025-04-23 20:21:52.753 [main] INFO  c.e.auth.config.WebSocketConfig - 注册WebSocket端点: /ws
2025-04-23 20:21:52.803 [main] WARN  o.s.b.a.o.j.JpaBaseConfiguration$JpaWebConfiguration - spring.jpa.open-in-view is enabled by default. Therefore, database queries may be performed during view rendering. Explicitly configure spring.jpa.open-in-view to disable this warning
2025-04-23 20:21:52.848 [main] INFO  com.example.auth.config.WebConfig - 配置拦截器，验证用户权限
2025-04-23 20:21:52.850 [main] INFO  com.example.auth.config.WebConfig - 配置CORS，允许前端访问
2025-04-23 20:21:52.851 [main] INFO  com.example.auth.config.WebConfig - CORS配置完成，允许所有来源访问
2025-04-23 20:21:52.901 [main] INFO  com.example.auth.config.WebConfig - 配置资源映射: /uploads/** -> file:C:\Users\37602\Desktop\s_m\uploads/
2025-04-23 20:21:52.998 [main] INFO  o.s.b.w.e.tomcat.TomcatWebServer - Tomcat started on port 8081 (http) with context path ''
2025-04-23 20:21:52.999 [main] INFO  o.s.m.s.b.SimpleBrokerMessageHandler - Starting...
2025-04-23 20:21:53.000 [main] INFO  o.s.m.s.b.SimpleBrokerMessageHandler - BrokerAvailabilityEvent[available=true, SimpleBrokerMessageHandler [org.springframework.messaging.simp.broker.DefaultSubscriptionRegistry@7f6469b1]]
2025-04-23 20:21:53.000 [main] INFO  o.s.m.s.b.SimpleBrokerMessageHandler - Started.
2025-04-23 20:21:53.004 [main] INFO  com.example.auth.AuthApplication - Started AuthApplication in 8.282 seconds (process running for 8.66)
2025-04-23 20:21:53.270 [http-nio-8081-exec-1] INFO  o.s.web.servlet.DispatcherServlet - Initializing Servlet 'dispatcherServlet'
2025-04-23 20:21:53.271 [http-nio-8081-exec-1] INFO  o.s.web.servlet.DispatcherServlet - Completed initialization in 1 ms
2025-04-23 20:21:53.661 [http-nio-8081-exec-4] INFO  c.e.auth.config.WebSocketConfig - 收到STOMP CONNECT命令
2025-04-23 20:21:53.661 [http-nio-8081-exec-3] INFO  c.e.auth.config.WebSocketConfig - 收到STOMP CONNECT命令
2025-04-23 20:21:53.661 [http-nio-8081-exec-3] INFO  c.e.auth.config.WebSocketConfig - 从WebSocket连接中提取到JWT Token: eyJhbGciOi...
2025-04-23 20:21:53.661 [http-nio-8081-exec-4] INFO  c.e.auth.config.WebSocketConfig - 从WebSocket连接中提取到JWT Token: eyJhbGciOi...
2025-04-23 20:21:53.724 [http-nio-8081-exec-3] INFO  c.e.auth.config.WebSocketConfig - 从JWT Token提取的用户ID: 3
2025-04-23 20:21:53.724 [http-nio-8081-exec-4] INFO  c.e.auth.config.WebSocketConfig - 从JWT Token提取的用户ID: 2
2025-04-23 20:21:53.724 [http-nio-8081-exec-4] INFO  c.e.auth.config.WebSocketConfig - WebSocket连接成功设置用户ID为Principal: 2
2025-04-23 20:21:53.724 [http-nio-8081-exec-3] INFO  c.e.auth.config.WebSocketConfig - WebSocket连接成功设置用户ID为Principal: 3
2025-04-23 20:21:57.659 [http-nio-8081-exec-2] INFO  c.e.auth.config.WebSocketConfig - 收到STOMP CONNECT命令
2025-04-23 20:21:57.660 [http-nio-8081-exec-2] INFO  c.e.auth.config.WebSocketConfig - 从WebSocket连接中提取到JWT Token: eyJhbGciOi...
2025-04-23 20:21:57.660 [http-nio-8081-exec-2] INFO  c.e.auth.config.WebSocketConfig - 从JWT Token提取的用户ID: 4
2025-04-23 20:21:57.660 [http-nio-8081-exec-2] INFO  c.e.auth.config.WebSocketConfig - WebSocket连接成功设置用户ID为Principal: 4
2025-04-23 20:21:58.898 [http-nio-8081-exec-2] INFO  c.e.auth.config.WebSocketConfig - 收到STOMP CONNECT命令
2025-04-23 20:21:58.898 [http-nio-8081-exec-2] INFO  c.e.auth.config.WebSocketConfig - 从WebSocket连接中提取到JWT Token: eyJhbGciOi...
2025-04-23 20:21:58.899 [http-nio-8081-exec-2] INFO  c.e.auth.config.WebSocketConfig - 从JWT Token提取的用户ID: 3
2025-04-23 20:21:58.899 [http-nio-8081-exec-2] INFO  c.e.auth.config.WebSocketConfig - WebSocket连接成功设置用户ID为Principal: 3
2025-04-23 20:22:02.444 [http-nio-8081-exec-7] INFO  c.e.auth.config.WebSocketConfig - 收到STOMP CONNECT命令
2025-04-23 20:22:02.444 [http-nio-8081-exec-7] INFO  c.e.auth.config.WebSocketConfig - 从WebSocket连接中提取到JWT Token: eyJhbGciOi...
2025-04-23 20:22:02.445 [http-nio-8081-exec-7] INFO  c.e.auth.config.WebSocketConfig - 从JWT Token提取的用户ID: 2
2025-04-23 20:22:02.446 [http-nio-8081-exec-7] INFO  c.e.auth.config.WebSocketConfig - WebSocket连接成功设置用户ID为Principal: 2
2025-04-23 20:22:53.000 [MessageBroker-2] INFO  o.s.w.s.c.WebSocketMessageBrokerStats - WebSocketSession[3 current WS(3)-HttpStream(0)-HttpPoll(0), 5 total, 0 closed abnormally (0 connect failure, 0 send limit, 0 transport error)], stompSubProtocol[processed CONNECT(5)-CONNECTED(5)-DISCONNECT(0)], stompBrokerRelay[null], inboundChannel[pool size = 28, active threads = 0, queued tasks = 0, completed tasks = 66], outboundChannel[pool size = 7, active threads = 0, queued tasks = 0, completed tasks = 7], sockJsScheduler[pool size = 14, active threads = 1, queued tasks = 4, completed tasks = 18]
2025-04-23 20:26:29.333 [http-nio-8081-exec-10] INFO  c.e.auth.controller.BillController - 获取班级ID=5的所有学生账单
2025-04-23 20:26:29.333 [http-nio-8081-exec-10] INFO  c.e.a.service.impl.BillServiceImpl - 获取班级ID=5的所有学生账单
2025-04-23 20:26:29.606 [http-nio-8081-exec-10] WARN  c.e.auth.controller.BillController - 班级不存在: 班级不存在
2025-04-23 20:26:48.540 [http-nio-8081-exec-8] INFO  c.e.auth.controller.BillController - 获取班级ID=5的所有学生账单
2025-04-23 20:26:48.541 [http-nio-8081-exec-8] INFO  c.e.a.service.impl.BillServiceImpl - 获取班级ID=5的所有学生账单
2025-04-23 20:26:48.866 [http-nio-8081-exec-8] WARN  c.e.auth.controller.BillController - 班级不存在: 班级不存在
2025-04-23 20:27:02.314 [http-nio-8081-exec-4] INFO  c.e.auth.config.WebSocketConfig - 收到STOMP CONNECT命令
2025-04-23 20:27:02.314 [http-nio-8081-exec-4] INFO  c.e.auth.config.WebSocketConfig - 从WebSocket连接中提取到JWT Token: eyJhbGciOi...
2025-04-23 20:27:02.315 [http-nio-8081-exec-4] INFO  c.e.auth.config.WebSocketConfig - 从JWT Token提取的用户ID: 3
2025-04-23 20:27:02.315 [http-nio-8081-exec-4] INFO  c.e.auth.config.WebSocketConfig - WebSocket连接成功设置用户ID为Principal: 3
2025-04-23 20:27:02.633 [http-nio-8081-exec-3] INFO  c.e.auth.controller.BillController - 获取班级ID=5的所有学生账单
2025-04-23 20:27:02.633 [http-nio-8081-exec-3] INFO  c.e.a.service.impl.BillServiceImpl - 获取班级ID=5的所有学生账单
2025-04-23 20:27:02.914 [http-nio-8081-exec-3] WARN  c.e.auth.controller.BillController - 班级不存在: 班级不存在
2025-04-23 20:27:31.453 [http-nio-8081-exec-2] INFO  c.e.auth.controller.BillController - 获取班级ID=5的所有学生账单
2025-04-23 20:27:31.454 [http-nio-8081-exec-2] INFO  c.e.a.service.impl.BillServiceImpl - 获取班级ID=5的所有学生账单
2025-04-23 20:27:31.732 [http-nio-8081-exec-2] WARN  c.e.auth.controller.BillController - 班级不存在: 班级不存在
2025-04-23 20:28:22.252 [http-nio-8081-exec-4] INFO  c.e.auth.controller.BillController - 获取班级ID=5的所有学生账单
2025-04-23 20:28:22.252 [http-nio-8081-exec-4] INFO  c.e.a.service.impl.BillServiceImpl - 获取班级ID=5的所有学生账单
2025-04-23 20:28:22.545 [http-nio-8081-exec-4] WARN  c.e.auth.controller.BillController - 班级不存在: 班级不存在
2025-04-23 20:28:42.770 [http-nio-8081-exec-2] INFO  c.e.auth.controller.BillController - 获取班级ID=5的所有学生账单
2025-04-23 20:28:42.770 [http-nio-8081-exec-2] INFO  c.e.a.service.impl.BillServiceImpl - 获取班级ID=5的所有学生账单
2025-04-23 20:28:43.125 [http-nio-8081-exec-2] WARN  c.e.auth.controller.BillController - 班级不存在: 班级不存在
2025-04-23 20:28:43.451 [http-nio-8081-exec-8] INFO  c.e.auth.controller.BillController - 获取教师ID=3管理的所有班级学生账单
2025-04-23 20:28:43.451 [http-nio-8081-exec-8] INFO  c.e.a.service.impl.BillServiceImpl - 获取教师ID=3管理的所有班级学生账单
2025-04-23 20:28:44.101 [http-nio-8081-exec-8] INFO  c.e.a.service.impl.BillServiceImpl - 教师ID=3管理的班级有2名学生
2025-04-23 20:28:59.184 [http-nio-8081-exec-1] INFO  c.e.auth.controller.BillController - 获取班级ID=5的所有学生账单
2025-04-23 20:28:59.184 [http-nio-8081-exec-1] INFO  c.e.a.service.impl.BillServiceImpl - 获取班级ID=5的所有学生账单
2025-04-23 20:28:59.482 [http-nio-8081-exec-1] WARN  c.e.auth.controller.BillController - 班级不存在: 班级不存在
2025-04-23 20:28:59.491 [http-nio-8081-exec-10] INFO  c.e.auth.controller.BillController - 获取教师ID=3管理的所有班级学生账单
2025-04-23 20:28:59.491 [http-nio-8081-exec-10] INFO  c.e.a.service.impl.BillServiceImpl - 获取教师ID=3管理的所有班级学生账单
2025-04-23 20:29:00.172 [http-nio-8081-exec-10] INFO  c.e.a.service.impl.BillServiceImpl - 教师ID=3管理的班级有2名学生
2025-04-23 20:29:20.996 [http-nio-8081-exec-9] INFO  c.e.auth.controller.BillController - 获取班级ID=5的所有学生账单
2025-04-23 20:29:20.996 [http-nio-8081-exec-9] INFO  c.e.a.service.impl.BillServiceImpl - 获取班级ID=5的所有学生账单
2025-04-23 20:29:21.331 [http-nio-8081-exec-9] WARN  c.e.auth.controller.BillController - 班级不存在: 班级不存在
2025-04-23 20:29:21.652 [http-nio-8081-exec-4] INFO  c.e.auth.controller.BillController - 获取教师ID=3管理的所有班级学生账单
2025-04-23 20:29:21.652 [http-nio-8081-exec-4] INFO  c.e.a.service.impl.BillServiceImpl - 获取教师ID=3管理的所有班级学生账单
2025-04-23 20:29:22.321 [http-nio-8081-exec-4] INFO  c.e.a.service.impl.BillServiceImpl - 教师ID=3管理的班级有2名学生
2025-04-23 20:29:33.862 [http-nio-8081-exec-8] INFO  c.e.auth.config.WebSocketConfig - 收到STOMP CONNECT命令
2025-04-23 20:29:33.862 [http-nio-8081-exec-8] INFO  c.e.auth.config.WebSocketConfig - 从WebSocket连接中提取到JWT Token: eyJhbGciOi...
2025-04-23 20:29:33.863 [http-nio-8081-exec-8] INFO  c.e.auth.config.WebSocketConfig - 从JWT Token提取的用户ID: 4
2025-04-23 20:29:33.863 [http-nio-8081-exec-8] INFO  c.e.auth.config.WebSocketConfig - WebSocket连接成功设置用户ID为Principal: 4
2025-04-23 20:29:35.313 [http-nio-8081-exec-6] INFO  c.e.auth.config.WebSocketConfig - 收到STOMP CONNECT命令
2025-04-23 20:29:35.313 [http-nio-8081-exec-6] INFO  c.e.auth.config.WebSocketConfig - 从WebSocket连接中提取到JWT Token: eyJhbGciOi...
2025-04-23 20:29:35.313 [http-nio-8081-exec-6] INFO  c.e.auth.config.WebSocketConfig - 从JWT Token提取的用户ID: 2
2025-04-23 20:29:35.314 [http-nio-8081-exec-6] INFO  c.e.auth.config.WebSocketConfig - WebSocket连接成功设置用户ID为Principal: 2
2025-04-23 20:29:36.967 [http-nio-8081-exec-9] INFO  c.e.auth.controller.BillController - 获取班级ID=5的所有学生账单
2025-04-23 20:29:36.967 [http-nio-8081-exec-9] INFO  c.e.a.service.impl.BillServiceImpl - 获取班级ID=5的所有学生账单
2025-04-23 20:29:37.055 [http-nio-8081-exec-8] INFO  c.e.auth.config.WebSocketConfig - 收到STOMP CONNECT命令
2025-04-23 20:29:37.055 [http-nio-8081-exec-8] INFO  c.e.auth.config.WebSocketConfig - 从WebSocket连接中提取到JWT Token: eyJhbGciOi...
2025-04-23 20:29:37.055 [http-nio-8081-exec-8] INFO  c.e.auth.config.WebSocketConfig - 从JWT Token提取的用户ID: 3
2025-04-23 20:29:37.056 [http-nio-8081-exec-8] INFO  c.e.auth.config.WebSocketConfig - WebSocket连接成功设置用户ID为Principal: 3
2025-04-23 20:29:37.292 [http-nio-8081-exec-9] WARN  c.e.auth.controller.BillController - 班级不存在: 班级不存在
2025-04-23 20:29:37.700 [http-nio-8081-exec-5] INFO  c.e.auth.controller.BillController - 获取教师ID=3管理的所有班级学生账单
2025-04-23 20:29:37.701 [http-nio-8081-exec-5] INFO  c.e.a.service.impl.BillServiceImpl - 获取教师ID=3管理的所有班级学生账单
2025-04-23 20:29:38.332 [http-nio-8081-exec-5] INFO  c.e.a.service.impl.BillServiceImpl - 教师ID=3管理的班级有2名学生
2025-04-23 20:30:18.050 [http-nio-8081-exec-2] INFO  c.e.auth.controller.BillController - 获取班级ID=5的所有学生账单
2025-04-23 20:30:18.050 [http-nio-8081-exec-2] INFO  c.e.a.service.impl.BillServiceImpl - 获取班级ID=5的所有学生账单
2025-04-23 20:30:18.391 [http-nio-8081-exec-2] WARN  c.e.auth.controller.BillController - 班级不存在: 班级不存在
2025-04-23 20:30:18.401 [http-nio-8081-exec-4] INFO  c.e.auth.controller.BillController - 获取教师ID=3管理的所有班级学生账单
2025-04-23 20:30:18.401 [http-nio-8081-exec-4] INFO  c.e.a.service.impl.BillServiceImpl - 获取教师ID=3管理的所有班级学生账单
2025-04-23 20:30:19.045 [http-nio-8081-exec-4] INFO  c.e.a.service.impl.BillServiceImpl - 教师ID=3管理的班级有2名学生
2025-04-23 20:30:48.263 [http-nio-8081-exec-10] INFO  c.e.auth.config.WebSocketConfig - 收到STOMP CONNECT命令
2025-04-23 20:30:48.263 [http-nio-8081-exec-10] INFO  c.e.auth.config.WebSocketConfig - 从WebSocket连接中提取到JWT Token: eyJhbGciOi...
2025-04-23 20:30:48.264 [http-nio-8081-exec-10] INFO  c.e.auth.config.WebSocketConfig - 从JWT Token提取的用户ID: 3
2025-04-23 20:30:48.264 [http-nio-8081-exec-10] INFO  c.e.auth.config.WebSocketConfig - WebSocket连接成功设置用户ID为Principal: 3
2025-04-23 20:31:42.251 [http-nio-8081-exec-6] INFO  c.e.auth.config.WebSocketConfig - 收到STOMP CONNECT命令
2025-04-23 20:31:42.252 [http-nio-8081-exec-6] INFO  c.e.auth.config.WebSocketConfig - 从WebSocket连接中提取到JWT Token: eyJhbGciOi...
2025-04-23 20:31:42.252 [http-nio-8081-exec-6] INFO  c.e.auth.config.WebSocketConfig - 从JWT Token提取的用户ID: 3
2025-04-23 20:31:42.252 [http-nio-8081-exec-6] INFO  c.e.auth.config.WebSocketConfig - WebSocket连接成功设置用户ID为Principal: 3
2025-04-23 20:34:35.421 [http-nio-8081-exec-1] INFO  c.e.auth.controller.BillController - 获取班级ID=1的所有学生账单
2025-04-23 20:34:35.422 [http-nio-8081-exec-1] INFO  c.e.a.service.impl.BillServiceImpl - 获取班级ID=1的所有学生账单
2025-04-23 20:34:35.830 [http-nio-8081-exec-1] INFO  c.e.a.service.impl.BillServiceImpl - 班级ID=1有1名学生
2025-04-23 20:43:15.528 [http-nio-8081-exec-5] INFO  c.e.auth.controller.BillController - 接收到账单生成请求: BillGenerateDTO(feeStandardId=2, studentIds=[1, 4], classId=null, dueDate=2025-04-27T16:00)
2025-04-23 20:43:15.638 [http-nio-8081-exec-5] INFO  c.e.a.service.impl.BillServiceImpl - 开始生成账单: BillGenerateDTO(feeStandardId=2, studentIds=[1, 4], classId=null, dueDate=2025-04-27T16:00)
2025-04-23 20:43:15.741 [http-nio-8081-exec-5] INFO  c.e.a.service.impl.BillServiceImpl - 已有该费用标准账单的学生数量: 0
2025-04-23 20:43:15.742 [http-nio-8081-exec-5] INFO  c.e.a.service.impl.BillServiceImpl - 按指定学生列表生成账单，学生数量: 2
2025-04-23 20:43:15.742 [http-nio-8081-exec-5] INFO  c.e.a.service.impl.BillServiceImpl - 处理前的目标学生数量: 2
2025-04-23 20:43:15.742 [http-nio-8081-exec-5] INFO  c.e.a.service.impl.BillServiceImpl - 已有账单的学生ID列表: []
2025-04-23 20:43:15.742 [http-nio-8081-exec-5] INFO  c.e.a.service.impl.BillServiceImpl - 移除已有账单的学生后，剩余学生数量: 2 (移除了0个)
2025-04-23 20:43:15.742 [http-nio-8081-exec-5] INFO  c.e.a.service.impl.BillServiceImpl - 需要生成账单的学生ID列表: [1, 4]
2025-04-23 20:43:15.846 [http-nio-8081-exec-5] INFO  c.e.a.service.impl.BillServiceImpl - 准备保存 2 个账单
2025-04-23 20:43:15.949 [http-nio-8081-exec-5] INFO  c.e.a.service.impl.BillServiceImpl - 成功保存 2 个账单
2025-04-23 20:43:16.048 [http-nio-8081-exec-5] INFO  c.e.auth.controller.BillController - 成功生成账单数量: 2
2025-04-23 20:47:09.320 [http-nio-8081-exec-9] INFO  c.e.auth.controller.BillController - 获取班级ID=1的所有学生账单
2025-04-23 20:47:09.320 [http-nio-8081-exec-9] INFO  c.e.a.service.impl.BillServiceImpl - 获取班级ID=1的所有学生账单
2025-04-23 20:47:09.721 [http-nio-8081-exec-9] INFO  c.e.a.service.impl.BillServiceImpl - 班级ID=1有1名学生
2025-04-23 20:47:32.527 [http-nio-8081-exec-3] INFO  c.e.auth.controller.BillController - 获取班级ID=1的所有学生账单
2025-04-23 20:47:32.527 [http-nio-8081-exec-3] INFO  c.e.a.service.impl.BillServiceImpl - 获取班级ID=1的所有学生账单
2025-04-23 20:47:32.862 [http-nio-8081-exec-3] INFO  c.e.a.service.impl.BillServiceImpl - 班级ID=1有1名学生
2025-04-23 20:48:12.879 [http-nio-8081-exec-9] INFO  c.e.auth.config.WebSocketConfig - 收到STOMP CONNECT命令
2025-04-23 20:48:12.879 [http-nio-8081-exec-9] INFO  c.e.auth.config.WebSocketConfig - 从WebSocket连接中提取到JWT Token: eyJhbGciOi...
2025-04-23 20:48:12.879 [http-nio-8081-exec-9] INFO  c.e.auth.config.WebSocketConfig - 从JWT Token提取的用户ID: 2
2025-04-23 20:48:12.879 [http-nio-8081-exec-9] INFO  c.e.auth.config.WebSocketConfig - WebSocket连接成功设置用户ID为Principal: 2
2025-04-23 20:48:24.252 [http-nio-8081-exec-8] INFO  c.e.auth.controller.BillController - 获取班级ID=1的所有学生账单
2025-04-23 20:48:24.253 [http-nio-8081-exec-8] INFO  c.e.a.service.impl.BillServiceImpl - 获取班级ID=1的所有学生账单
2025-04-23 20:48:24.677 [http-nio-8081-exec-8] INFO  c.e.a.service.impl.BillServiceImpl - 班级ID=1有1名学生
2025-04-23 20:48:36.804 [http-nio-8081-exec-3] INFO  c.e.auth.controller.BillController - 获取班级ID=2的所有学生账单
2025-04-23 20:48:36.805 [http-nio-8081-exec-3] INFO  c.e.a.service.impl.BillServiceImpl - 获取班级ID=2的所有学生账单
2025-04-23 20:48:37.170 [http-nio-8081-exec-3] INFO  c.e.a.service.impl.BillServiceImpl - 班级ID=2有1名学生
2025-04-23 20:48:38.286 [http-nio-8081-exec-4] INFO  c.e.auth.controller.BillController - 获取班级ID=1的所有学生账单
2025-04-23 20:48:38.286 [http-nio-8081-exec-4] INFO  c.e.a.service.impl.BillServiceImpl - 获取班级ID=1的所有学生账单
2025-04-23 20:48:38.686 [http-nio-8081-exec-4] INFO  c.e.a.service.impl.BillServiceImpl - 班级ID=1有1名学生
2025-04-23 20:48:47.023 [http-nio-8081-exec-10] INFO  c.e.auth.controller.BillController - 接收到账单支付请求: 账单ID=10, 支付方式=WECHAT
2025-04-23 20:48:47.449 [http-nio-8081-exec-6] INFO  c.e.auth.controller.BillController - 获取班级ID=1的所有学生账单
2025-04-23 20:48:47.449 [http-nio-8081-exec-6] INFO  c.e.a.service.impl.BillServiceImpl - 获取班级ID=1的所有学生账单
2025-04-23 20:48:47.837 [http-nio-8081-exec-6] INFO  c.e.a.service.impl.BillServiceImpl - 班级ID=1有1名学生
2025-04-23 20:52:53.016 [MessageBroker-14] INFO  o.s.w.s.c.WebSocketMessageBrokerStats - WebSocketSession[6 current WS(6)-HttpStream(0)-HttpPoll(0), 12 total, 0 closed abnormally (0 connect failure, 0 send limit, 0 transport error)], stompSubProtocol[processed CONNECT(12)-CONNECTED(12)-DISCONNECT(0)], stompBrokerRelay[null], inboundChannel[pool size = 0, active threads = 0, queued tasks = 0, completed tasks = 162], outboundChannel[pool size = 0, active threads = 0, queued tasks = 0, completed tasks = 18], sockJsScheduler[pool size = 14, active threads = 1, queued tasks = 7, completed tasks = 759]
2025-04-23 20:54:08.109 [SpringApplicationShutdownHook] INFO  o.s.m.s.b.SimpleBrokerMessageHandler - Stopping...
2025-04-23 20:54:08.110 [SpringApplicationShutdownHook] INFO  o.s.m.s.b.SimpleBrokerMessageHandler - BrokerAvailabilityEvent[available=false, SimpleBrokerMessageHandler [org.springframework.messaging.simp.broker.DefaultSubscriptionRegistry@7f6469b1]]
2025-04-23 20:54:08.110 [SpringApplicationShutdownHook] INFO  o.s.m.s.b.SimpleBrokerMessageHandler - Stopped.
2025-04-23 20:54:13.456 [main] INFO  com.example.auth.AuthApplication - Starting AuthApplication using Java 17.0.12 with PID 50788 (C:\Users\37602\Desktop\s_m\Manage_supervision\backend\target\classes started by 37602 in C:\Users\37602\Desktop\s_m)
2025-04-23 20:54:13.458 [main] INFO  com.example.auth.AuthApplication - No active profile set, falling back to 1 default profile: "default"
2025-04-23 20:54:13.923 [main] INFO  o.s.d.r.c.RepositoryConfigurationDelegate - Bootstrapping Spring Data JPA repositories in DEFAULT mode.
2025-04-23 20:54:14.011 [main] INFO  o.s.d.r.c.RepositoryConfigurationDelegate - Finished Spring Data repository scanning in 81 ms. Found 21 JPA repository interfaces.
2025-04-23 20:54:14.358 [main] INFO  o.s.b.w.e.tomcat.TomcatWebServer - Tomcat initialized with port 8081 (http)
2025-04-23 20:54:14.413 [main] INFO  o.s.b.w.s.c.ServletWebServerApplicationContext - Root WebApplicationContext: initialization completed in 923 ms
2025-04-23 20:54:19.684 [main] INFO  o.s.d.j.r.query.QueryEnhancerFactory - Hibernate is in classpath; If applicable, HQL parser will be used.
2025-04-23 20:54:21.509 [main] INFO  c.e.auth.config.WebSocketConfig - 配置WebSocket客户端入站通道拦截器
2025-04-23 20:54:21.511 [main] INFO  c.e.auth.config.WebSocketConfig - WebSocket客户端入站通道拦截器配置完成
2025-04-23 20:54:21.516 [main] INFO  c.e.auth.config.WebSocketConfig - 配置WebSocket消息代理
2025-04-23 20:54:21.517 [main] INFO  c.e.auth.config.WebSocketConfig - WebSocket消息代理配置完成
2025-04-23 20:54:21.701 [main] INFO  c.e.auth.config.WebSocketConfig - 注册WebSocket端点: /ws
2025-04-23 20:54:21.759 [main] WARN  o.s.b.a.o.j.JpaBaseConfiguration$JpaWebConfiguration - spring.jpa.open-in-view is enabled by default. Therefore, database queries may be performed during view rendering. Explicitly configure spring.jpa.open-in-view to disable this warning
2025-04-23 20:54:21.803 [main] INFO  com.example.auth.config.WebConfig - 配置拦截器，验证用户权限
2025-04-23 20:54:21.805 [main] INFO  com.example.auth.config.WebConfig - 配置CORS，允许前端访问
2025-04-23 20:54:21.806 [main] INFO  com.example.auth.config.WebConfig - CORS配置完成，允许所有来源访问
2025-04-23 20:54:21.895 [main] INFO  com.example.auth.config.WebConfig - 配置资源映射: /uploads/** -> file:C:\Users\37602\Desktop\s_m\uploads/
2025-04-23 20:54:22.008 [main] INFO  o.s.b.w.e.tomcat.TomcatWebServer - Tomcat started on port 8081 (http) with context path ''
2025-04-23 20:54:22.009 [main] INFO  o.s.m.s.b.SimpleBrokerMessageHandler - Starting...
2025-04-23 20:54:22.009 [main] INFO  o.s.m.s.b.SimpleBrokerMessageHandler - BrokerAvailabilityEvent[available=true, SimpleBrokerMessageHandler [org.springframework.messaging.simp.broker.DefaultSubscriptionRegistry@218e188e]]
2025-04-23 20:54:22.009 [main] INFO  o.s.m.s.b.SimpleBrokerMessageHandler - Started.
2025-04-23 20:54:22.013 [main] INFO  com.example.auth.AuthApplication - Started AuthApplication in 8.919 seconds (process running for 9.353)
2025-04-23 20:54:24.211 [http-nio-8081-exec-1] INFO  o.s.web.servlet.DispatcherServlet - Initializing Servlet 'dispatcherServlet'
2025-04-23 20:54:24.212 [http-nio-8081-exec-1] INFO  o.s.web.servlet.DispatcherServlet - Completed initialization in 1 ms
2025-04-23 20:54:24.330 [http-nio-8081-exec-8] INFO  c.e.auth.config.WebSocketConfig - 收到STOMP CONNECT命令
2025-04-23 20:54:24.330 [http-nio-8081-exec-8] INFO  c.e.auth.config.WebSocketConfig - 从WebSocket连接中提取到JWT Token: eyJhbGciOi...
2025-04-23 20:54:24.419 [http-nio-8081-exec-8] INFO  c.e.auth.config.WebSocketConfig - 从JWT Token提取的用户ID: 4
2025-04-23 20:54:24.419 [http-nio-8081-exec-8] INFO  c.e.auth.config.WebSocketConfig - WebSocket连接成功设置用户ID为Principal: 4
2025-04-23 20:54:24.579 [http-nio-8081-exec-6] INFO  c.e.auth.config.WebSocketConfig - 收到STOMP CONNECT命令
2025-04-23 20:54:24.580 [http-nio-8081-exec-6] INFO  c.e.auth.config.WebSocketConfig - 从WebSocket连接中提取到JWT Token: eyJhbGciOi...
2025-04-23 20:54:24.581 [http-nio-8081-exec-6] INFO  c.e.auth.config.WebSocketConfig - 从JWT Token提取的用户ID: 3
2025-04-23 20:54:24.581 [http-nio-8081-exec-6] INFO  c.e.auth.config.WebSocketConfig - WebSocket连接成功设置用户ID为Principal: 3
2025-04-23 20:54:25.549 [http-nio-8081-exec-4] INFO  c.e.auth.config.WebSocketConfig - 收到STOMP CONNECT命令
2025-04-23 20:54:25.549 [http-nio-8081-exec-4] INFO  c.e.auth.config.WebSocketConfig - 从WebSocket连接中提取到JWT Token: eyJhbGciOi...
2025-04-23 20:54:25.551 [http-nio-8081-exec-4] INFO  c.e.auth.config.WebSocketConfig - 从JWT Token提取的用户ID: 2
2025-04-23 20:54:25.552 [http-nio-8081-exec-4] INFO  c.e.auth.config.WebSocketConfig - WebSocket连接成功设置用户ID为Principal: 2
2025-04-23 20:54:26.408 [http-nio-8081-exec-2] INFO  c.e.auth.config.WebSocketConfig - 收到STOMP CONNECT命令
2025-04-23 20:54:26.409 [http-nio-8081-exec-2] INFO  c.e.auth.config.WebSocketConfig - 从WebSocket连接中提取到JWT Token: eyJhbGciOi...
2025-04-23 20:54:26.410 [http-nio-8081-exec-2] INFO  c.e.auth.config.WebSocketConfig - 从JWT Token提取的用户ID: 3
2025-04-23 20:54:26.411 [http-nio-8081-exec-2] INFO  c.e.auth.config.WebSocketConfig - WebSocket连接成功设置用户ID为Principal: 3
2025-04-23 20:54:27.198 [http-nio-8081-exec-8] INFO  c.e.auth.controller.BillController - 获取班级ID=1的所有学生账单
2025-04-23 20:54:27.198 [http-nio-8081-exec-8] INFO  c.e.a.service.impl.BillServiceImpl - 获取班级ID=1的所有学生账单
2025-04-23 20:54:27.589 [http-nio-8081-exec-8] INFO  c.e.a.service.impl.BillServiceImpl - 班级ID=1有1名学生
2025-04-23 20:54:30.633 [http-nio-8081-exec-10] INFO  c.e.auth.controller.BillController - 获取班级ID=2的所有学生账单
2025-04-23 20:54:30.633 [http-nio-8081-exec-10] INFO  c.e.a.service.impl.BillServiceImpl - 获取班级ID=2的所有学生账单
2025-04-23 20:54:31.049 [http-nio-8081-exec-10] INFO  c.e.a.service.impl.BillServiceImpl - 班级ID=2有1名学生
2025-04-23 20:54:32.383 [http-nio-8081-exec-5] INFO  c.e.auth.controller.BillController - 获取班级ID=1的所有学生账单
2025-04-23 20:54:32.383 [http-nio-8081-exec-5] INFO  c.e.a.service.impl.BillServiceImpl - 获取班级ID=1的所有学生账单
2025-04-23 20:54:32.822 [http-nio-8081-exec-5] INFO  c.e.a.service.impl.BillServiceImpl - 班级ID=1有1名学生
2025-04-23 20:54:38.504 [http-nio-8081-exec-10] INFO  c.e.auth.config.WebSocketConfig - 收到STOMP CONNECT命令
2025-04-23 20:54:38.504 [http-nio-8081-exec-10] INFO  c.e.auth.config.WebSocketConfig - 从WebSocket连接中提取到JWT Token: eyJhbGciOi...
2025-04-23 20:54:38.504 [http-nio-8081-exec-10] INFO  c.e.auth.config.WebSocketConfig - 从JWT Token提取的用户ID: 4
2025-04-23 20:54:38.504 [http-nio-8081-exec-10] INFO  c.e.auth.config.WebSocketConfig - WebSocket连接成功设置用户ID为Principal: 4
2025-04-23 20:55:13.969 [http-nio-8081-exec-5] INFO  c.e.auth.controller.BillController - 获取班级ID=1的所有学生账单
2025-04-23 20:55:13.970 [http-nio-8081-exec-5] INFO  c.e.a.service.impl.BillServiceImpl - 获取班级ID=1的所有学生账单
2025-04-23 20:55:14.363 [http-nio-8081-exec-5] INFO  c.e.a.service.impl.BillServiceImpl - 班级ID=1有1名学生
2025-04-23 20:55:22.006 [MessageBroker-6] INFO  o.s.w.s.c.WebSocketMessageBrokerStats - WebSocketSession[3 current WS(3)-HttpStream(0)-HttpPoll(0), 5 total, 0 closed abnormally (0 connect failure, 0 send limit, 0 transport error)], stompSubProtocol[processed CONNECT(5)-CONNECTED(5)-DISCONNECT(0)], stompBrokerRelay[null], inboundChannel[pool size = 28, active threads = 0, queued tasks = 0, completed tasks = 57], outboundChannel[pool size = 7, active threads = 0, queued tasks = 0, completed tasks = 7], sockJsScheduler[pool size = 14, active threads = 1, queued tasks = 4, completed tasks = 17]
2025-05-25 15:18:25.660 [main] INFO  com.example.auth.AuthApplication - Starting AuthApplication using Java 17.0.12 with PID 58640 (C:\Users\37602\Desktop\template\Manage_supervision\backend\target\classes started by 37602 in C:\Users\37602\Desktop\template)
2025-05-25 15:18:25.663 [main] INFO  com.example.auth.AuthApplication - No active profile set, falling back to 1 default profile: "default"
2025-05-25 15:18:26.463 [main] INFO  o.s.d.r.c.RepositoryConfigurationDelegate - Bootstrapping Spring Data JPA repositories in DEFAULT mode.
2025-05-25 15:18:26.602 [main] INFO  o.s.d.r.c.RepositoryConfigurationDelegate - Finished Spring Data repository scanning in 131 ms. Found 26 JPA repository interfaces.
2025-05-25 15:18:27.184 [main] INFO  o.s.b.w.e.tomcat.TomcatWebServer - Tomcat initialized with port 8081 (http)
2025-05-25 15:18:27.250 [main] INFO  o.s.b.w.s.c.ServletWebServerApplicationContext - Root WebApplicationContext: initialization completed in 1538 ms
2025-05-25 15:18:33.822 [main] INFO  o.s.d.j.r.query.QueryEnhancerFactory - Hibernate is in classpath; If applicable, HQL parser will be used.
2025-05-25 15:18:36.523 [main] INFO  c.e.auth.config.WebSocketConfig - 配置WebSocket客户端入站通道拦截器
2025-05-25 15:18:36.525 [main] INFO  c.e.auth.config.WebSocketConfig - WebSocket客户端入站通道拦截器配置完成
2025-05-25 15:18:36.548 [main] INFO  c.e.auth.config.WebSocketConfig - 配置WebSocket消息代理
2025-05-25 15:18:36.550 [main] INFO  c.e.auth.config.WebSocketConfig - WebSocket消息代理配置完成
2025-05-25 15:18:36.953 [main] INFO  c.e.auth.config.WebSocketConfig - 注册WebSocket端点: /ws
2025-05-25 15:18:37.038 [main] WARN  o.s.b.a.o.j.JpaBaseConfiguration$JpaWebConfiguration - spring.jpa.open-in-view is enabled by default. Therefore, database queries may be performed during view rendering. Explicitly configure spring.jpa.open-in-view to disable this warning
2025-05-25 15:18:37.129 [main] INFO  com.example.auth.config.WebConfig - 配置拦截器，验证用户权限
2025-05-25 15:18:37.133 [main] INFO  com.example.auth.config.WebConfig - 配置CORS，允许前端访问
2025-05-25 15:18:37.134 [main] INFO  com.example.auth.config.WebConfig - CORS配置完成，允许所有来源访问
2025-05-25 15:18:37.248 [main] INFO  com.example.auth.config.WebConfig - 配置资源映射: /uploads/** -> file:C:\Users\37602\Desktop\template\uploads/
2025-05-25 15:18:37.478 [main] INFO  o.s.b.w.e.tomcat.TomcatWebServer - Tomcat started on port 8081 (http) with context path ''
2025-05-25 15:18:37.480 [main] INFO  o.s.m.s.b.SimpleBrokerMessageHandler - Starting...
2025-05-25 15:18:37.481 [main] INFO  o.s.m.s.b.SimpleBrokerMessageHandler - BrokerAvailabilityEvent[available=true, SimpleBrokerMessageHandler [org.springframework.messaging.simp.broker.DefaultSubscriptionRegistry@6a5fcb32]]
2025-05-25 15:18:37.481 [main] INFO  o.s.m.s.b.SimpleBrokerMessageHandler - Started.
2025-05-25 15:18:37.486 [main] INFO  com.example.auth.AuthApplication - Started AuthApplication in 12.29 seconds (process running for 12.981)
2025-05-25 15:18:43.310 [http-nio-8081-exec-1] INFO  o.s.web.servlet.DispatcherServlet - Initializing Servlet 'dispatcherServlet'
2025-05-25 15:18:43.312 [http-nio-8081-exec-1] INFO  o.s.web.servlet.DispatcherServlet - Completed initialization in 2 ms
2025-05-25 15:18:43.499 [http-nio-8081-exec-1] WARN  c.e.auth.aspect.OperationLogAspect - 当前用户未登录或未找到用户信息，无法记录操作日志
2025-05-25 15:18:44.496 [http-nio-8081-exec-2] WARN  c.e.auth.aspect.OperationLogAspect - 当前用户未登录或未找到用户信息，无法记录操作日志
2025-05-25 15:18:51.615 [http-nio-8081-exec-3] WARN  c.e.auth.aspect.OperationLogAspect - 当前用户未登录或未找到用户信息，无法记录操作日志
2025-05-25 15:18:52.234 [http-nio-8081-exec-4] INFO  c.e.auth.controller.FileController - 请求文件: /uploads/cc624d31-709b-46cb-9ec9-bddabb676ea9.png
2025-05-25 15:18:52.235 [http-nio-8081-exec-4] ERROR c.e.auth.controller.FileController - 文件未找到: cc624d31-709b-46cb-9ec9-bddabb676ea9.png
2025-05-25 15:18:52.235 [http-nio-8081-exec-4] WARN  c.e.auth.aspect.OperationLogAspect - 当前用户未登录或未找到用户信息，无法记录操作日志
2025-05-25 15:18:52.678 [http-nio-8081-exec-8] INFO  c.e.auth.config.WebSocketConfig - 收到STOMP CONNECT命令
2025-05-25 15:18:52.678 [http-nio-8081-exec-8] INFO  c.e.auth.config.WebSocketConfig - 从WebSocket连接中提取到JWT Token: eyJhbGciOi...
2025-05-25 15:18:52.679 [http-nio-8081-exec-8] INFO  c.e.auth.config.WebSocketConfig - 从JWT Token提取的用户ID: 2
2025-05-25 15:18:52.680 [http-nio-8081-exec-8] INFO  c.e.auth.config.WebSocketConfig - WebSocket连接成功设置用户ID为Principal: 2
2025-05-25 15:18:52.691 [clientInboundChannel-10] WARN  c.e.auth.aspect.OperationLogAspect - RequestContextHolder.getRequestAttributes() 返回 null，无法记录操作日志
2025-05-25 15:19:33.191 [http-nio-8081-exec-4] WARN  c.e.auth.aspect.OperationLogAspect - 当前用户未登录或未找到用户信息，无法记录操作日志
2025-05-25 15:19:37.461 [MessageBroker-8] INFO  o.s.w.s.c.WebSocketMessageBrokerStats - WebSocketSession[1 current WS(1)-HttpStream(0)-HttpPoll(0), 1 total, 0 closed abnormally (0 connect failure, 0 send limit, 0 transport error)], stompSubProtocol[processed CONNECT(1)-CONNECTED(1)-DISCONNECT(0)], stompBrokerRelay[null], inboundChannel[pool size = 12, active threads = 0, queued tasks = 0, completed tasks = 12], outboundChannel[pool size = 1, active threads = 0, queued tasks = 0, completed tasks = 1], sockJsScheduler[pool size = 14, active threads = 1, queued tasks = 2, completed tasks = 10]
2025-05-25 15:20:41.193 [http-nio-8081-exec-7] WARN  c.e.auth.aspect.OperationLogAspect - 当前用户未登录或未找到用户信息，无法记录操作日志
2025-05-25 15:20:41.545 [http-nio-8081-exec-8] WARN  c.e.auth.aspect.OperationLogAspect - 当前用户未登录或未找到用户信息，无法记录操作日志
2025-05-25 15:20:43.352 [http-nio-8081-exec-5] INFO  c.e.a.service.impl.UserServiceImpl - 根据角色获取用户列表: SUPERVISOR
2025-05-25 15:20:43.601 [http-nio-8081-exec-5] WARN  c.e.auth.aspect.OperationLogAspect - 当前用户未登录或未找到用户信息，无法记录操作日志
2025-05-25 15:20:43.912 [http-nio-8081-exec-9] WARN  c.e.auth.aspect.OperationLogAspect - 当前用户未登录或未找到用户信息，无法记录操作日志
2025-05-25 15:20:44.882 [http-nio-8081-exec-10] WARN  c.e.auth.aspect.OperationLogAspect - 当前用户未登录或未找到用户信息，无法记录操作日志
2025-05-25 15:20:44.900 [http-nio-8081-exec-6] WARN  c.e.auth.aspect.OperationLogAspect - 当前用户未登录或未找到用户信息，无法记录操作日志
2025-05-25 15:20:45.233 [http-nio-8081-exec-1] WARN  c.e.auth.aspect.OperationLogAspect - 当前用户未登录或未找到用户信息，无法记录操作日志
2025-05-25 15:20:45.494 [http-nio-8081-exec-2] WARN  c.e.auth.aspect.OperationLogAspect - 当前用户未登录或未找到用户信息，无法记录操作日志
2025-05-25 15:20:45.555 [http-nio-8081-exec-3] WARN  c.e.auth.aspect.OperationLogAspect - 当前用户未登录或未找到用户信息，无法记录操作日志
2025-05-25 15:20:45.817 [http-nio-8081-exec-4] WARN  c.e.auth.aspect.OperationLogAspect - 当前用户未登录或未找到用户信息，无法记录操作日志
2025-05-25 15:20:46.138 [http-nio-8081-exec-8] WARN  c.e.auth.aspect.OperationLogAspect - 当前用户未登录或未找到用户信息，无法记录操作日志
2025-05-25 15:20:46.149 [http-nio-8081-exec-5] WARN  c.e.auth.aspect.OperationLogAspect - 当前用户未登录或未找到用户信息，无法记录操作日志
2025-05-25 15:20:46.470 [http-nio-8081-exec-7] WARN  c.e.auth.aspect.OperationLogAspect - 当前用户未登录或未找到用户信息，无法记录操作日志
2025-05-25 15:20:46.475 [http-nio-8081-exec-9] WARN  c.e.auth.aspect.OperationLogAspect - 当前用户未登录或未找到用户信息，无法记录操作日志
2025-05-25 15:20:46.801 [http-nio-8081-exec-6] WARN  c.e.auth.aspect.OperationLogAspect - 当前用户未登录或未找到用户信息，无法记录操作日志
2025-05-25 15:20:47.122 [http-nio-8081-exec-1] WARN  c.e.auth.aspect.OperationLogAspect - 当前用户未登录或未找到用户信息，无法记录操作日志
2025-05-25 15:20:47.168 [http-nio-8081-exec-10] WARN  c.e.auth.aspect.OperationLogAspect - 当前用户未登录或未找到用户信息，无法记录操作日志
2025-05-25 15:20:47.446 [http-nio-8081-exec-2] WARN  c.e.auth.aspect.OperationLogAspect - 当前用户未登录或未找到用户信息，无法记录操作日志
2025-05-25 15:20:47.754 [http-nio-8081-exec-3] WARN  c.e.auth.aspect.OperationLogAspect - 当前用户未登录或未找到用户信息，无法记录操作日志
2025-05-25 15:49:37.474 [MessageBroker-14] INFO  o.s.w.s.c.WebSocketMessageBrokerStats - WebSocketSession[1 current WS(1)-HttpStream(0)-HttpPoll(0), 1 total, 0 closed abnormally (0 connect failure, 0 send limit, 0 transport error)], stompSubProtocol[processed CONNECT(1)-CONNECTED(1)-DISCONNECT(0)], stompBrokerRelay[null], inboundChannel[pool size = 0, active threads = 0, queued tasks = 0, completed tasks = 12], outboundChannel[pool size = 0, active threads = 0, queued tasks = 0, completed tasks = 1], sockJsScheduler[pool size = 14, active threads = 1, queued tasks = 2, completed tasks = 443]
2025-05-25 16:10:03.847 [SpringApplicationShutdownHook] INFO  o.s.m.s.b.SimpleBrokerMessageHandler - Stopping...
2025-05-25 16:10:03.848 [SpringApplicationShutdownHook] INFO  o.s.m.s.b.SimpleBrokerMessageHandler - BrokerAvailabilityEvent[available=false, SimpleBrokerMessageHandler [org.springframework.messaging.simp.broker.DefaultSubscriptionRegistry@6a5fcb32]]
2025-05-25 16:10:03.848 [SpringApplicationShutdownHook] INFO  o.s.m.s.b.SimpleBrokerMessageHandler - Stopped.
